-- phpMyAdmin SQL Dump
-- version 4.9.0.1
-- https://www.phpmyadmin.net/
--
-- Host: 127.0.0.1
-- Generation Time: Nov 02, 2019 at 06:59 PM
-- Server version: 10.3.16-MariaDB
-- PHP Version: 7.3.7

SET SQL_MODE = "NO_AUTO_VALUE_ON_ZERO";
SET AUTOCOMMIT = 0;
START TRANSACTION;
SET time_zone = "+00:00";


/*!40101 SET @OLD_CHARACTER_SET_CLIENT=@@CHARACTER_SET_CLIENT */;
/*!40101 SET @OLD_CHARACTER_SET_RESULTS=@@CHARACTER_SET_RESULTS */;
/*!40101 SET @OLD_COLLATION_CONNECTION=@@COLLATION_CONNECTION */;
/*!40101 SET NAMES utf8mb4 */;

--
-- Database: `doctorak`
--

-- --------------------------------------------------------

--
-- Table structure for table `analyses`
--

CREATE TABLE `analyses` (
  `id` bigint(20) UNSIGNED NOT NULL,
  `name` varchar(191) COLLATE utf8mb4_unicode_ci NOT NULL,
  `name_ar` varchar(191) COLLATE utf8mb4_unicode_ci DEFAULT NULL,
  `name_fr` varchar(191) COLLATE utf8mb4_unicode_ci DEFAULT NULL,
  `created_at` timestamp NULL DEFAULT NULL,
  `updated_at` timestamp NULL DEFAULT NULL
) ENGINE=InnoDB DEFAULT CHARSET=utf8mb4 COLLATE=utf8mb4_unicode_ci;

--
-- Dumping data for table `analyses`
--

INSERT INTO `analyses` (`id`, `name`, `name_ar`, `name_fr`, `created_at`, `updated_at`) VALUES
(1, 'analysis1', 'analysis1', 'analysis1', NULL, NULL),
(2, 'analysis2', 'analysis2', 'analysis2', NULL, NULL),
(3, 'analysis3', 'analysis3', 'analysis3', NULL, NULL),
(4, 'analysis4', 'analysis4', 'analysis4', NULL, NULL),
(5, 'analysis5', 'analysis5', 'analysis5', NULL, NULL);

-- --------------------------------------------------------

--
-- Table structure for table `api_histories`
--

CREATE TABLE `api_histories` (
  `id` bigint(20) UNSIGNED NOT NULL,
  `user_id` int(11) DEFAULT NULL,
  `api_id` int(11) DEFAULT NULL,
  `user_type` enum('1','2','3','4','5') COLLATE utf8mb4_unicode_ci DEFAULT NULL,
  `date` date DEFAULT NULL,
  `access_number` int(11) NOT NULL DEFAULT 0,
  `created_at` timestamp NULL DEFAULT NULL,
  `updated_at` timestamp NULL DEFAULT NULL
) ENGINE=InnoDB DEFAULT CHARSET=utf8mb4 COLLATE=utf8mb4_unicode_ci;

-- --------------------------------------------------------

--
-- Table structure for table `areas`
--

CREATE TABLE `areas` (
  `id` bigint(20) UNSIGNED NOT NULL,
  `name` varchar(191) COLLATE utf8mb4_unicode_ci NOT NULL,
  `name_ar` varchar(191) COLLATE utf8mb4_unicode_ci DEFAULT NULL,
  `name_fr` varchar(191) COLLATE utf8mb4_unicode_ci DEFAULT NULL,
  `created_at` timestamp NULL DEFAULT NULL,
  `updated_at` timestamp NULL DEFAULT NULL
) ENGINE=InnoDB DEFAULT CHARSET=utf8mb4 COLLATE=utf8mb4_unicode_ci;

--
-- Dumping data for table `areas`
--

INSERT INTO `areas` (`id`, `name`, `name_ar`, `name_fr`, `created_at`, `updated_at`) VALUES
(1, 'area1', 'area1', 'area1', NULL, NULL),
(2, 'area2', 'area2', 'area2', NULL, NULL),
(3, 'area3', 'area3', 'area3', NULL, NULL),
(4, 'area4', 'area4', 'area4', NULL, NULL),
(5, 'area5', 'area5', 'area5', NULL, NULL);

-- --------------------------------------------------------

--
-- Table structure for table `cities`
--

CREATE TABLE `cities` (
  `id` bigint(20) UNSIGNED NOT NULL,
  `name` varchar(191) COLLATE utf8mb4_unicode_ci NOT NULL,
  `name_ar` varchar(191) COLLATE utf8mb4_unicode_ci DEFAULT NULL,
  `name_fr` varchar(191) COLLATE utf8mb4_unicode_ci DEFAULT NULL,
  `created_at` timestamp NULL DEFAULT NULL,
  `updated_at` timestamp NULL DEFAULT NULL
) ENGINE=InnoDB DEFAULT CHARSET=utf8mb4 COLLATE=utf8mb4_unicode_ci;

--
-- Dumping data for table `cities`
--

INSERT INTO `cities` (`id`, `name`, `name_ar`, `name_fr`, `created_at`, `updated_at`) VALUES
(1, 'city1', 'city1', 'city1', NULL, NULL),
(2, 'city2', 'city2', 'city2', NULL, NULL),
(3, 'city3', 'city3', 'city3', NULL, NULL),
(4, 'city4', 'city4', 'city4', NULL, NULL),
(5, 'city5', 'city5', 'city5', NULL, NULL);

-- --------------------------------------------------------

--
-- Table structure for table `clinics`
--

CREATE TABLE `clinics` (
  `id` bigint(20) UNSIGNED NOT NULL,
  `photo` varchar(191) COLLATE utf8mb4_unicode_ci NOT NULL DEFAULT 'clinic.png',
  `phone` varchar(191) COLLATE utf8mb4_unicode_ci NOT NULL,
  `fees` varchar(191) COLLATE utf8mb4_unicode_ci NOT NULL,
  `city` varchar(191) COLLATE utf8mb4_unicode_ci NOT NULL,
  `area` varchar(191) COLLATE utf8mb4_unicode_ci NOT NULL,
  `lang` varchar(191) COLLATE utf8mb4_unicode_ci DEFAULT NULL,
  `latt` varchar(191) COLLATE utf8mb4_unicode_ci DEFAULT NULL,
  `waiting_time` int(11) NOT NULL DEFAULT 0,
  `active` tinyint(1) NOT NULL DEFAULT 0,
  `availability` tinyint(1) NOT NULL DEFAULT 1,
  `doctor_id` int(11) DEFAULT NULL,
  `available_days` int(11) NOT NULL DEFAULT 0,
  `created_at` timestamp NULL DEFAULT NULL,
  `updated_at` timestamp NULL DEFAULT NULL
) ENGINE=InnoDB DEFAULT CHARSET=utf8mb4 COLLATE=utf8mb4_unicode_ci;

--
-- Dumping data for table `clinics`
--

INSERT INTO `clinics` (`id`, `photo`, `phone`, `fees`, `city`, `area`, `lang`, `latt`, `waiting_time`, `active`, `availability`, `doctor_id`, `available_days`, `created_at`, `updated_at`) VALUES
(1, 'clinic.png', '1572370008', '24', '5', '1', '29.98952682289', '31.092363183757', 5, 1, 1, 4, 0, NULL, NULL),
(2, 'clinic.png', '1572370009', '15', '4', '2', '30.056995421435', '31.146251173447', 5, 1, 1, 91, 0, NULL, NULL),
(3, 'clinic.png', '1572370011', '45', '2', '3', '29.996836380714', '31.157046942673', 10, 1, 1, 42, 0, NULL, NULL),
(4, 'clinic.png', '1572370012', '27', '4', '5', '30.008433261693', '31.173320387986', 20, 1, 1, 4, 0, NULL, NULL),
(5, 'clinic.png', '1572370014', '19', '3', '5', '30.122796702054', '31.161945789031', 5, 1, 1, 55, 0, NULL, NULL),
(6, 'clinic.png', '1572370015', '19', '2', '5', '30.002819523018', '31.21856564671', 10, 1, 1, 64, 0, NULL, NULL),
(7, 'clinic.png', '1572370017', '28', '3', '1', '30.0774143717', '31.205623590426', 15, 1, 1, 76, 0, NULL, NULL),
(8, 'clinic.png', '1572370019', '40', '3', '3', '29.996232981195', '31.119499787524', 20, 1, 1, 98, 0, NULL, NULL),
(9, 'clinic.png', '1572370020', '38', '1', '2', '29.99482843205', '31.153786272791', 5, 1, 1, 34, 0, NULL, NULL),
(10, 'clinic.png', '1572370022', '45', '3', '4', '30.170715864684', '30.931606949625', 5, 1, 1, 21, 0, NULL, NULL),
(11, 'clinic.png', '1572370023', '18', '2', '3', '30.050160022352', '31.143007927952', 20, 1, 1, 70, 0, NULL, NULL),
(12, 'clinic.png', '1572370025', '12', '1', '4', '29.99809257437', '31.151635937945', 5, 1, 1, 95, 0, NULL, NULL),
(13, 'clinic.png', '1572370026', '8', '4', '3', '30.021892713671', '31.186493245552', 20, 1, 1, 67, 0, NULL, NULL),
(14, 'clinic.png', '1572370028', '7', '2', '4', '29.992690875598', '31.216307378081', 15, 1, 1, 54, 0, NULL, NULL),
(15, 'clinic.png', '1572370029', '23', '5', '2', '29.91418672272', '31.326047498467', 5, 1, 1, 3, 0, NULL, NULL),
(16, 'clinic.png', '1572370031', '14', '2', '2', '29.949128391998', '31.145786071431', 10, 1, 1, 100, 0, NULL, NULL),
(17, 'clinic.png', '1572370034', '14', '4', '4', '29.932957066128', '31.166936832823', 10, 1, 1, 2, 0, NULL, NULL),
(18, 'clinic.png', '1572370035', '18', '3', '3', '30.100630580174', '31.169970366041', 10, 1, 1, 87, 0, NULL, NULL),
(19, 'clinic.png', '1572370037', '16', '2', '4', '30.089875290218', '31.317736347123', 5, 1, 1, 21, 0, NULL, NULL),
(20, 'clinic.png', '1572370038', '40', '2', '3', '30.002447988341', '31.153063390794', 10, 1, 1, 40, 0, NULL, NULL),
(21, 'clinic.png', '1572370040', '18', '4', '3', '30.004282413264', '31.146024120991', 10, 1, 1, 48, 0, NULL, NULL),
(22, 'clinic.png', '1572370042', '36', '2', '3', '30.014577246846', '31.217662027995', 10, 1, 1, 71, 0, NULL, NULL),
(23, 'clinic.png', '1572370043', '48', '2', '1', '30.100591012307', '30.927887861553', 15, 1, 1, 77, 0, NULL, NULL),
(24, 'clinic.png', '1572370045', '17', '2', '1', '29.898052161444', '31.178055067012', 10, 1, 1, 67, 0, NULL, NULL),
(25, 'clinic.png', '1572370047', '14', '1', '1', '30.089979375043', '30.994052003441', 5, 1, 1, 61, 0, NULL, NULL),
(26, 'clinic.png', '1572370048', '19', '2', '2', '30.183750691628', '31.269552143966', 15, 1, 1, 7, 0, NULL, NULL),
(27, 'clinic.png', '1572370050', '12', '1', '5', '29.994054487305', '31.173548733337', 10, 1, 1, 43, 0, NULL, NULL),
(28, 'clinic.png', '1572370052', '26', '2', '4', '30.059009244751', '31.201439865239', 15, 1, 1, 75, 0, NULL, NULL),
(29, 'clinic.png', '1572370053', '34', '4', '2', '30.14326815564', '31.046973538837', 20, 1, 1, 20, 0, NULL, NULL),
(30, 'clinic.png', '1572370055', '30', '5', '2', '30.02409763946', '31.144306551508', 20, 1, 1, 6, 0, NULL, NULL),
(31, 'clinic.png', '1572370056', '33', '5', '3', '30.005234674953', '31.157051708076', 15, 1, 1, 62, 0, NULL, NULL),
(32, 'clinic.png', '1572370058', '46', '5', '5', '29.877075542166', '31.033576860622', 10, 1, 1, 64, 0, NULL, NULL),
(33, 'clinic.png', '1572370059', '32', '1', '4', '29.923697114545', '31.042056892381', 20, 1, 1, 63, 0, NULL, NULL),
(34, 'clinic.png', '1572370061', '6', '5', '1', '29.924621931227', '31.027172112786', 5, 1, 1, 95, 0, NULL, NULL),
(35, 'clinic.png', '1572370063', '26', '1', '4', '30.007646370956', '31.12613641059', 20, 1, 1, 7, 0, NULL, NULL),
(36, 'clinic.png', '1572370064', '19', '1', '2', '29.967256789546', '31.220004033816', 10, 1, 1, 85, 0, NULL, NULL),
(37, 'clinic.png', '1572370066', '42', '1', '1', '30.000964576614', '31.146388166536', 20, 1, 1, 52, 0, NULL, NULL),
(38, 'clinic.png', '1572370067', '7', '2', '2', '30.101627698443', '31.173097272976', 5, 1, 1, 59, 0, NULL, NULL),
(39, 'clinic.png', '1572370068', '7', '3', '2', '30.020173778809', '31.156136106494', 10, 1, 1, 96, 0, NULL, NULL),
(40, 'clinic.png', '1572370070', '25', '5', '3', '29.996899367469', '31.152519430762', 20, 1, 1, 27, 0, NULL, NULL),
(41, 'clinic.png', '1572370071', '40', '1', '2', '30.031393411592', '31.230368194941', 15, 1, 1, 49, 0, NULL, NULL),
(42, 'clinic.png', '1572370073', '23', '1', '2', '29.986342305147', '31.158415243526', 5, 1, 1, 32, 0, NULL, NULL),
(43, 'clinic.png', '1572370074', '23', '4', '3', '29.997080939085', '31.154679975644', 5, 1, 1, 40, 0, NULL, NULL),
(44, 'clinic.png', '1572370075', '40', '2', '5', '30.003932123267', '31.236342977727', 5, 1, 1, 38, 0, NULL, NULL),
(45, 'clinic.png', '1572370077', '36', '4', '3', '30.00320000763', '31.250817041344', 20, 1, 1, 40, 0, NULL, NULL),
(46, 'clinic.png', '1572370078', '42', '5', '2', '30.02183355531', '31.12059274401', 15, 1, 1, 32, 0, NULL, NULL),
(47, 'clinic.png', '1572370080', '47', '3', '1', '29.993449176748', '31.154150715516', 20, 1, 1, 92, 0, NULL, NULL),
(48, 'clinic.png', '1572370081', '48', '4', '1', '30.130870701352', '31.261370224585', 15, 1, 1, 26, 0, NULL, NULL),
(49, 'clinic.png', '1572370082', '29', '4', '4', '30.103201499907', '31.101530992256', 5, 1, 1, 61, 0, NULL, NULL),
(50, 'clinic.png', '1572370084', '37', '2', '3', '30.008802208571', '31.194644305758', 10, 1, 1, 16, 0, NULL, NULL),
(51, 'clinic.png', '1572370086', '50', '4', '1', '29.966438667716', '31.189339407081', 10, 1, 1, 100, 0, NULL, NULL),
(52, 'clinic.png', '1572370087', '17', '3', '1', '29.922839456133', '31.040522563009', 20, 1, 1, 22, 0, NULL, NULL),
(53, 'clinic.png', '1572370089', '18', '2', '1', '29.920426650121', '31.163825113787', 15, 1, 1, 33, 0, NULL, NULL),
(54, 'clinic.png', '1572370090', '44', '1', '1', '30.133078360417', '31.116260973494', 10, 1, 1, 63, 0, NULL, NULL),
(55, 'clinic.png', '1572370091', '11', '1', '4', '29.926054199916', '31.011870269369', 5, 1, 1, 14, 0, NULL, NULL),
(56, 'clinic.png', '1572370093', '9', '5', '5', '29.998411270967', '31.156031961998', 10, 1, 1, 48, 0, NULL, NULL),
(57, 'clinic.png', '1572370095', '16', '5', '4', '30.15982844398', '31.351506867479', 5, 1, 1, 92, 0, NULL, NULL),
(58, 'clinic.png', '1572370096', '6', '2', '4', '29.941957842909', '31.088821520787', 20, 1, 1, 59, 0, NULL, NULL),
(59, 'clinic.png', '1572370098', '6', '1', '3', '29.923689003342', '31.212812858016', 15, 1, 1, 57, 0, NULL, NULL),
(60, 'clinic.png', '1572370100', '27', '3', '3', '30.00228901111', '31.143047144523', 5, 1, 1, 78, 0, NULL, NULL),
(61, 'clinic.png', '1572370101', '17', '3', '3', '29.989375213329', '31.107742858557', 20, 1, 1, 83, 0, NULL, NULL),
(62, 'clinic.png', '1572370102', '15', '3', '3', '30.034055128505', '31.15038118877', 20, 1, 1, 4, 0, NULL, NULL),
(63, 'clinic.png', '1572370104', '28', '4', '3', '29.913532922917', '31.403875178853', 15, 1, 1, 71, 0, NULL, NULL),
(64, 'clinic.png', '1572370105', '27', '2', '1', '30.016669864799', '31.102136033304', 20, 1, 1, 66, 0, NULL, NULL),
(65, 'clinic.png', '1572370106', '7', '3', '5', '30.006578498893', '31.08987846887', 5, 1, 1, 96, 0, NULL, NULL),
(66, 'clinic.png', '1572370108', '37', '5', '1', '29.966807058306', '31.102829917281', 10, 1, 1, 79, 0, NULL, NULL),
(67, 'clinic.png', '1572370110', '29', '3', '3', '29.978697628411', '31.153144585292', 10, 1, 1, 67, 0, NULL, NULL),
(68, 'clinic.png', '1572370112', '47', '1', '5', '29.98539441773', '31.195177377842', 15, 1, 1, 68, 0, NULL, NULL),
(69, 'clinic.png', '1572370113', '27', '2', '4', '29.977419775877', '31.167076850842', 15, 1, 1, 2, 0, NULL, NULL),
(70, 'clinic.png', '1572370115', '37', '3', '1', '30.086478657968', '31.155355921634', 15, 1, 1, 25, 0, NULL, NULL),
(71, 'clinic.png', '1572370116', '7', '5', '1', '30.041300532446', '31.262100160652', 15, 1, 1, 61, 0, NULL, NULL),
(72, 'clinic.png', '1572370118', '44', '1', '3', '29.893633993475', '31.006683293433', 15, 1, 1, 45, 0, NULL, NULL),
(73, 'clinic.png', '1572370119', '48', '5', '5', '29.846627767055', '31.040185052725', 20, 1, 1, 25, 0, NULL, NULL),
(74, 'clinic.png', '1572370121', '14', '1', '4', '29.873985167858', '31.350919218197', 15, 1, 1, 48, 0, NULL, NULL),
(75, 'clinic.png', '1572370123', '31', '5', '5', '29.901106491255', '31.042627153432', 20, 1, 1, 47, 0, NULL, NULL),
(76, 'clinic.png', '1572370124', '38', '5', '4', '29.927133131603', '31.226127856983', 10, 1, 1, 17, 0, NULL, NULL),
(77, 'clinic.png', '1572370125', '14', '4', '1', '30.136384868528', '31.056156837793', 5, 1, 1, 65, 0, NULL, NULL),
(78, 'clinic.png', '1572370127', '19', '4', '2', '29.884990433834', '31.11814335104', 15, 1, 1, 69, 0, NULL, NULL),
(79, 'clinic.png', '1572370129', '15', '5', '2', '30.017063583614', '31.208121166346', 5, 1, 1, 48, 0, NULL, NULL),
(80, 'clinic.png', '1572370130', '26', '4', '2', '29.920027272588', '31.146347280896', 10, 1, 1, 26, 0, NULL, NULL),
(81, 'clinic.png', '1572370131', '20', '1', '3', '29.994561266783', '31.143031057747', 20, 1, 1, 31, 0, NULL, NULL),
(82, 'clinic.png', '1572370133', '39', '2', '1', '29.993604700956', '31.163167048912', 10, 1, 1, 60, 0, NULL, NULL),
(83, 'clinic.png', '1572370134', '48', '2', '5', '29.996550341041', '31.15280652847', 10, 1, 1, 51, 0, NULL, NULL),
(84, 'clinic.png', '1572370136', '24', '3', '1', '29.979679970434', '31.12852680047', 15, 1, 1, 40, 0, NULL, NULL),
(85, 'clinic.png', '1572370137', '27', '4', '4', '30.009440652843', '31.032488562621', 10, 1, 1, 54, 0, NULL, NULL),
(86, 'clinic.png', '1572370139', '36', '5', '2', '29.979010855176', '31.170716043404', 5, 1, 1, 21, 0, NULL, NULL),
(87, 'clinic.png', '1572370140', '14', '3', '1', '29.996322002011', '31.184961281891', 10, 1, 1, 52, 0, NULL, NULL),
(88, 'clinic.png', '1572370142', '5', '2', '2', '29.90927245885', '31.329297829604', 20, 1, 1, 94, 0, NULL, NULL),
(89, 'clinic.png', '1572370143', '10', '2', '5', '29.960943443384', '31.078452484093', 10, 1, 1, 45, 0, NULL, NULL),
(90, 'clinic.png', '1572370145', '23', '3', '5', '29.995947945751', '31.147562454512', 10, 1, 1, 1, 0, NULL, NULL),
(91, 'clinic.png', '1572370146', '42', '4', '1', '30.043770968461', '31.216791533465', 5, 1, 1, 36, 0, NULL, NULL),
(92, 'clinic.png', '1572370148', '46', '4', '5', '29.99300328241', '31.163637638414', 15, 1, 1, 12, 0, NULL, NULL),
(93, 'clinic.png', '1572370150', '32', '1', '5', '30.032900607415', '31.117842495828', 20, 1, 1, 8, 0, NULL, NULL),
(94, 'clinic.png', '1572370151', '32', '1', '3', '30.015139282541', '30.999127581155', 5, 1, 1, 56, 0, NULL, NULL),
(95, 'clinic.png', '1572370153', '18', '1', '1', '30.086878546922', '31.004304527244', 20, 1, 1, 28, 0, NULL, NULL),
(96, 'clinic.png', '1572370155', '38', '1', '4', '30.153481988563', '31.274340349919', 20, 1, 1, 38, 0, NULL, NULL),
(97, 'clinic.png', '1572370156', '47', '5', '5', '30.000759201001', '31.156713739404', 10, 1, 1, 20, 0, NULL, NULL),
(98, 'clinic.png', '1572370158', '48', '1', '1', '30.177871469128', '31.14641445158', 5, 1, 1, 37, 0, NULL, NULL),
(99, 'clinic.png', '1572370159', '21', '4', '5', '29.984182463068', '31.139403956244', 15, 1, 1, 32, 0, NULL, NULL),
(100, 'clinic.png', '1572370161', '15', '4', '5', '29.977406206832', '31.026771418216', 20, 1, 1, 32, 0, NULL, NULL);

-- --------------------------------------------------------

--
-- Table structure for table `clinic_orders`
--

CREATE TABLE `clinic_orders` (
  `id` bigint(20) UNSIGNED NOT NULL,
  `clinic_id` int(11) DEFAULT NULL,
  `patient_id` int(11) DEFAULT NULL,
  `part_id` int(11) DEFAULT NULL,
  `active` tinyint(1) NOT NULL DEFAULT 0,
  `reservation_number` int(11) NOT NULL,
  `type` enum('1','2','3') COLLATE utf8mb4_unicode_ci DEFAULT NULL,
  `notes` varchar(191) COLLATE utf8mb4_unicode_ci DEFAULT NULL,
  `date` date NOT NULL,
  `created_at` timestamp NULL DEFAULT NULL,
  `updated_at` timestamp NULL DEFAULT NULL
) ENGINE=InnoDB DEFAULT CHARSET=utf8mb4 COLLATE=utf8mb4_unicode_ci;

-- --------------------------------------------------------

--
-- Table structure for table `clinic_working_hours`
--

CREATE TABLE `clinic_working_hours` (
  `id` bigint(20) UNSIGNED NOT NULL,
  `clinic_id` int(11) DEFAULT NULL,
  `day` int(11) NOT NULL,
  `part1_from` time DEFAULT NULL,
  `part1_to` time DEFAULT NULL,
  `part2_from` time DEFAULT NULL,
  `part2_to` time DEFAULT NULL,
  `active` tinyint(1) NOT NULL DEFAULT 0,
  `reservation_number_1` int(11) NOT NULL,
  `reservation_number_2` int(11) NOT NULL,
  `created_at` timestamp NULL DEFAULT NULL,
  `updated_at` timestamp NULL DEFAULT NULL
) ENGINE=InnoDB DEFAULT CHARSET=utf8mb4 COLLATE=utf8mb4_unicode_ci;

--
-- Dumping data for table `clinic_working_hours`
--

INSERT INTO `clinic_working_hours` (`id`, `clinic_id`, `day`, `part1_from`, `part1_to`, `part2_from`, `part2_to`, `active`, `reservation_number_1`, `reservation_number_2`, `created_at`, `updated_at`) VALUES
(1, 1, 1, '09:00:00', '12:00:00', '16:00:00', '20:00:00', 1, 36, 48, NULL, NULL),
(2, 1, 2, '09:00:00', '12:00:00', '15:00:00', '20:00:00', 1, 36, 60, NULL, NULL),
(3, 1, 3, '09:00:00', '14:00:00', '16:00:00', '20:00:00', 1, 60, 48, NULL, NULL),
(4, 1, 4, '08:00:00', '12:00:00', '15:00:00', '21:00:00', 1, 48, 72, NULL, NULL),
(5, 1, 5, '08:00:00', '14:00:00', '15:00:00', '20:00:00', 1, 72, 60, NULL, NULL),
(6, 1, 6, '08:00:00', '13:00:00', '15:00:00', '21:00:00', 0, 60, 72, NULL, NULL),
(7, 1, 7, '08:00:00', '12:00:00', '15:00:00', '20:00:00', 0, 48, 60, NULL, NULL),
(8, 2, 1, '08:00:00', '12:00:00', '15:00:00', '20:00:00', 1, 48, 60, NULL, NULL),
(9, 2, 2, '09:00:00', '12:00:00', '16:00:00', '20:00:00', 1, 36, 48, NULL, NULL),
(10, 2, 3, '09:00:00', '13:00:00', '15:00:00', '20:00:00', 1, 48, 60, NULL, NULL),
(11, 2, 4, '09:00:00', '12:00:00', '15:00:00', '20:00:00', 1, 36, 60, NULL, NULL),
(12, 2, 5, '08:00:00', '12:00:00', '16:00:00', '21:00:00', 1, 48, 60, NULL, NULL),
(13, 2, 6, '09:00:00', '12:00:00', '15:00:00', '21:00:00', 0, 36, 72, NULL, NULL),
(14, 2, 7, '09:00:00', '14:00:00', '16:00:00', '21:00:00', 0, 60, 60, NULL, NULL),
(15, 3, 1, '08:00:00', '12:00:00', '15:00:00', '20:00:00', 1, 24, 30, NULL, NULL),
(16, 3, 2, '08:00:00', '14:00:00', '15:00:00', '21:00:00', 1, 36, 36, NULL, NULL),
(17, 3, 3, '08:00:00', '12:00:00', '15:00:00', '21:00:00', 1, 24, 36, NULL, NULL),
(18, 3, 4, '08:00:00', '12:00:00', '15:00:00', '21:00:00', 1, 24, 36, NULL, NULL),
(19, 3, 5, '08:00:00', '12:00:00', '15:00:00', '21:00:00', 1, 24, 36, NULL, NULL),
(20, 3, 6, '09:00:00', '14:00:00', '16:00:00', '21:00:00', 0, 30, 30, NULL, NULL),
(21, 3, 7, '08:00:00', '14:00:00', '16:00:00', '20:00:00', 0, 36, 24, NULL, NULL),
(22, 4, 1, '09:00:00', '14:00:00', '16:00:00', '20:00:00', 1, 15, 12, NULL, NULL),
(23, 4, 2, '08:00:00', '12:00:00', '15:00:00', '20:00:00', 1, 12, 15, NULL, NULL),
(24, 4, 3, '08:00:00', '14:00:00', '16:00:00', '20:00:00', 1, 18, 12, NULL, NULL),
(25, 4, 4, '08:00:00', '13:00:00', '15:00:00', '20:00:00', 1, 15, 15, NULL, NULL),
(26, 4, 5, '08:00:00', '12:00:00', '15:00:00', '20:00:00', 1, 12, 15, NULL, NULL),
(27, 4, 6, '08:00:00', '13:00:00', '16:00:00', '21:00:00', 0, 15, 15, NULL, NULL),
(28, 4, 7, '08:00:00', '12:00:00', '15:00:00', '21:00:00', 0, 12, 18, NULL, NULL),
(29, 5, 1, '08:00:00', '13:00:00', '16:00:00', '21:00:00', 1, 60, 60, NULL, NULL),
(30, 5, 2, '08:00:00', '13:00:00', '15:00:00', '21:00:00', 1, 60, 72, NULL, NULL),
(31, 5, 3, '09:00:00', '13:00:00', '16:00:00', '20:00:00', 1, 48, 48, NULL, NULL),
(32, 5, 4, '08:00:00', '12:00:00', '16:00:00', '20:00:00', 1, 48, 48, NULL, NULL),
(33, 5, 5, '08:00:00', '13:00:00', '16:00:00', '21:00:00', 1, 60, 60, NULL, NULL),
(34, 5, 6, '09:00:00', '12:00:00', '16:00:00', '21:00:00', 0, 36, 60, NULL, NULL),
(35, 5, 7, '09:00:00', '12:00:00', '16:00:00', '20:00:00', 0, 36, 48, NULL, NULL),
(36, 6, 1, '08:00:00', '13:00:00', '16:00:00', '20:00:00', 1, 30, 24, NULL, NULL),
(37, 6, 2, '09:00:00', '14:00:00', '16:00:00', '20:00:00', 1, 30, 24, NULL, NULL),
(38, 6, 3, '09:00:00', '14:00:00', '15:00:00', '21:00:00', 1, 30, 36, NULL, NULL),
(39, 6, 4, '09:00:00', '13:00:00', '16:00:00', '21:00:00', 1, 24, 30, NULL, NULL),
(40, 6, 5, '09:00:00', '12:00:00', '15:00:00', '20:00:00', 1, 18, 30, NULL, NULL),
(41, 6, 6, '09:00:00', '12:00:00', '15:00:00', '20:00:00', 0, 18, 30, NULL, NULL),
(42, 6, 7, '09:00:00', '14:00:00', '15:00:00', '21:00:00', 0, 30, 36, NULL, NULL),
(43, 7, 1, '08:00:00', '12:00:00', '16:00:00', '20:00:00', 1, 16, 16, NULL, NULL),
(44, 7, 2, '09:00:00', '12:00:00', '15:00:00', '20:00:00', 1, 12, 20, NULL, NULL),
(45, 7, 3, '09:00:00', '13:00:00', '16:00:00', '21:00:00', 1, 16, 20, NULL, NULL),
(46, 7, 4, '09:00:00', '13:00:00', '15:00:00', '21:00:00', 1, 16, 24, NULL, NULL),
(47, 7, 5, '08:00:00', '13:00:00', '16:00:00', '21:00:00', 1, 20, 20, NULL, NULL),
(48, 7, 6, '08:00:00', '13:00:00', '16:00:00', '20:00:00', 0, 20, 16, NULL, NULL),
(49, 7, 7, '08:00:00', '13:00:00', '16:00:00', '21:00:00', 0, 20, 20, NULL, NULL),
(50, 8, 1, '09:00:00', '13:00:00', '15:00:00', '20:00:00', 1, 12, 15, NULL, NULL),
(51, 8, 2, '08:00:00', '12:00:00', '16:00:00', '21:00:00', 1, 12, 15, NULL, NULL),
(52, 8, 3, '08:00:00', '12:00:00', '15:00:00', '21:00:00', 1, 12, 18, NULL, NULL),
(53, 8, 4, '08:00:00', '14:00:00', '16:00:00', '21:00:00', 1, 18, 15, NULL, NULL),
(54, 8, 5, '09:00:00', '12:00:00', '16:00:00', '20:00:00', 1, 9, 12, NULL, NULL),
(55, 8, 6, '08:00:00', '13:00:00', '16:00:00', '20:00:00', 0, 15, 12, NULL, NULL),
(56, 8, 7, '09:00:00', '13:00:00', '15:00:00', '21:00:00', 0, 12, 18, NULL, NULL),
(57, 9, 1, '08:00:00', '12:00:00', '15:00:00', '21:00:00', 1, 48, 72, NULL, NULL),
(58, 9, 2, '08:00:00', '12:00:00', '16:00:00', '21:00:00', 1, 48, 60, NULL, NULL),
(59, 9, 3, '08:00:00', '14:00:00', '15:00:00', '21:00:00', 1, 72, 72, NULL, NULL),
(60, 9, 4, '09:00:00', '14:00:00', '15:00:00', '20:00:00', 1, 60, 60, NULL, NULL),
(61, 9, 5, '09:00:00', '13:00:00', '15:00:00', '20:00:00', 1, 48, 60, NULL, NULL),
(62, 9, 6, '09:00:00', '12:00:00', '15:00:00', '20:00:00', 0, 36, 60, NULL, NULL),
(63, 9, 7, '09:00:00', '12:00:00', '16:00:00', '21:00:00', 0, 36, 60, NULL, NULL),
(64, 10, 1, '08:00:00', '13:00:00', '16:00:00', '21:00:00', 1, 60, 60, NULL, NULL),
(65, 10, 2, '09:00:00', '13:00:00', '15:00:00', '20:00:00', 1, 48, 60, NULL, NULL),
(66, 10, 3, '09:00:00', '13:00:00', '16:00:00', '20:00:00', 1, 48, 48, NULL, NULL),
(67, 10, 4, '09:00:00', '12:00:00', '15:00:00', '20:00:00', 1, 36, 60, NULL, NULL),
(68, 10, 5, '09:00:00', '13:00:00', '15:00:00', '21:00:00', 1, 48, 72, NULL, NULL),
(69, 10, 6, '09:00:00', '12:00:00', '16:00:00', '21:00:00', 0, 36, 60, NULL, NULL),
(70, 10, 7, '08:00:00', '12:00:00', '15:00:00', '20:00:00', 0, 48, 60, NULL, NULL),
(71, 11, 1, '09:00:00', '14:00:00', '16:00:00', '20:00:00', 1, 15, 12, NULL, NULL),
(72, 11, 2, '08:00:00', '14:00:00', '15:00:00', '21:00:00', 1, 18, 18, NULL, NULL),
(73, 11, 3, '08:00:00', '12:00:00', '16:00:00', '20:00:00', 1, 12, 12, NULL, NULL),
(74, 11, 4, '08:00:00', '12:00:00', '16:00:00', '21:00:00', 1, 12, 15, NULL, NULL),
(75, 11, 5, '09:00:00', '14:00:00', '15:00:00', '21:00:00', 1, 15, 18, NULL, NULL),
(76, 11, 6, '08:00:00', '14:00:00', '15:00:00', '21:00:00', 0, 18, 18, NULL, NULL),
(77, 11, 7, '09:00:00', '12:00:00', '16:00:00', '21:00:00', 0, 9, 15, NULL, NULL),
(78, 12, 1, '08:00:00', '14:00:00', '15:00:00', '20:00:00', 1, 72, 60, NULL, NULL),
(79, 12, 2, '08:00:00', '13:00:00', '16:00:00', '20:00:00', 1, 60, 48, NULL, NULL),
(80, 12, 3, '09:00:00', '14:00:00', '16:00:00', '21:00:00', 1, 60, 60, NULL, NULL),
(81, 12, 4, '08:00:00', '14:00:00', '15:00:00', '20:00:00', 1, 72, 60, NULL, NULL),
(82, 12, 5, '08:00:00', '13:00:00', '16:00:00', '21:00:00', 1, 60, 60, NULL, NULL),
(83, 12, 6, '08:00:00', '12:00:00', '15:00:00', '20:00:00', 0, 48, 60, NULL, NULL),
(84, 12, 7, '08:00:00', '14:00:00', '16:00:00', '20:00:00', 0, 72, 48, NULL, NULL),
(85, 13, 1, '09:00:00', '14:00:00', '15:00:00', '20:00:00', 1, 15, 15, NULL, NULL),
(86, 13, 2, '09:00:00', '13:00:00', '16:00:00', '20:00:00', 1, 12, 12, NULL, NULL),
(87, 13, 3, '08:00:00', '12:00:00', '16:00:00', '20:00:00', 1, 12, 12, NULL, NULL),
(88, 13, 4, '08:00:00', '14:00:00', '16:00:00', '21:00:00', 1, 18, 15, NULL, NULL),
(89, 13, 5, '09:00:00', '12:00:00', '15:00:00', '21:00:00', 1, 9, 18, NULL, NULL),
(90, 13, 6, '09:00:00', '12:00:00', '15:00:00', '21:00:00', 0, 9, 18, NULL, NULL),
(91, 13, 7, '08:00:00', '12:00:00', '15:00:00', '20:00:00', 0, 12, 15, NULL, NULL),
(92, 14, 1, '08:00:00', '14:00:00', '15:00:00', '20:00:00', 1, 24, 20, NULL, NULL),
(93, 14, 2, '08:00:00', '12:00:00', '16:00:00', '20:00:00', 1, 16, 16, NULL, NULL),
(94, 14, 3, '09:00:00', '12:00:00', '15:00:00', '21:00:00', 1, 12, 24, NULL, NULL),
(95, 14, 4, '09:00:00', '13:00:00', '16:00:00', '21:00:00', 1, 16, 20, NULL, NULL),
(96, 14, 5, '08:00:00', '14:00:00', '15:00:00', '21:00:00', 1, 24, 24, NULL, NULL),
(97, 14, 6, '08:00:00', '14:00:00', '16:00:00', '21:00:00', 0, 24, 20, NULL, NULL),
(98, 14, 7, '08:00:00', '12:00:00', '15:00:00', '20:00:00', 0, 16, 20, NULL, NULL),
(99, 15, 1, '09:00:00', '14:00:00', '15:00:00', '20:00:00', 1, 60, 60, NULL, NULL),
(100, 15, 2, '09:00:00', '13:00:00', '16:00:00', '20:00:00', 1, 48, 48, NULL, NULL),
(101, 15, 3, '08:00:00', '14:00:00', '16:00:00', '20:00:00', 1, 72, 48, NULL, NULL),
(102, 15, 4, '08:00:00', '12:00:00', '15:00:00', '20:00:00', 1, 48, 60, NULL, NULL),
(103, 15, 5, '09:00:00', '13:00:00', '15:00:00', '20:00:00', 1, 48, 60, NULL, NULL),
(104, 15, 6, '08:00:00', '13:00:00', '15:00:00', '20:00:00', 0, 60, 60, NULL, NULL),
(105, 15, 7, '09:00:00', '14:00:00', '16:00:00', '20:00:00', 0, 60, 48, NULL, NULL),
(106, 16, 1, '08:00:00', '14:00:00', '15:00:00', '21:00:00', 1, 36, 36, NULL, NULL),
(107, 16, 2, '08:00:00', '14:00:00', '16:00:00', '20:00:00', 1, 36, 24, NULL, NULL),
(108, 16, 3, '09:00:00', '13:00:00', '15:00:00', '20:00:00', 1, 24, 30, NULL, NULL),
(109, 16, 4, '08:00:00', '12:00:00', '15:00:00', '21:00:00', 1, 24, 36, NULL, NULL),
(110, 16, 5, '09:00:00', '14:00:00', '15:00:00', '21:00:00', 1, 30, 36, NULL, NULL),
(111, 16, 6, '09:00:00', '14:00:00', '16:00:00', '20:00:00', 0, 30, 24, NULL, NULL),
(112, 16, 7, '08:00:00', '13:00:00', '15:00:00', '21:00:00', 0, 30, 36, NULL, NULL),
(113, 17, 1, '09:00:00', '13:00:00', '15:00:00', '20:00:00', 1, 24, 30, NULL, NULL),
(114, 17, 2, '08:00:00', '12:00:00', '16:00:00', '20:00:00', 1, 24, 24, NULL, NULL),
(115, 17, 3, '09:00:00', '13:00:00', '16:00:00', '20:00:00', 1, 24, 24, NULL, NULL),
(116, 17, 4, '08:00:00', '13:00:00', '15:00:00', '20:00:00', 1, 30, 30, NULL, NULL),
(117, 17, 5, '08:00:00', '13:00:00', '16:00:00', '20:00:00', 1, 30, 24, NULL, NULL),
(118, 17, 6, '09:00:00', '14:00:00', '15:00:00', '21:00:00', 0, 30, 36, NULL, NULL),
(119, 17, 7, '09:00:00', '12:00:00', '16:00:00', '21:00:00', 0, 18, 30, NULL, NULL),
(120, 18, 1, '08:00:00', '12:00:00', '15:00:00', '20:00:00', 1, 24, 30, NULL, NULL),
(121, 18, 2, '09:00:00', '14:00:00', '15:00:00', '20:00:00', 1, 30, 30, NULL, NULL),
(122, 18, 3, '08:00:00', '14:00:00', '15:00:00', '20:00:00', 1, 36, 30, NULL, NULL),
(123, 18, 4, '09:00:00', '12:00:00', '16:00:00', '20:00:00', 1, 18, 24, NULL, NULL),
(124, 18, 5, '08:00:00', '13:00:00', '15:00:00', '21:00:00', 1, 30, 36, NULL, NULL),
(125, 18, 6, '08:00:00', '12:00:00', '15:00:00', '20:00:00', 0, 24, 30, NULL, NULL),
(126, 18, 7, '08:00:00', '14:00:00', '15:00:00', '20:00:00', 0, 36, 30, NULL, NULL),
(127, 19, 1, '08:00:00', '13:00:00', '16:00:00', '20:00:00', 1, 60, 48, NULL, NULL),
(128, 19, 2, '09:00:00', '12:00:00', '15:00:00', '20:00:00', 1, 36, 60, NULL, NULL),
(129, 19, 3, '08:00:00', '13:00:00', '15:00:00', '21:00:00', 1, 60, 72, NULL, NULL),
(130, 19, 4, '09:00:00', '13:00:00', '15:00:00', '21:00:00', 1, 48, 72, NULL, NULL),
(131, 19, 5, '09:00:00', '14:00:00', '16:00:00', '21:00:00', 1, 60, 60, NULL, NULL),
(132, 19, 6, '09:00:00', '13:00:00', '15:00:00', '20:00:00', 0, 48, 60, NULL, NULL),
(133, 19, 7, '09:00:00', '13:00:00', '16:00:00', '20:00:00', 0, 48, 48, NULL, NULL),
(134, 20, 1, '08:00:00', '14:00:00', '15:00:00', '21:00:00', 1, 36, 36, NULL, NULL),
(135, 20, 2, '08:00:00', '12:00:00', '16:00:00', '20:00:00', 1, 24, 24, NULL, NULL),
(136, 20, 3, '08:00:00', '12:00:00', '15:00:00', '21:00:00', 1, 24, 36, NULL, NULL),
(137, 20, 4, '09:00:00', '14:00:00', '15:00:00', '21:00:00', 1, 30, 36, NULL, NULL),
(138, 20, 5, '09:00:00', '14:00:00', '15:00:00', '20:00:00', 1, 30, 30, NULL, NULL),
(139, 20, 6, '09:00:00', '13:00:00', '15:00:00', '21:00:00', 0, 24, 36, NULL, NULL),
(140, 20, 7, '08:00:00', '13:00:00', '16:00:00', '20:00:00', 0, 30, 24, NULL, NULL),
(141, 21, 1, '08:00:00', '13:00:00', '15:00:00', '21:00:00', 1, 30, 36, NULL, NULL),
(142, 21, 2, '08:00:00', '12:00:00', '16:00:00', '21:00:00', 1, 24, 30, NULL, NULL),
(143, 21, 3, '08:00:00', '14:00:00', '15:00:00', '20:00:00', 1, 36, 30, NULL, NULL),
(144, 21, 4, '08:00:00', '12:00:00', '16:00:00', '21:00:00', 1, 24, 30, NULL, NULL),
(145, 21, 5, '08:00:00', '13:00:00', '15:00:00', '20:00:00', 1, 30, 30, NULL, NULL),
(146, 21, 6, '08:00:00', '12:00:00', '15:00:00', '20:00:00', 0, 24, 30, NULL, NULL),
(147, 21, 7, '09:00:00', '14:00:00', '15:00:00', '20:00:00', 0, 30, 30, NULL, NULL),
(148, 22, 1, '08:00:00', '13:00:00', '15:00:00', '20:00:00', 1, 30, 30, NULL, NULL),
(149, 22, 2, '08:00:00', '12:00:00', '15:00:00', '21:00:00', 1, 24, 36, NULL, NULL),
(150, 22, 3, '09:00:00', '13:00:00', '16:00:00', '21:00:00', 1, 24, 30, NULL, NULL),
(151, 22, 4, '08:00:00', '13:00:00', '15:00:00', '21:00:00', 1, 30, 36, NULL, NULL),
(152, 22, 5, '09:00:00', '13:00:00', '15:00:00', '21:00:00', 1, 24, 36, NULL, NULL),
(153, 22, 6, '08:00:00', '14:00:00', '16:00:00', '21:00:00', 0, 36, 30, NULL, NULL),
(154, 22, 7, '09:00:00', '13:00:00', '16:00:00', '21:00:00', 0, 24, 30, NULL, NULL),
(155, 23, 1, '08:00:00', '13:00:00', '16:00:00', '21:00:00', 1, 20, 20, NULL, NULL),
(156, 23, 2, '08:00:00', '14:00:00', '16:00:00', '20:00:00', 1, 24, 16, NULL, NULL),
(157, 23, 3, '08:00:00', '14:00:00', '16:00:00', '20:00:00', 1, 24, 16, NULL, NULL),
(158, 23, 4, '08:00:00', '13:00:00', '16:00:00', '20:00:00', 1, 20, 16, NULL, NULL),
(159, 23, 5, '08:00:00', '14:00:00', '16:00:00', '20:00:00', 1, 24, 16, NULL, NULL),
(160, 23, 6, '09:00:00', '13:00:00', '15:00:00', '21:00:00', 0, 16, 24, NULL, NULL),
(161, 23, 7, '08:00:00', '12:00:00', '16:00:00', '21:00:00', 0, 16, 20, NULL, NULL),
(162, 24, 1, '09:00:00', '14:00:00', '16:00:00', '20:00:00', 1, 30, 24, NULL, NULL),
(163, 24, 2, '09:00:00', '13:00:00', '15:00:00', '21:00:00', 1, 24, 36, NULL, NULL),
(164, 24, 3, '09:00:00', '14:00:00', '16:00:00', '21:00:00', 1, 30, 30, NULL, NULL),
(165, 24, 4, '09:00:00', '13:00:00', '16:00:00', '21:00:00', 1, 24, 30, NULL, NULL),
(166, 24, 5, '08:00:00', '13:00:00', '15:00:00', '20:00:00', 1, 30, 30, NULL, NULL),
(167, 24, 6, '09:00:00', '12:00:00', '15:00:00', '20:00:00', 0, 18, 30, NULL, NULL),
(168, 24, 7, '09:00:00', '14:00:00', '16:00:00', '21:00:00', 0, 30, 30, NULL, NULL),
(169, 25, 1, '08:00:00', '14:00:00', '15:00:00', '21:00:00', 1, 72, 72, NULL, NULL),
(170, 25, 2, '09:00:00', '12:00:00', '16:00:00', '21:00:00', 1, 36, 60, NULL, NULL),
(171, 25, 3, '09:00:00', '12:00:00', '15:00:00', '20:00:00', 1, 36, 60, NULL, NULL),
(172, 25, 4, '09:00:00', '13:00:00', '15:00:00', '20:00:00', 1, 48, 60, NULL, NULL),
(173, 25, 5, '08:00:00', '14:00:00', '15:00:00', '21:00:00', 1, 72, 72, NULL, NULL),
(174, 25, 6, '08:00:00', '13:00:00', '16:00:00', '20:00:00', 0, 60, 48, NULL, NULL),
(175, 25, 7, '08:00:00', '12:00:00', '16:00:00', '20:00:00', 0, 48, 48, NULL, NULL),
(176, 26, 1, '08:00:00', '14:00:00', '15:00:00', '20:00:00', 1, 24, 20, NULL, NULL),
(177, 26, 2, '08:00:00', '14:00:00', '15:00:00', '20:00:00', 1, 24, 20, NULL, NULL),
(178, 26, 3, '09:00:00', '12:00:00', '16:00:00', '21:00:00', 1, 12, 20, NULL, NULL),
(179, 26, 4, '09:00:00', '13:00:00', '15:00:00', '21:00:00', 1, 16, 24, NULL, NULL),
(180, 26, 5, '09:00:00', '12:00:00', '15:00:00', '21:00:00', 1, 12, 24, NULL, NULL),
(181, 26, 6, '09:00:00', '14:00:00', '16:00:00', '20:00:00', 0, 20, 16, NULL, NULL),
(182, 26, 7, '08:00:00', '12:00:00', '16:00:00', '20:00:00', 0, 16, 16, NULL, NULL),
(183, 27, 1, '09:00:00', '14:00:00', '15:00:00', '20:00:00', 1, 30, 30, NULL, NULL),
(184, 27, 2, '09:00:00', '12:00:00', '16:00:00', '20:00:00', 1, 18, 24, NULL, NULL),
(185, 27, 3, '08:00:00', '12:00:00', '15:00:00', '21:00:00', 1, 24, 36, NULL, NULL),
(186, 27, 4, '09:00:00', '14:00:00', '16:00:00', '20:00:00', 1, 30, 24, NULL, NULL),
(187, 27, 5, '08:00:00', '14:00:00', '16:00:00', '20:00:00', 1, 36, 24, NULL, NULL),
(188, 27, 6, '09:00:00', '14:00:00', '16:00:00', '21:00:00', 0, 30, 30, NULL, NULL),
(189, 27, 7, '09:00:00', '14:00:00', '16:00:00', '21:00:00', 0, 30, 30, NULL, NULL),
(190, 28, 1, '09:00:00', '13:00:00', '16:00:00', '20:00:00', 1, 16, 16, NULL, NULL),
(191, 28, 2, '09:00:00', '12:00:00', '16:00:00', '20:00:00', 1, 12, 16, NULL, NULL),
(192, 28, 3, '09:00:00', '12:00:00', '16:00:00', '21:00:00', 1, 12, 20, NULL, NULL),
(193, 28, 4, '08:00:00', '14:00:00', '16:00:00', '20:00:00', 1, 24, 16, NULL, NULL),
(194, 28, 5, '09:00:00', '13:00:00', '15:00:00', '20:00:00', 1, 16, 20, NULL, NULL),
(195, 28, 6, '08:00:00', '13:00:00', '16:00:00', '20:00:00', 0, 20, 16, NULL, NULL),
(196, 28, 7, '08:00:00', '12:00:00', '15:00:00', '20:00:00', 0, 16, 20, NULL, NULL),
(197, 29, 1, '09:00:00', '12:00:00', '15:00:00', '20:00:00', 1, 9, 15, NULL, NULL),
(198, 29, 2, '09:00:00', '12:00:00', '15:00:00', '20:00:00', 1, 9, 15, NULL, NULL),
(199, 29, 3, '09:00:00', '12:00:00', '15:00:00', '21:00:00', 1, 9, 18, NULL, NULL),
(200, 29, 4, '09:00:00', '13:00:00', '16:00:00', '20:00:00', 1, 12, 12, NULL, NULL),
(201, 29, 5, '08:00:00', '13:00:00', '16:00:00', '20:00:00', 1, 15, 12, NULL, NULL),
(202, 29, 6, '08:00:00', '12:00:00', '15:00:00', '21:00:00', 0, 12, 18, NULL, NULL),
(203, 29, 7, '09:00:00', '14:00:00', '15:00:00', '21:00:00', 0, 15, 18, NULL, NULL),
(204, 30, 1, '09:00:00', '14:00:00', '15:00:00', '20:00:00', 1, 15, 15, NULL, NULL),
(205, 30, 2, '08:00:00', '13:00:00', '15:00:00', '21:00:00', 1, 15, 18, NULL, NULL),
(206, 30, 3, '08:00:00', '14:00:00', '15:00:00', '21:00:00', 1, 18, 18, NULL, NULL),
(207, 30, 4, '08:00:00', '13:00:00', '16:00:00', '20:00:00', 1, 15, 12, NULL, NULL),
(208, 30, 5, '09:00:00', '14:00:00', '15:00:00', '20:00:00', 1, 15, 15, NULL, NULL),
(209, 30, 6, '08:00:00', '14:00:00', '15:00:00', '20:00:00', 0, 18, 15, NULL, NULL),
(210, 30, 7, '09:00:00', '12:00:00', '16:00:00', '21:00:00', 0, 9, 15, NULL, NULL),
(211, 31, 1, '08:00:00', '13:00:00', '15:00:00', '21:00:00', 1, 20, 24, NULL, NULL),
(212, 31, 2, '08:00:00', '12:00:00', '15:00:00', '21:00:00', 1, 16, 24, NULL, NULL),
(213, 31, 3, '08:00:00', '13:00:00', '16:00:00', '20:00:00', 1, 20, 16, NULL, NULL),
(214, 31, 4, '09:00:00', '13:00:00', '15:00:00', '21:00:00', 1, 16, 24, NULL, NULL),
(215, 31, 5, '08:00:00', '12:00:00', '15:00:00', '20:00:00', 1, 16, 20, NULL, NULL),
(216, 31, 6, '09:00:00', '12:00:00', '16:00:00', '20:00:00', 0, 12, 16, NULL, NULL),
(217, 31, 7, '08:00:00', '13:00:00', '15:00:00', '21:00:00', 0, 20, 24, NULL, NULL),
(218, 32, 1, '09:00:00', '12:00:00', '15:00:00', '20:00:00', 1, 18, 30, NULL, NULL),
(219, 32, 2, '08:00:00', '13:00:00', '16:00:00', '20:00:00', 1, 30, 24, NULL, NULL),
(220, 32, 3, '09:00:00', '12:00:00', '15:00:00', '21:00:00', 1, 18, 36, NULL, NULL),
(221, 32, 4, '09:00:00', '13:00:00', '15:00:00', '20:00:00', 1, 24, 30, NULL, NULL),
(222, 32, 5, '09:00:00', '14:00:00', '16:00:00', '21:00:00', 1, 30, 30, NULL, NULL),
(223, 32, 6, '09:00:00', '13:00:00', '15:00:00', '21:00:00', 0, 24, 36, NULL, NULL),
(224, 32, 7, '09:00:00', '14:00:00', '15:00:00', '20:00:00', 0, 30, 30, NULL, NULL),
(225, 33, 1, '09:00:00', '12:00:00', '16:00:00', '21:00:00', 1, 9, 15, NULL, NULL),
(226, 33, 2, '09:00:00', '13:00:00', '15:00:00', '21:00:00', 1, 12, 18, NULL, NULL),
(227, 33, 3, '09:00:00', '12:00:00', '15:00:00', '20:00:00', 1, 9, 15, NULL, NULL),
(228, 33, 4, '08:00:00', '13:00:00', '15:00:00', '20:00:00', 1, 15, 15, NULL, NULL),
(229, 33, 5, '09:00:00', '13:00:00', '16:00:00', '21:00:00', 1, 12, 15, NULL, NULL),
(230, 33, 6, '08:00:00', '13:00:00', '15:00:00', '20:00:00', 0, 15, 15, NULL, NULL),
(231, 33, 7, '09:00:00', '14:00:00', '15:00:00', '20:00:00', 0, 15, 15, NULL, NULL),
(232, 34, 1, '08:00:00', '12:00:00', '15:00:00', '20:00:00', 1, 48, 60, NULL, NULL),
(233, 34, 2, '09:00:00', '14:00:00', '15:00:00', '21:00:00', 1, 60, 72, NULL, NULL),
(234, 34, 3, '09:00:00', '12:00:00', '15:00:00', '20:00:00', 1, 36, 60, NULL, NULL),
(235, 34, 4, '08:00:00', '12:00:00', '16:00:00', '20:00:00', 1, 48, 48, NULL, NULL),
(236, 34, 5, '08:00:00', '14:00:00', '16:00:00', '21:00:00', 1, 72, 60, NULL, NULL),
(237, 34, 6, '08:00:00', '12:00:00', '15:00:00', '20:00:00', 0, 48, 60, NULL, NULL),
(238, 34, 7, '09:00:00', '12:00:00', '15:00:00', '21:00:00', 0, 36, 72, NULL, NULL),
(239, 35, 1, '08:00:00', '13:00:00', '15:00:00', '21:00:00', 1, 15, 18, NULL, NULL),
(240, 35, 2, '08:00:00', '12:00:00', '15:00:00', '20:00:00', 1, 12, 15, NULL, NULL),
(241, 35, 3, '08:00:00', '14:00:00', '16:00:00', '21:00:00', 1, 18, 15, NULL, NULL),
(242, 35, 4, '08:00:00', '13:00:00', '15:00:00', '20:00:00', 1, 15, 15, NULL, NULL),
(243, 35, 5, '09:00:00', '13:00:00', '15:00:00', '20:00:00', 1, 12, 15, NULL, NULL),
(244, 35, 6, '09:00:00', '12:00:00', '15:00:00', '21:00:00', 0, 9, 18, NULL, NULL),
(245, 35, 7, '08:00:00', '13:00:00', '16:00:00', '21:00:00', 0, 15, 15, NULL, NULL),
(246, 36, 1, '09:00:00', '13:00:00', '16:00:00', '21:00:00', 1, 24, 30, NULL, NULL),
(247, 36, 2, '08:00:00', '14:00:00', '16:00:00', '20:00:00', 1, 36, 24, NULL, NULL),
(248, 36, 3, '09:00:00', '13:00:00', '16:00:00', '20:00:00', 1, 24, 24, NULL, NULL),
(249, 36, 4, '08:00:00', '12:00:00', '16:00:00', '20:00:00', 1, 24, 24, NULL, NULL),
(250, 36, 5, '08:00:00', '13:00:00', '16:00:00', '21:00:00', 1, 30, 30, NULL, NULL),
(251, 36, 6, '09:00:00', '13:00:00', '15:00:00', '20:00:00', 0, 24, 30, NULL, NULL),
(252, 36, 7, '09:00:00', '12:00:00', '15:00:00', '21:00:00', 0, 18, 36, NULL, NULL),
(253, 37, 1, '09:00:00', '12:00:00', '15:00:00', '21:00:00', 1, 9, 18, NULL, NULL),
(254, 37, 2, '09:00:00', '14:00:00', '16:00:00', '21:00:00', 1, 15, 15, NULL, NULL),
(255, 37, 3, '09:00:00', '14:00:00', '16:00:00', '21:00:00', 1, 15, 15, NULL, NULL),
(256, 37, 4, '08:00:00', '13:00:00', '16:00:00', '21:00:00', 1, 15, 15, NULL, NULL),
(257, 37, 5, '09:00:00', '13:00:00', '15:00:00', '21:00:00', 1, 12, 18, NULL, NULL),
(258, 37, 6, '08:00:00', '12:00:00', '15:00:00', '21:00:00', 0, 12, 18, NULL, NULL),
(259, 37, 7, '09:00:00', '13:00:00', '15:00:00', '21:00:00', 0, 12, 18, NULL, NULL),
(260, 38, 1, '09:00:00', '13:00:00', '15:00:00', '21:00:00', 1, 48, 72, NULL, NULL),
(261, 38, 2, '09:00:00', '12:00:00', '16:00:00', '20:00:00', 1, 36, 48, NULL, NULL),
(262, 38, 3, '09:00:00', '12:00:00', '16:00:00', '20:00:00', 1, 36, 48, NULL, NULL),
(263, 38, 4, '09:00:00', '13:00:00', '15:00:00', '21:00:00', 1, 48, 72, NULL, NULL),
(264, 38, 5, '09:00:00', '12:00:00', '15:00:00', '21:00:00', 1, 36, 72, NULL, NULL),
(265, 38, 6, '08:00:00', '12:00:00', '16:00:00', '20:00:00', 0, 48, 48, NULL, NULL),
(266, 38, 7, '09:00:00', '13:00:00', '16:00:00', '20:00:00', 0, 48, 48, NULL, NULL),
(267, 39, 1, '08:00:00', '12:00:00', '15:00:00', '20:00:00', 1, 24, 30, NULL, NULL),
(268, 39, 2, '08:00:00', '12:00:00', '15:00:00', '21:00:00', 1, 24, 36, NULL, NULL),
(269, 39, 3, '09:00:00', '14:00:00', '16:00:00', '20:00:00', 1, 30, 24, NULL, NULL),
(270, 39, 4, '09:00:00', '14:00:00', '16:00:00', '20:00:00', 1, 30, 24, NULL, NULL),
(271, 39, 5, '08:00:00', '12:00:00', '16:00:00', '20:00:00', 1, 24, 24, NULL, NULL),
(272, 39, 6, '09:00:00', '14:00:00', '15:00:00', '20:00:00', 0, 30, 30, NULL, NULL),
(273, 39, 7, '08:00:00', '13:00:00', '16:00:00', '21:00:00', 0, 30, 30, NULL, NULL),
(274, 40, 1, '09:00:00', '13:00:00', '15:00:00', '20:00:00', 1, 12, 15, NULL, NULL),
(275, 40, 2, '09:00:00', '13:00:00', '16:00:00', '21:00:00', 1, 12, 15, NULL, NULL),
(276, 40, 3, '08:00:00', '12:00:00', '16:00:00', '21:00:00', 1, 12, 15, NULL, NULL),
(277, 40, 4, '09:00:00', '12:00:00', '15:00:00', '21:00:00', 1, 9, 18, NULL, NULL),
(278, 40, 5, '09:00:00', '12:00:00', '15:00:00', '20:00:00', 1, 9, 15, NULL, NULL),
(279, 40, 6, '08:00:00', '14:00:00', '15:00:00', '20:00:00', 0, 18, 15, NULL, NULL),
(280, 40, 7, '09:00:00', '13:00:00', '16:00:00', '20:00:00', 0, 12, 12, NULL, NULL),
(281, 41, 1, '08:00:00', '13:00:00', '15:00:00', '21:00:00', 1, 20, 24, NULL, NULL),
(282, 41, 2, '09:00:00', '13:00:00', '15:00:00', '21:00:00', 1, 16, 24, NULL, NULL),
(283, 41, 3, '08:00:00', '14:00:00', '16:00:00', '20:00:00', 1, 24, 16, NULL, NULL),
(284, 41, 4, '09:00:00', '14:00:00', '15:00:00', '20:00:00', 1, 20, 20, NULL, NULL),
(285, 41, 5, '08:00:00', '14:00:00', '16:00:00', '21:00:00', 1, 24, 20, NULL, NULL),
(286, 41, 6, '08:00:00', '12:00:00', '15:00:00', '21:00:00', 0, 16, 24, NULL, NULL),
(287, 41, 7, '08:00:00', '14:00:00', '15:00:00', '21:00:00', 0, 24, 24, NULL, NULL),
(288, 42, 1, '08:00:00', '13:00:00', '16:00:00', '20:00:00', 1, 60, 48, NULL, NULL),
(289, 42, 2, '09:00:00', '12:00:00', '16:00:00', '21:00:00', 1, 36, 60, NULL, NULL),
(290, 42, 3, '09:00:00', '14:00:00', '15:00:00', '20:00:00', 1, 60, 60, NULL, NULL),
(291, 42, 4, '08:00:00', '12:00:00', '16:00:00', '21:00:00', 1, 48, 60, NULL, NULL),
(292, 42, 5, '08:00:00', '14:00:00', '15:00:00', '20:00:00', 1, 72, 60, NULL, NULL),
(293, 42, 6, '08:00:00', '14:00:00', '16:00:00', '21:00:00', 0, 72, 60, NULL, NULL),
(294, 42, 7, '08:00:00', '12:00:00', '16:00:00', '21:00:00', 0, 48, 60, NULL, NULL),
(295, 43, 1, '09:00:00', '12:00:00', '15:00:00', '20:00:00', 1, 36, 60, NULL, NULL),
(296, 43, 2, '09:00:00', '13:00:00', '15:00:00', '20:00:00', 1, 48, 60, NULL, NULL),
(297, 43, 3, '09:00:00', '14:00:00', '16:00:00', '20:00:00', 1, 60, 48, NULL, NULL),
(298, 43, 4, '09:00:00', '14:00:00', '15:00:00', '20:00:00', 1, 60, 60, NULL, NULL),
(299, 43, 5, '08:00:00', '13:00:00', '16:00:00', '20:00:00', 1, 60, 48, NULL, NULL),
(300, 43, 6, '08:00:00', '14:00:00', '16:00:00', '21:00:00', 0, 72, 60, NULL, NULL),
(301, 43, 7, '08:00:00', '14:00:00', '15:00:00', '21:00:00', 0, 72, 72, NULL, NULL),
(302, 44, 1, '08:00:00', '14:00:00', '16:00:00', '21:00:00', 1, 72, 60, NULL, NULL),
(303, 44, 2, '09:00:00', '14:00:00', '15:00:00', '21:00:00', 1, 60, 72, NULL, NULL),
(304, 44, 3, '08:00:00', '13:00:00', '16:00:00', '21:00:00', 1, 60, 60, NULL, NULL),
(305, 44, 4, '08:00:00', '13:00:00', '15:00:00', '20:00:00', 1, 60, 60, NULL, NULL),
(306, 44, 5, '08:00:00', '14:00:00', '15:00:00', '20:00:00', 1, 72, 60, NULL, NULL),
(307, 44, 6, '08:00:00', '14:00:00', '16:00:00', '20:00:00', 0, 72, 48, NULL, NULL),
(308, 44, 7, '09:00:00', '13:00:00', '16:00:00', '20:00:00', 0, 48, 48, NULL, NULL),
(309, 45, 1, '09:00:00', '14:00:00', '15:00:00', '20:00:00', 1, 15, 15, NULL, NULL),
(310, 45, 2, '09:00:00', '13:00:00', '15:00:00', '20:00:00', 1, 12, 15, NULL, NULL),
(311, 45, 3, '09:00:00', '13:00:00', '15:00:00', '20:00:00', 1, 12, 15, NULL, NULL),
(312, 45, 4, '08:00:00', '13:00:00', '16:00:00', '21:00:00', 1, 15, 15, NULL, NULL),
(313, 45, 5, '08:00:00', '12:00:00', '16:00:00', '20:00:00', 1, 12, 12, NULL, NULL),
(314, 45, 6, '09:00:00', '13:00:00', '16:00:00', '20:00:00', 0, 12, 12, NULL, NULL),
(315, 45, 7, '09:00:00', '13:00:00', '15:00:00', '20:00:00', 0, 12, 15, NULL, NULL),
(316, 46, 1, '09:00:00', '14:00:00', '15:00:00', '20:00:00', 1, 20, 20, NULL, NULL),
(317, 46, 2, '08:00:00', '13:00:00', '16:00:00', '21:00:00', 1, 20, 20, NULL, NULL),
(318, 46, 3, '08:00:00', '14:00:00', '15:00:00', '20:00:00', 1, 24, 20, NULL, NULL),
(319, 46, 4, '09:00:00', '12:00:00', '16:00:00', '21:00:00', 1, 12, 20, NULL, NULL),
(320, 46, 5, '08:00:00', '14:00:00', '15:00:00', '20:00:00', 1, 24, 20, NULL, NULL),
(321, 46, 6, '08:00:00', '12:00:00', '16:00:00', '21:00:00', 0, 16, 20, NULL, NULL),
(322, 46, 7, '08:00:00', '13:00:00', '16:00:00', '20:00:00', 0, 20, 16, NULL, NULL),
(323, 47, 1, '09:00:00', '12:00:00', '15:00:00', '20:00:00', 1, 9, 15, NULL, NULL),
(324, 47, 2, '08:00:00', '13:00:00', '16:00:00', '20:00:00', 1, 15, 12, NULL, NULL),
(325, 47, 3, '09:00:00', '13:00:00', '15:00:00', '20:00:00', 1, 12, 15, NULL, NULL),
(326, 47, 4, '09:00:00', '12:00:00', '16:00:00', '20:00:00', 1, 9, 12, NULL, NULL),
(327, 47, 5, '09:00:00', '12:00:00', '16:00:00', '20:00:00', 1, 9, 12, NULL, NULL),
(328, 47, 6, '09:00:00', '13:00:00', '16:00:00', '21:00:00', 0, 12, 15, NULL, NULL),
(329, 47, 7, '09:00:00', '13:00:00', '16:00:00', '20:00:00', 0, 12, 12, NULL, NULL),
(330, 48, 1, '09:00:00', '14:00:00', '16:00:00', '21:00:00', 1, 20, 20, NULL, NULL),
(331, 48, 2, '09:00:00', '14:00:00', '16:00:00', '21:00:00', 1, 20, 20, NULL, NULL),
(332, 48, 3, '08:00:00', '14:00:00', '16:00:00', '21:00:00', 1, 24, 20, NULL, NULL),
(333, 48, 4, '09:00:00', '13:00:00', '15:00:00', '20:00:00', 1, 16, 20, NULL, NULL),
(334, 48, 5, '09:00:00', '14:00:00', '16:00:00', '21:00:00', 1, 20, 20, NULL, NULL),
(335, 48, 6, '08:00:00', '14:00:00', '15:00:00', '21:00:00', 0, 24, 24, NULL, NULL),
(336, 48, 7, '08:00:00', '13:00:00', '15:00:00', '20:00:00', 0, 20, 20, NULL, NULL),
(337, 49, 1, '08:00:00', '13:00:00', '15:00:00', '21:00:00', 1, 60, 72, NULL, NULL),
(338, 49, 2, '08:00:00', '14:00:00', '16:00:00', '21:00:00', 1, 72, 60, NULL, NULL),
(339, 49, 3, '08:00:00', '13:00:00', '15:00:00', '20:00:00', 1, 60, 60, NULL, NULL),
(340, 49, 4, '09:00:00', '12:00:00', '15:00:00', '21:00:00', 1, 36, 72, NULL, NULL),
(341, 49, 5, '08:00:00', '14:00:00', '15:00:00', '21:00:00', 1, 72, 72, NULL, NULL),
(342, 49, 6, '08:00:00', '14:00:00', '16:00:00', '21:00:00', 0, 72, 60, NULL, NULL),
(343, 49, 7, '08:00:00', '12:00:00', '15:00:00', '20:00:00', 0, 48, 60, NULL, NULL),
(344, 50, 1, '09:00:00', '12:00:00', '15:00:00', '21:00:00', 1, 18, 36, NULL, NULL),
(345, 50, 2, '09:00:00', '14:00:00', '16:00:00', '21:00:00', 1, 30, 30, NULL, NULL),
(346, 50, 3, '09:00:00', '13:00:00', '15:00:00', '21:00:00', 1, 24, 36, NULL, NULL),
(347, 50, 4, '08:00:00', '12:00:00', '15:00:00', '20:00:00', 1, 24, 30, NULL, NULL),
(348, 50, 5, '08:00:00', '12:00:00', '16:00:00', '20:00:00', 1, 24, 24, NULL, NULL),
(349, 50, 6, '09:00:00', '14:00:00', '16:00:00', '21:00:00', 0, 30, 30, NULL, NULL),
(350, 50, 7, '09:00:00', '12:00:00', '15:00:00', '20:00:00', 0, 18, 30, NULL, NULL),
(351, 51, 1, '08:00:00', '12:00:00', '15:00:00', '21:00:00', 1, 24, 36, NULL, NULL),
(352, 51, 2, '08:00:00', '14:00:00', '15:00:00', '20:00:00', 1, 36, 30, NULL, NULL),
(353, 51, 3, '09:00:00', '14:00:00', '16:00:00', '20:00:00', 1, 30, 24, NULL, NULL),
(354, 51, 4, '08:00:00', '12:00:00', '16:00:00', '20:00:00', 1, 24, 24, NULL, NULL),
(355, 51, 5, '08:00:00', '14:00:00', '15:00:00', '20:00:00', 1, 36, 30, NULL, NULL),
(356, 51, 6, '08:00:00', '14:00:00', '15:00:00', '20:00:00', 0, 36, 30, NULL, NULL),
(357, 51, 7, '08:00:00', '14:00:00', '15:00:00', '21:00:00', 0, 36, 36, NULL, NULL),
(358, 52, 1, '08:00:00', '14:00:00', '16:00:00', '20:00:00', 1, 18, 12, NULL, NULL),
(359, 52, 2, '08:00:00', '12:00:00', '16:00:00', '20:00:00', 1, 12, 12, NULL, NULL),
(360, 52, 3, '08:00:00', '12:00:00', '16:00:00', '20:00:00', 1, 12, 12, NULL, NULL),
(361, 52, 4, '08:00:00', '12:00:00', '16:00:00', '20:00:00', 1, 12, 12, NULL, NULL),
(362, 52, 5, '08:00:00', '12:00:00', '15:00:00', '21:00:00', 1, 12, 18, NULL, NULL),
(363, 52, 6, '08:00:00', '14:00:00', '15:00:00', '21:00:00', 0, 18, 18, NULL, NULL),
(364, 52, 7, '08:00:00', '14:00:00', '16:00:00', '21:00:00', 0, 18, 15, NULL, NULL),
(365, 53, 1, '08:00:00', '14:00:00', '15:00:00', '21:00:00', 1, 24, 24, NULL, NULL),
(366, 53, 2, '09:00:00', '14:00:00', '15:00:00', '20:00:00', 1, 20, 20, NULL, NULL),
(367, 53, 3, '08:00:00', '13:00:00', '16:00:00', '20:00:00', 1, 20, 16, NULL, NULL),
(368, 53, 4, '08:00:00', '12:00:00', '16:00:00', '21:00:00', 1, 16, 20, NULL, NULL),
(369, 53, 5, '08:00:00', '12:00:00', '15:00:00', '20:00:00', 1, 16, 20, NULL, NULL),
(370, 53, 6, '09:00:00', '13:00:00', '16:00:00', '20:00:00', 0, 16, 16, NULL, NULL),
(371, 53, 7, '08:00:00', '14:00:00', '16:00:00', '20:00:00', 0, 24, 16, NULL, NULL),
(372, 54, 1, '09:00:00', '12:00:00', '15:00:00', '21:00:00', 1, 18, 36, NULL, NULL),
(373, 54, 2, '09:00:00', '14:00:00', '16:00:00', '20:00:00', 1, 30, 24, NULL, NULL),
(374, 54, 3, '09:00:00', '12:00:00', '16:00:00', '20:00:00', 1, 18, 24, NULL, NULL),
(375, 54, 4, '08:00:00', '13:00:00', '15:00:00', '21:00:00', 1, 30, 36, NULL, NULL),
(376, 54, 5, '08:00:00', '14:00:00', '16:00:00', '20:00:00', 1, 36, 24, NULL, NULL),
(377, 54, 6, '08:00:00', '14:00:00', '16:00:00', '20:00:00', 0, 36, 24, NULL, NULL),
(378, 54, 7, '08:00:00', '13:00:00', '15:00:00', '21:00:00', 0, 30, 36, NULL, NULL),
(379, 55, 1, '08:00:00', '14:00:00', '15:00:00', '20:00:00', 1, 72, 60, NULL, NULL),
(380, 55, 2, '08:00:00', '13:00:00', '15:00:00', '20:00:00', 1, 60, 60, NULL, NULL),
(381, 55, 3, '09:00:00', '12:00:00', '15:00:00', '21:00:00', 1, 36, 72, NULL, NULL),
(382, 55, 4, '08:00:00', '14:00:00', '15:00:00', '21:00:00', 1, 72, 72, NULL, NULL),
(383, 55, 5, '08:00:00', '14:00:00', '15:00:00', '21:00:00', 1, 72, 72, NULL, NULL),
(384, 55, 6, '09:00:00', '14:00:00', '15:00:00', '21:00:00', 0, 60, 72, NULL, NULL),
(385, 55, 7, '08:00:00', '13:00:00', '15:00:00', '20:00:00', 0, 60, 60, NULL, NULL),
(386, 56, 1, '08:00:00', '13:00:00', '16:00:00', '21:00:00', 1, 30, 30, NULL, NULL),
(387, 56, 2, '08:00:00', '14:00:00', '16:00:00', '21:00:00', 1, 36, 30, NULL, NULL),
(388, 56, 3, '08:00:00', '13:00:00', '15:00:00', '21:00:00', 1, 30, 36, NULL, NULL),
(389, 56, 4, '09:00:00', '12:00:00', '15:00:00', '20:00:00', 1, 18, 30, NULL, NULL),
(390, 56, 5, '08:00:00', '12:00:00', '15:00:00', '20:00:00', 1, 24, 30, NULL, NULL),
(391, 56, 6, '09:00:00', '14:00:00', '16:00:00', '21:00:00', 0, 30, 30, NULL, NULL),
(392, 56, 7, '09:00:00', '13:00:00', '16:00:00', '21:00:00', 0, 24, 30, NULL, NULL),
(393, 57, 1, '09:00:00', '12:00:00', '16:00:00', '21:00:00', 1, 36, 60, NULL, NULL),
(394, 57, 2, '08:00:00', '14:00:00', '15:00:00', '21:00:00', 1, 72, 72, NULL, NULL),
(395, 57, 3, '09:00:00', '14:00:00', '16:00:00', '20:00:00', 1, 60, 48, NULL, NULL),
(396, 57, 4, '09:00:00', '14:00:00', '15:00:00', '21:00:00', 1, 60, 72, NULL, NULL),
(397, 57, 5, '09:00:00', '14:00:00', '16:00:00', '20:00:00', 1, 60, 48, NULL, NULL),
(398, 57, 6, '09:00:00', '12:00:00', '15:00:00', '21:00:00', 0, 36, 72, NULL, NULL),
(399, 57, 7, '08:00:00', '13:00:00', '15:00:00', '21:00:00', 0, 60, 72, NULL, NULL),
(400, 58, 1, '09:00:00', '12:00:00', '16:00:00', '20:00:00', 1, 9, 12, NULL, NULL),
(401, 58, 2, '08:00:00', '14:00:00', '15:00:00', '20:00:00', 1, 18, 15, NULL, NULL),
(402, 58, 3, '09:00:00', '12:00:00', '16:00:00', '20:00:00', 1, 9, 12, NULL, NULL),
(403, 58, 4, '08:00:00', '12:00:00', '15:00:00', '21:00:00', 1, 12, 18, NULL, NULL),
(404, 58, 5, '09:00:00', '13:00:00', '16:00:00', '21:00:00', 1, 12, 15, NULL, NULL),
(405, 58, 6, '08:00:00', '14:00:00', '16:00:00', '20:00:00', 0, 18, 12, NULL, NULL),
(406, 58, 7, '08:00:00', '13:00:00', '16:00:00', '20:00:00', 0, 15, 12, NULL, NULL),
(407, 59, 1, '09:00:00', '12:00:00', '16:00:00', '21:00:00', 1, 12, 20, NULL, NULL),
(408, 59, 2, '08:00:00', '12:00:00', '15:00:00', '21:00:00', 1, 16, 24, NULL, NULL),
(409, 59, 3, '09:00:00', '14:00:00', '15:00:00', '21:00:00', 1, 20, 24, NULL, NULL),
(410, 59, 4, '09:00:00', '13:00:00', '15:00:00', '20:00:00', 1, 16, 20, NULL, NULL),
(411, 59, 5, '09:00:00', '12:00:00', '16:00:00', '21:00:00', 1, 12, 20, NULL, NULL),
(412, 59, 6, '09:00:00', '12:00:00', '16:00:00', '21:00:00', 0, 12, 20, NULL, NULL),
(413, 59, 7, '08:00:00', '13:00:00', '16:00:00', '21:00:00', 0, 20, 20, NULL, NULL),
(414, 60, 1, '08:00:00', '12:00:00', '15:00:00', '21:00:00', 1, 48, 72, NULL, NULL),
(415, 60, 2, '09:00:00', '13:00:00', '16:00:00', '21:00:00', 1, 48, 60, NULL, NULL),
(416, 60, 3, '08:00:00', '13:00:00', '15:00:00', '20:00:00', 1, 60, 60, NULL, NULL),
(417, 60, 4, '09:00:00', '14:00:00', '16:00:00', '20:00:00', 1, 60, 48, NULL, NULL),
(418, 60, 5, '09:00:00', '13:00:00', '16:00:00', '20:00:00', 1, 48, 48, NULL, NULL),
(419, 60, 6, '09:00:00', '12:00:00', '15:00:00', '21:00:00', 0, 36, 72, NULL, NULL),
(420, 60, 7, '09:00:00', '12:00:00', '16:00:00', '21:00:00', 0, 36, 60, NULL, NULL),
(421, 61, 1, '08:00:00', '12:00:00', '15:00:00', '20:00:00', 1, 12, 15, NULL, NULL),
(422, 61, 2, '08:00:00', '13:00:00', '16:00:00', '21:00:00', 1, 15, 15, NULL, NULL),
(423, 61, 3, '08:00:00', '14:00:00', '15:00:00', '21:00:00', 1, 18, 18, NULL, NULL),
(424, 61, 4, '09:00:00', '12:00:00', '16:00:00', '21:00:00', 1, 9, 15, NULL, NULL),
(425, 61, 5, '09:00:00', '12:00:00', '15:00:00', '20:00:00', 1, 9, 15, NULL, NULL),
(426, 61, 6, '08:00:00', '12:00:00', '16:00:00', '20:00:00', 0, 12, 12, NULL, NULL),
(427, 61, 7, '09:00:00', '13:00:00', '16:00:00', '20:00:00', 0, 12, 12, NULL, NULL),
(428, 62, 1, '09:00:00', '13:00:00', '15:00:00', '21:00:00', 1, 12, 18, NULL, NULL),
(429, 62, 2, '08:00:00', '14:00:00', '16:00:00', '20:00:00', 1, 18, 12, NULL, NULL),
(430, 62, 3, '08:00:00', '13:00:00', '16:00:00', '21:00:00', 1, 15, 15, NULL, NULL),
(431, 62, 4, '08:00:00', '14:00:00', '15:00:00', '21:00:00', 1, 18, 18, NULL, NULL),
(432, 62, 5, '09:00:00', '14:00:00', '16:00:00', '20:00:00', 1, 15, 12, NULL, NULL),
(433, 62, 6, '09:00:00', '13:00:00', '16:00:00', '20:00:00', 0, 12, 12, NULL, NULL),
(434, 62, 7, '08:00:00', '14:00:00', '16:00:00', '21:00:00', 0, 18, 15, NULL, NULL),
(435, 63, 1, '08:00:00', '13:00:00', '15:00:00', '20:00:00', 1, 20, 20, NULL, NULL),
(436, 63, 2, '09:00:00', '12:00:00', '15:00:00', '20:00:00', 1, 12, 20, NULL, NULL),
(437, 63, 3, '09:00:00', '12:00:00', '15:00:00', '20:00:00', 1, 12, 20, NULL, NULL),
(438, 63, 4, '08:00:00', '14:00:00', '15:00:00', '20:00:00', 1, 24, 20, NULL, NULL),
(439, 63, 5, '08:00:00', '12:00:00', '15:00:00', '20:00:00', 1, 16, 20, NULL, NULL),
(440, 63, 6, '09:00:00', '14:00:00', '15:00:00', '20:00:00', 0, 20, 20, NULL, NULL),
(441, 63, 7, '09:00:00', '12:00:00', '15:00:00', '21:00:00', 0, 12, 24, NULL, NULL),
(442, 64, 1, '09:00:00', '13:00:00', '15:00:00', '20:00:00', 1, 12, 15, NULL, NULL),
(443, 64, 2, '08:00:00', '13:00:00', '15:00:00', '20:00:00', 1, 15, 15, NULL, NULL),
(444, 64, 3, '08:00:00', '13:00:00', '15:00:00', '21:00:00', 1, 15, 18, NULL, NULL),
(445, 64, 4, '09:00:00', '14:00:00', '15:00:00', '20:00:00', 1, 15, 15, NULL, NULL),
(446, 64, 5, '08:00:00', '13:00:00', '16:00:00', '21:00:00', 1, 15, 15, NULL, NULL),
(447, 64, 6, '08:00:00', '13:00:00', '16:00:00', '20:00:00', 0, 15, 12, NULL, NULL),
(448, 64, 7, '09:00:00', '14:00:00', '16:00:00', '20:00:00', 0, 15, 12, NULL, NULL),
(449, 65, 1, '09:00:00', '13:00:00', '15:00:00', '20:00:00', 1, 48, 60, NULL, NULL),
(450, 65, 2, '09:00:00', '12:00:00', '16:00:00', '21:00:00', 1, 36, 60, NULL, NULL),
(451, 65, 3, '08:00:00', '12:00:00', '15:00:00', '20:00:00', 1, 48, 60, NULL, NULL),
(452, 65, 4, '09:00:00', '13:00:00', '16:00:00', '20:00:00', 1, 48, 48, NULL, NULL),
(453, 65, 5, '09:00:00', '12:00:00', '16:00:00', '20:00:00', 1, 36, 48, NULL, NULL),
(454, 65, 6, '09:00:00', '13:00:00', '15:00:00', '21:00:00', 0, 48, 72, NULL, NULL),
(455, 65, 7, '08:00:00', '14:00:00', '15:00:00', '21:00:00', 0, 72, 72, NULL, NULL),
(456, 66, 1, '09:00:00', '12:00:00', '15:00:00', '21:00:00', 1, 18, 36, NULL, NULL),
(457, 66, 2, '08:00:00', '12:00:00', '15:00:00', '20:00:00', 1, 24, 30, NULL, NULL),
(458, 66, 3, '09:00:00', '14:00:00', '16:00:00', '21:00:00', 1, 30, 30, NULL, NULL),
(459, 66, 4, '09:00:00', '13:00:00', '15:00:00', '20:00:00', 1, 24, 30, NULL, NULL),
(460, 66, 5, '08:00:00', '13:00:00', '16:00:00', '21:00:00', 1, 30, 30, NULL, NULL),
(461, 66, 6, '08:00:00', '14:00:00', '15:00:00', '21:00:00', 0, 36, 36, NULL, NULL),
(462, 66, 7, '08:00:00', '14:00:00', '16:00:00', '20:00:00', 0, 36, 24, NULL, NULL),
(463, 67, 1, '08:00:00', '13:00:00', '16:00:00', '20:00:00', 1, 30, 24, NULL, NULL),
(464, 67, 2, '08:00:00', '14:00:00', '15:00:00', '21:00:00', 1, 36, 36, NULL, NULL),
(465, 67, 3, '09:00:00', '14:00:00', '15:00:00', '20:00:00', 1, 30, 30, NULL, NULL),
(466, 67, 4, '08:00:00', '14:00:00', '15:00:00', '21:00:00', 1, 36, 36, NULL, NULL),
(467, 67, 5, '08:00:00', '14:00:00', '16:00:00', '20:00:00', 1, 36, 24, NULL, NULL),
(468, 67, 6, '08:00:00', '13:00:00', '15:00:00', '20:00:00', 0, 30, 30, NULL, NULL),
(469, 67, 7, '08:00:00', '12:00:00', '16:00:00', '20:00:00', 0, 24, 24, NULL, NULL),
(470, 68, 1, '08:00:00', '12:00:00', '15:00:00', '20:00:00', 1, 16, 20, NULL, NULL),
(471, 68, 2, '09:00:00', '12:00:00', '15:00:00', '21:00:00', 1, 12, 24, NULL, NULL),
(472, 68, 3, '09:00:00', '12:00:00', '16:00:00', '21:00:00', 1, 12, 20, NULL, NULL),
(473, 68, 4, '08:00:00', '12:00:00', '16:00:00', '20:00:00', 1, 16, 16, NULL, NULL),
(474, 68, 5, '08:00:00', '14:00:00', '15:00:00', '21:00:00', 1, 24, 24, NULL, NULL),
(475, 68, 6, '09:00:00', '13:00:00', '15:00:00', '21:00:00', 0, 16, 24, NULL, NULL),
(476, 68, 7, '09:00:00', '13:00:00', '15:00:00', '20:00:00', 0, 16, 20, NULL, NULL),
(477, 69, 1, '08:00:00', '14:00:00', '15:00:00', '20:00:00', 1, 24, 20, NULL, NULL),
(478, 69, 2, '09:00:00', '13:00:00', '15:00:00', '20:00:00', 1, 16, 20, NULL, NULL),
(479, 69, 3, '09:00:00', '13:00:00', '16:00:00', '21:00:00', 1, 16, 20, NULL, NULL),
(480, 69, 4, '09:00:00', '13:00:00', '16:00:00', '21:00:00', 1, 16, 20, NULL, NULL),
(481, 69, 5, '09:00:00', '12:00:00', '16:00:00', '21:00:00', 1, 12, 20, NULL, NULL),
(482, 69, 6, '08:00:00', '12:00:00', '15:00:00', '21:00:00', 0, 16, 24, NULL, NULL),
(483, 69, 7, '09:00:00', '14:00:00', '15:00:00', '20:00:00', 0, 20, 20, NULL, NULL),
(484, 70, 1, '09:00:00', '13:00:00', '16:00:00', '20:00:00', 1, 16, 16, NULL, NULL),
(485, 70, 2, '08:00:00', '14:00:00', '16:00:00', '20:00:00', 1, 24, 16, NULL, NULL),
(486, 70, 3, '08:00:00', '14:00:00', '16:00:00', '21:00:00', 1, 24, 20, NULL, NULL),
(487, 70, 4, '09:00:00', '13:00:00', '15:00:00', '20:00:00', 1, 16, 20, NULL, NULL),
(488, 70, 5, '09:00:00', '13:00:00', '16:00:00', '20:00:00', 1, 16, 16, NULL, NULL),
(489, 70, 6, '09:00:00', '12:00:00', '16:00:00', '21:00:00', 0, 12, 20, NULL, NULL),
(490, 70, 7, '09:00:00', '14:00:00', '16:00:00', '21:00:00', 0, 20, 20, NULL, NULL),
(491, 71, 1, '08:00:00', '12:00:00', '16:00:00', '20:00:00', 1, 16, 16, NULL, NULL),
(492, 71, 2, '09:00:00', '14:00:00', '15:00:00', '21:00:00', 1, 20, 24, NULL, NULL),
(493, 71, 3, '08:00:00', '12:00:00', '15:00:00', '21:00:00', 1, 16, 24, NULL, NULL),
(494, 71, 4, '09:00:00', '12:00:00', '15:00:00', '20:00:00', 1, 12, 20, NULL, NULL),
(495, 71, 5, '08:00:00', '12:00:00', '16:00:00', '21:00:00', 1, 16, 20, NULL, NULL),
(496, 71, 6, '09:00:00', '12:00:00', '15:00:00', '21:00:00', 0, 12, 24, NULL, NULL),
(497, 71, 7, '08:00:00', '12:00:00', '16:00:00', '20:00:00', 0, 16, 16, NULL, NULL),
(498, 72, 1, '09:00:00', '13:00:00', '15:00:00', '21:00:00', 1, 16, 24, NULL, NULL),
(499, 72, 2, '09:00:00', '12:00:00', '16:00:00', '20:00:00', 1, 12, 16, NULL, NULL),
(500, 72, 3, '09:00:00', '13:00:00', '15:00:00', '20:00:00', 1, 16, 20, NULL, NULL),
(501, 72, 4, '09:00:00', '14:00:00', '15:00:00', '20:00:00', 1, 20, 20, NULL, NULL),
(502, 72, 5, '09:00:00', '12:00:00', '15:00:00', '20:00:00', 1, 12, 20, NULL, NULL),
(503, 72, 6, '08:00:00', '12:00:00', '16:00:00', '21:00:00', 0, 16, 20, NULL, NULL),
(504, 72, 7, '08:00:00', '13:00:00', '16:00:00', '21:00:00', 0, 20, 20, NULL, NULL),
(505, 73, 1, '09:00:00', '12:00:00', '16:00:00', '20:00:00', 1, 9, 12, NULL, NULL),
(506, 73, 2, '09:00:00', '12:00:00', '16:00:00', '21:00:00', 1, 9, 15, NULL, NULL),
(507, 73, 3, '09:00:00', '13:00:00', '15:00:00', '21:00:00', 1, 12, 18, NULL, NULL),
(508, 73, 4, '09:00:00', '12:00:00', '16:00:00', '21:00:00', 1, 9, 15, NULL, NULL),
(509, 73, 5, '09:00:00', '12:00:00', '15:00:00', '21:00:00', 1, 9, 18, NULL, NULL),
(510, 73, 6, '08:00:00', '13:00:00', '15:00:00', '20:00:00', 0, 15, 15, NULL, NULL),
(511, 73, 7, '09:00:00', '13:00:00', '16:00:00', '20:00:00', 0, 12, 12, NULL, NULL),
(512, 74, 1, '09:00:00', '14:00:00', '16:00:00', '20:00:00', 1, 20, 16, NULL, NULL),
(513, 74, 2, '08:00:00', '12:00:00', '16:00:00', '20:00:00', 1, 16, 16, NULL, NULL),
(514, 74, 3, '08:00:00', '12:00:00', '16:00:00', '21:00:00', 1, 16, 20, NULL, NULL),
(515, 74, 4, '09:00:00', '13:00:00', '15:00:00', '21:00:00', 1, 16, 24, NULL, NULL),
(516, 74, 5, '08:00:00', '12:00:00', '15:00:00', '21:00:00', 1, 16, 24, NULL, NULL),
(517, 74, 6, '09:00:00', '13:00:00', '15:00:00', '20:00:00', 0, 16, 20, NULL, NULL),
(518, 74, 7, '08:00:00', '14:00:00', '16:00:00', '20:00:00', 0, 24, 16, NULL, NULL),
(519, 75, 1, '09:00:00', '12:00:00', '15:00:00', '20:00:00', 1, 9, 15, NULL, NULL),
(520, 75, 2, '09:00:00', '14:00:00', '15:00:00', '21:00:00', 1, 15, 18, NULL, NULL),
(521, 75, 3, '08:00:00', '14:00:00', '16:00:00', '20:00:00', 1, 18, 12, NULL, NULL),
(522, 75, 4, '08:00:00', '12:00:00', '15:00:00', '21:00:00', 1, 12, 18, NULL, NULL),
(523, 75, 5, '09:00:00', '14:00:00', '16:00:00', '21:00:00', 1, 15, 15, NULL, NULL),
(524, 75, 6, '09:00:00', '13:00:00', '15:00:00', '20:00:00', 0, 12, 15, NULL, NULL),
(525, 75, 7, '08:00:00', '14:00:00', '16:00:00', '20:00:00', 0, 18, 12, NULL, NULL),
(526, 76, 1, '08:00:00', '14:00:00', '16:00:00', '21:00:00', 1, 36, 30, NULL, NULL),
(527, 76, 2, '08:00:00', '13:00:00', '15:00:00', '21:00:00', 1, 30, 36, NULL, NULL),
(528, 76, 3, '09:00:00', '14:00:00', '16:00:00', '21:00:00', 1, 30, 30, NULL, NULL),
(529, 76, 4, '09:00:00', '14:00:00', '15:00:00', '20:00:00', 1, 30, 30, NULL, NULL),
(530, 76, 5, '09:00:00', '12:00:00', '16:00:00', '20:00:00', 1, 18, 24, NULL, NULL),
(531, 76, 6, '09:00:00', '13:00:00', '16:00:00', '21:00:00', 0, 24, 30, NULL, NULL),
(532, 76, 7, '08:00:00', '13:00:00', '15:00:00', '20:00:00', 0, 30, 30, NULL, NULL),
(533, 77, 1, '09:00:00', '12:00:00', '15:00:00', '21:00:00', 1, 36, 72, NULL, NULL),
(534, 77, 2, '09:00:00', '12:00:00', '16:00:00', '21:00:00', 1, 36, 60, NULL, NULL),
(535, 77, 3, '08:00:00', '13:00:00', '16:00:00', '21:00:00', 1, 60, 60, NULL, NULL),
(536, 77, 4, '09:00:00', '14:00:00', '16:00:00', '21:00:00', 1, 60, 60, NULL, NULL),
(537, 77, 5, '08:00:00', '13:00:00', '16:00:00', '21:00:00', 1, 60, 60, NULL, NULL),
(538, 77, 6, '09:00:00', '14:00:00', '16:00:00', '21:00:00', 0, 60, 60, NULL, NULL),
(539, 77, 7, '09:00:00', '13:00:00', '15:00:00', '20:00:00', 0, 48, 60, NULL, NULL),
(540, 78, 1, '08:00:00', '12:00:00', '16:00:00', '21:00:00', 1, 16, 20, NULL, NULL),
(541, 78, 2, '08:00:00', '13:00:00', '16:00:00', '21:00:00', 1, 20, 20, NULL, NULL),
(542, 78, 3, '09:00:00', '13:00:00', '16:00:00', '21:00:00', 1, 16, 20, NULL, NULL),
(543, 78, 4, '08:00:00', '13:00:00', '15:00:00', '21:00:00', 1, 20, 24, NULL, NULL),
(544, 78, 5, '09:00:00', '14:00:00', '15:00:00', '20:00:00', 1, 20, 20, NULL, NULL),
(545, 78, 6, '08:00:00', '13:00:00', '16:00:00', '21:00:00', 0, 20, 20, NULL, NULL),
(546, 78, 7, '08:00:00', '12:00:00', '16:00:00', '20:00:00', 0, 16, 16, NULL, NULL),
(547, 79, 1, '09:00:00', '12:00:00', '15:00:00', '20:00:00', 1, 36, 60, NULL, NULL),
(548, 79, 2, '08:00:00', '14:00:00', '15:00:00', '20:00:00', 1, 72, 60, NULL, NULL),
(549, 79, 3, '08:00:00', '13:00:00', '15:00:00', '20:00:00', 1, 60, 60, NULL, NULL),
(550, 79, 4, '09:00:00', '13:00:00', '15:00:00', '20:00:00', 1, 48, 60, NULL, NULL),
(551, 79, 5, '08:00:00', '14:00:00', '16:00:00', '21:00:00', 1, 72, 60, NULL, NULL),
(552, 79, 6, '08:00:00', '14:00:00', '15:00:00', '20:00:00', 0, 72, 60, NULL, NULL),
(553, 79, 7, '09:00:00', '13:00:00', '15:00:00', '20:00:00', 0, 48, 60, NULL, NULL),
(554, 80, 1, '08:00:00', '14:00:00', '15:00:00', '21:00:00', 1, 36, 36, NULL, NULL),
(555, 80, 2, '09:00:00', '14:00:00', '16:00:00', '20:00:00', 1, 30, 24, NULL, NULL),
(556, 80, 3, '09:00:00', '12:00:00', '15:00:00', '21:00:00', 1, 18, 36, NULL, NULL),
(557, 80, 4, '09:00:00', '13:00:00', '15:00:00', '21:00:00', 1, 24, 36, NULL, NULL),
(558, 80, 5, '09:00:00', '13:00:00', '15:00:00', '21:00:00', 1, 24, 36, NULL, NULL),
(559, 80, 6, '09:00:00', '12:00:00', '16:00:00', '20:00:00', 0, 18, 24, NULL, NULL),
(560, 80, 7, '08:00:00', '13:00:00', '15:00:00', '20:00:00', 0, 30, 30, NULL, NULL),
(561, 81, 1, '08:00:00', '14:00:00', '16:00:00', '21:00:00', 1, 18, 15, NULL, NULL),
(562, 81, 2, '09:00:00', '14:00:00', '16:00:00', '20:00:00', 1, 15, 12, NULL, NULL),
(563, 81, 3, '09:00:00', '14:00:00', '16:00:00', '21:00:00', 1, 15, 15, NULL, NULL),
(564, 81, 4, '08:00:00', '14:00:00', '16:00:00', '21:00:00', 1, 18, 15, NULL, NULL),
(565, 81, 5, '09:00:00', '13:00:00', '16:00:00', '21:00:00', 1, 12, 15, NULL, NULL),
(566, 81, 6, '09:00:00', '12:00:00', '15:00:00', '21:00:00', 0, 9, 18, NULL, NULL),
(567, 81, 7, '08:00:00', '13:00:00', '15:00:00', '20:00:00', 0, 15, 15, NULL, NULL),
(568, 82, 1, '08:00:00', '14:00:00', '16:00:00', '21:00:00', 1, 36, 30, NULL, NULL),
(569, 82, 2, '08:00:00', '12:00:00', '16:00:00', '21:00:00', 1, 24, 30, NULL, NULL),
(570, 82, 3, '09:00:00', '13:00:00', '16:00:00', '20:00:00', 1, 24, 24, NULL, NULL),
(571, 82, 4, '08:00:00', '14:00:00', '15:00:00', '20:00:00', 1, 36, 30, NULL, NULL),
(572, 82, 5, '09:00:00', '13:00:00', '15:00:00', '20:00:00', 1, 24, 30, NULL, NULL),
(573, 82, 6, '09:00:00', '13:00:00', '16:00:00', '20:00:00', 0, 24, 24, NULL, NULL),
(574, 82, 7, '09:00:00', '12:00:00', '15:00:00', '20:00:00', 0, 18, 30, NULL, NULL),
(575, 83, 1, '08:00:00', '14:00:00', '15:00:00', '21:00:00', 1, 36, 36, NULL, NULL),
(576, 83, 2, '09:00:00', '13:00:00', '15:00:00', '21:00:00', 1, 24, 36, NULL, NULL),
(577, 83, 3, '08:00:00', '14:00:00', '16:00:00', '21:00:00', 1, 36, 30, NULL, NULL),
(578, 83, 4, '08:00:00', '12:00:00', '15:00:00', '21:00:00', 1, 24, 36, NULL, NULL),
(579, 83, 5, '09:00:00', '13:00:00', '16:00:00', '21:00:00', 1, 24, 30, NULL, NULL),
(580, 83, 6, '08:00:00', '14:00:00', '16:00:00', '21:00:00', 0, 36, 30, NULL, NULL),
(581, 83, 7, '08:00:00', '13:00:00', '15:00:00', '20:00:00', 0, 30, 30, NULL, NULL),
(582, 84, 1, '08:00:00', '13:00:00', '16:00:00', '21:00:00', 1, 20, 20, NULL, NULL),
(583, 84, 2, '08:00:00', '14:00:00', '15:00:00', '21:00:00', 1, 24, 24, NULL, NULL),
(584, 84, 3, '09:00:00', '12:00:00', '16:00:00', '21:00:00', 1, 12, 20, NULL, NULL),
(585, 84, 4, '09:00:00', '12:00:00', '15:00:00', '20:00:00', 1, 12, 20, NULL, NULL),
(586, 84, 5, '09:00:00', '14:00:00', '15:00:00', '20:00:00', 1, 20, 20, NULL, NULL),
(587, 84, 6, '09:00:00', '13:00:00', '16:00:00', '20:00:00', 0, 16, 16, NULL, NULL),
(588, 84, 7, '08:00:00', '14:00:00', '15:00:00', '21:00:00', 0, 24, 24, NULL, NULL),
(589, 85, 1, '08:00:00', '12:00:00', '16:00:00', '20:00:00', 1, 24, 24, NULL, NULL),
(590, 85, 2, '09:00:00', '12:00:00', '16:00:00', '21:00:00', 1, 18, 30, NULL, NULL),
(591, 85, 3, '08:00:00', '14:00:00', '16:00:00', '21:00:00', 1, 36, 30, NULL, NULL),
(592, 85, 4, '09:00:00', '14:00:00', '15:00:00', '20:00:00', 1, 30, 30, NULL, NULL),
(593, 85, 5, '08:00:00', '14:00:00', '16:00:00', '21:00:00', 1, 36, 30, NULL, NULL),
(594, 85, 6, '08:00:00', '14:00:00', '15:00:00', '20:00:00', 0, 36, 30, NULL, NULL),
(595, 85, 7, '08:00:00', '13:00:00', '15:00:00', '21:00:00', 0, 30, 36, NULL, NULL),
(596, 86, 1, '09:00:00', '12:00:00', '16:00:00', '21:00:00', 1, 36, 60, NULL, NULL),
(597, 86, 2, '08:00:00', '13:00:00', '15:00:00', '21:00:00', 1, 60, 72, NULL, NULL),
(598, 86, 3, '09:00:00', '12:00:00', '15:00:00', '20:00:00', 1, 36, 60, NULL, NULL),
(599, 86, 4, '08:00:00', '14:00:00', '15:00:00', '20:00:00', 1, 72, 60, NULL, NULL),
(600, 86, 5, '08:00:00', '13:00:00', '15:00:00', '20:00:00', 1, 60, 60, NULL, NULL),
(601, 86, 6, '09:00:00', '14:00:00', '16:00:00', '21:00:00', 0, 60, 60, NULL, NULL),
(602, 86, 7, '08:00:00', '13:00:00', '16:00:00', '20:00:00', 0, 60, 48, NULL, NULL);
INSERT INTO `clinic_working_hours` (`id`, `clinic_id`, `day`, `part1_from`, `part1_to`, `part2_from`, `part2_to`, `active`, `reservation_number_1`, `reservation_number_2`, `created_at`, `updated_at`) VALUES
(603, 87, 1, '08:00:00', '12:00:00', '15:00:00', '20:00:00', 1, 24, 30, NULL, NULL),
(604, 87, 2, '08:00:00', '13:00:00', '15:00:00', '20:00:00', 1, 30, 30, NULL, NULL),
(605, 87, 3, '09:00:00', '14:00:00', '16:00:00', '20:00:00', 1, 30, 24, NULL, NULL),
(606, 87, 4, '08:00:00', '13:00:00', '16:00:00', '21:00:00', 1, 30, 30, NULL, NULL),
(607, 87, 5, '08:00:00', '14:00:00', '15:00:00', '20:00:00', 1, 36, 30, NULL, NULL),
(608, 87, 6, '08:00:00', '14:00:00', '16:00:00', '20:00:00', 0, 36, 24, NULL, NULL),
(609, 87, 7, '08:00:00', '12:00:00', '15:00:00', '21:00:00', 0, 24, 36, NULL, NULL),
(610, 88, 1, '09:00:00', '13:00:00', '15:00:00', '20:00:00', 1, 12, 15, NULL, NULL),
(611, 88, 2, '09:00:00', '13:00:00', '16:00:00', '20:00:00', 1, 12, 12, NULL, NULL),
(612, 88, 3, '08:00:00', '13:00:00', '16:00:00', '21:00:00', 1, 15, 15, NULL, NULL),
(613, 88, 4, '09:00:00', '12:00:00', '15:00:00', '20:00:00', 1, 9, 15, NULL, NULL),
(614, 88, 5, '09:00:00', '13:00:00', '16:00:00', '21:00:00', 1, 12, 15, NULL, NULL),
(615, 88, 6, '09:00:00', '13:00:00', '16:00:00', '21:00:00', 0, 12, 15, NULL, NULL),
(616, 88, 7, '08:00:00', '13:00:00', '16:00:00', '20:00:00', 0, 15, 12, NULL, NULL),
(617, 89, 1, '08:00:00', '12:00:00', '16:00:00', '20:00:00', 1, 24, 24, NULL, NULL),
(618, 89, 2, '09:00:00', '14:00:00', '15:00:00', '20:00:00', 1, 30, 30, NULL, NULL),
(619, 89, 3, '08:00:00', '12:00:00', '16:00:00', '20:00:00', 1, 24, 24, NULL, NULL),
(620, 89, 4, '09:00:00', '12:00:00', '16:00:00', '20:00:00', 1, 18, 24, NULL, NULL),
(621, 89, 5, '08:00:00', '14:00:00', '16:00:00', '20:00:00', 1, 36, 24, NULL, NULL),
(622, 89, 6, '08:00:00', '13:00:00', '16:00:00', '20:00:00', 0, 30, 24, NULL, NULL),
(623, 89, 7, '08:00:00', '14:00:00', '16:00:00', '21:00:00', 0, 36, 30, NULL, NULL),
(624, 90, 1, '09:00:00', '12:00:00', '15:00:00', '20:00:00', 1, 18, 30, NULL, NULL),
(625, 90, 2, '08:00:00', '14:00:00', '15:00:00', '20:00:00', 1, 36, 30, NULL, NULL),
(626, 90, 3, '09:00:00', '12:00:00', '15:00:00', '21:00:00', 1, 18, 36, NULL, NULL),
(627, 90, 4, '08:00:00', '12:00:00', '15:00:00', '21:00:00', 1, 24, 36, NULL, NULL),
(628, 90, 5, '08:00:00', '12:00:00', '16:00:00', '21:00:00', 1, 24, 30, NULL, NULL),
(629, 90, 6, '08:00:00', '14:00:00', '16:00:00', '21:00:00', 0, 36, 30, NULL, NULL),
(630, 90, 7, '09:00:00', '13:00:00', '16:00:00', '21:00:00', 0, 24, 30, NULL, NULL),
(631, 91, 1, '09:00:00', '14:00:00', '15:00:00', '21:00:00', 1, 60, 72, NULL, NULL),
(632, 91, 2, '08:00:00', '13:00:00', '16:00:00', '21:00:00', 1, 60, 60, NULL, NULL),
(633, 91, 3, '08:00:00', '13:00:00', '15:00:00', '20:00:00', 1, 60, 60, NULL, NULL),
(634, 91, 4, '08:00:00', '13:00:00', '15:00:00', '21:00:00', 1, 60, 72, NULL, NULL),
(635, 91, 5, '09:00:00', '13:00:00', '16:00:00', '20:00:00', 1, 48, 48, NULL, NULL),
(636, 91, 6, '09:00:00', '12:00:00', '16:00:00', '21:00:00', 0, 36, 60, NULL, NULL),
(637, 91, 7, '08:00:00', '13:00:00', '16:00:00', '21:00:00', 0, 60, 60, NULL, NULL),
(638, 92, 1, '09:00:00', '13:00:00', '16:00:00', '21:00:00', 1, 16, 20, NULL, NULL),
(639, 92, 2, '08:00:00', '12:00:00', '16:00:00', '20:00:00', 1, 16, 16, NULL, NULL),
(640, 92, 3, '09:00:00', '12:00:00', '15:00:00', '20:00:00', 1, 12, 20, NULL, NULL),
(641, 92, 4, '09:00:00', '12:00:00', '16:00:00', '20:00:00', 1, 12, 16, NULL, NULL),
(642, 92, 5, '08:00:00', '14:00:00', '16:00:00', '21:00:00', 1, 24, 20, NULL, NULL),
(643, 92, 6, '08:00:00', '12:00:00', '16:00:00', '21:00:00', 0, 16, 20, NULL, NULL),
(644, 92, 7, '09:00:00', '14:00:00', '15:00:00', '21:00:00', 0, 20, 24, NULL, NULL),
(645, 93, 1, '08:00:00', '13:00:00', '16:00:00', '20:00:00', 1, 15, 12, NULL, NULL),
(646, 93, 2, '09:00:00', '12:00:00', '15:00:00', '20:00:00', 1, 9, 15, NULL, NULL),
(647, 93, 3, '09:00:00', '13:00:00', '15:00:00', '21:00:00', 1, 12, 18, NULL, NULL),
(648, 93, 4, '09:00:00', '12:00:00', '15:00:00', '20:00:00', 1, 9, 15, NULL, NULL),
(649, 93, 5, '08:00:00', '14:00:00', '16:00:00', '21:00:00', 1, 18, 15, NULL, NULL),
(650, 93, 6, '09:00:00', '12:00:00', '16:00:00', '20:00:00', 0, 9, 12, NULL, NULL),
(651, 93, 7, '08:00:00', '12:00:00', '15:00:00', '21:00:00', 0, 12, 18, NULL, NULL),
(652, 94, 1, '08:00:00', '14:00:00', '16:00:00', '20:00:00', 1, 72, 48, NULL, NULL),
(653, 94, 2, '08:00:00', '12:00:00', '16:00:00', '21:00:00', 1, 48, 60, NULL, NULL),
(654, 94, 3, '08:00:00', '14:00:00', '16:00:00', '21:00:00', 1, 72, 60, NULL, NULL),
(655, 94, 4, '09:00:00', '14:00:00', '15:00:00', '20:00:00', 1, 60, 60, NULL, NULL),
(656, 94, 5, '08:00:00', '12:00:00', '15:00:00', '21:00:00', 1, 48, 72, NULL, NULL),
(657, 94, 6, '09:00:00', '14:00:00', '16:00:00', '20:00:00', 0, 60, 48, NULL, NULL),
(658, 94, 7, '09:00:00', '13:00:00', '16:00:00', '20:00:00', 0, 48, 48, NULL, NULL),
(659, 95, 1, '08:00:00', '14:00:00', '15:00:00', '20:00:00', 1, 18, 15, NULL, NULL),
(660, 95, 2, '09:00:00', '12:00:00', '15:00:00', '20:00:00', 1, 9, 15, NULL, NULL),
(661, 95, 3, '08:00:00', '13:00:00', '15:00:00', '20:00:00', 1, 15, 15, NULL, NULL),
(662, 95, 4, '09:00:00', '14:00:00', '16:00:00', '21:00:00', 1, 15, 15, NULL, NULL),
(663, 95, 5, '09:00:00', '13:00:00', '15:00:00', '20:00:00', 1, 12, 15, NULL, NULL),
(664, 95, 6, '09:00:00', '14:00:00', '16:00:00', '21:00:00', 0, 15, 15, NULL, NULL),
(665, 95, 7, '08:00:00', '12:00:00', '15:00:00', '20:00:00', 0, 12, 15, NULL, NULL),
(666, 96, 1, '08:00:00', '13:00:00', '15:00:00', '20:00:00', 1, 15, 15, NULL, NULL),
(667, 96, 2, '09:00:00', '12:00:00', '16:00:00', '21:00:00', 1, 9, 15, NULL, NULL),
(668, 96, 3, '08:00:00', '12:00:00', '15:00:00', '20:00:00', 1, 12, 15, NULL, NULL),
(669, 96, 4, '09:00:00', '14:00:00', '15:00:00', '21:00:00', 1, 15, 18, NULL, NULL),
(670, 96, 5, '08:00:00', '12:00:00', '15:00:00', '20:00:00', 1, 12, 15, NULL, NULL),
(671, 96, 6, '09:00:00', '14:00:00', '15:00:00', '20:00:00', 0, 15, 15, NULL, NULL),
(672, 96, 7, '08:00:00', '12:00:00', '16:00:00', '20:00:00', 0, 12, 12, NULL, NULL),
(673, 97, 1, '09:00:00', '13:00:00', '16:00:00', '20:00:00', 1, 24, 24, NULL, NULL),
(674, 97, 2, '08:00:00', '12:00:00', '15:00:00', '20:00:00', 1, 24, 30, NULL, NULL),
(675, 97, 3, '08:00:00', '14:00:00', '16:00:00', '21:00:00', 1, 36, 30, NULL, NULL),
(676, 97, 4, '08:00:00', '13:00:00', '16:00:00', '20:00:00', 1, 30, 24, NULL, NULL),
(677, 97, 5, '08:00:00', '12:00:00', '16:00:00', '21:00:00', 1, 24, 30, NULL, NULL),
(678, 97, 6, '08:00:00', '14:00:00', '15:00:00', '21:00:00', 0, 36, 36, NULL, NULL),
(679, 97, 7, '08:00:00', '12:00:00', '16:00:00', '20:00:00', 0, 24, 24, NULL, NULL),
(680, 98, 1, '09:00:00', '14:00:00', '15:00:00', '20:00:00', 1, 60, 60, NULL, NULL),
(681, 98, 2, '09:00:00', '14:00:00', '16:00:00', '21:00:00', 1, 60, 60, NULL, NULL),
(682, 98, 3, '09:00:00', '13:00:00', '16:00:00', '20:00:00', 1, 48, 48, NULL, NULL),
(683, 98, 4, '08:00:00', '14:00:00', '15:00:00', '20:00:00', 1, 72, 60, NULL, NULL),
(684, 98, 5, '09:00:00', '12:00:00', '15:00:00', '21:00:00', 1, 36, 72, NULL, NULL),
(685, 98, 6, '09:00:00', '13:00:00', '15:00:00', '21:00:00', 0, 48, 72, NULL, NULL),
(686, 98, 7, '09:00:00', '14:00:00', '16:00:00', '20:00:00', 0, 60, 48, NULL, NULL),
(687, 99, 1, '09:00:00', '12:00:00', '15:00:00', '20:00:00', 1, 12, 20, NULL, NULL),
(688, 99, 2, '08:00:00', '12:00:00', '15:00:00', '20:00:00', 1, 16, 20, NULL, NULL),
(689, 99, 3, '09:00:00', '14:00:00', '15:00:00', '21:00:00', 1, 20, 24, NULL, NULL),
(690, 99, 4, '09:00:00', '12:00:00', '15:00:00', '20:00:00', 1, 12, 20, NULL, NULL),
(691, 99, 5, '09:00:00', '12:00:00', '16:00:00', '21:00:00', 1, 12, 20, NULL, NULL),
(692, 99, 6, '09:00:00', '14:00:00', '16:00:00', '20:00:00', 0, 20, 16, NULL, NULL),
(693, 99, 7, '09:00:00', '14:00:00', '16:00:00', '20:00:00', 0, 20, 16, NULL, NULL),
(694, 100, 1, '08:00:00', '13:00:00', '16:00:00', '20:00:00', 1, 15, 12, NULL, NULL),
(695, 100, 2, '09:00:00', '14:00:00', '16:00:00', '20:00:00', 1, 15, 12, NULL, NULL),
(696, 100, 3, '08:00:00', '12:00:00', '15:00:00', '21:00:00', 1, 12, 18, NULL, NULL),
(697, 100, 4, '08:00:00', '12:00:00', '16:00:00', '20:00:00', 1, 12, 12, NULL, NULL),
(698, 100, 5, '08:00:00', '13:00:00', '15:00:00', '21:00:00', 1, 15, 18, NULL, NULL),
(699, 100, 6, '08:00:00', '12:00:00', '15:00:00', '21:00:00', 0, 12, 18, NULL, NULL),
(700, 100, 7, '08:00:00', '14:00:00', '16:00:00', '21:00:00', 0, 18, 15, NULL, NULL);

-- --------------------------------------------------------

--
-- Table structure for table `degrees`
--

CREATE TABLE `degrees` (
  `id` bigint(20) UNSIGNED NOT NULL,
  `name` varchar(191) COLLATE utf8mb4_unicode_ci NOT NULL,
  `name_ar` varchar(191) COLLATE utf8mb4_unicode_ci DEFAULT NULL,
  `name_fr` varchar(191) COLLATE utf8mb4_unicode_ci DEFAULT NULL,
  `created_at` timestamp NULL DEFAULT NULL,
  `updated_at` timestamp NULL DEFAULT NULL
) ENGINE=InnoDB DEFAULT CHARSET=utf8mb4 COLLATE=utf8mb4_unicode_ci;

--
-- Dumping data for table `degrees`
--

INSERT INTO `degrees` (`id`, `name`, `name_ar`, `name_fr`, `created_at`, `updated_at`) VALUES
(1, 'degree1', 'degree1', 'degree1', NULL, NULL),
(2, 'degree2', 'degree2', 'degree2', NULL, NULL),
(3, 'degree3', 'degree3', 'degree3', NULL, NULL),
(4, 'degree4', 'degree4', 'degree4', NULL, NULL),
(5, 'degree5', 'degree5', 'degree5', NULL, NULL);

-- --------------------------------------------------------

--
-- Table structure for table `doctors`
--

CREATE TABLE `doctors` (
  `id` bigint(20) UNSIGNED NOT NULL,
  `name` varchar(191) COLLATE utf8mb4_unicode_ci NOT NULL,
  `name_ar` varchar(191) COLLATE utf8mb4_unicode_ci DEFAULT NULL,
  `name_fr` varchar(191) COLLATE utf8mb4_unicode_ci DEFAULT NULL,
  `gender` enum('male','famle') COLLATE utf8mb4_unicode_ci DEFAULT NULL,
  `phone` varchar(191) COLLATE utf8mb4_unicode_ci NOT NULL,
  `sms_code` varchar(191) COLLATE utf8mb4_unicode_ci DEFAULT NULL,
  `api_token` varchar(191) COLLATE utf8mb4_unicode_ci DEFAULT NULL,
  `email` varchar(191) COLLATE utf8mb4_unicode_ci NOT NULL,
  `password` varchar(191) COLLATE utf8mb4_unicode_ci NOT NULL,
  `active` tinyint(1) NOT NULL DEFAULT 0,
  `specialization_id` int(11) DEFAULT NULL,
  `degree_id` int(11) DEFAULT NULL,
  `cv` varchar(191) COLLATE utf8mb4_unicode_ci DEFAULT NULL,
  `photo` varchar(191) COLLATE utf8mb4_unicode_ci NOT NULL DEFAULT 'doctor.png',
  `reservation_rate` varchar(191) COLLATE utf8mb4_unicode_ci DEFAULT NULL,
  `degree_rate` varchar(191) COLLATE utf8mb4_unicode_ci DEFAULT NULL,
  `created_at` timestamp NULL DEFAULT NULL,
  `updated_at` timestamp NULL DEFAULT NULL
) ENGINE=InnoDB DEFAULT CHARSET=utf8mb4 COLLATE=utf8mb4_unicode_ci;

--
-- Dumping data for table `doctors`
--

INSERT INTO `doctors` (`id`, `name`, `name_ar`, `name_fr`, `gender`, `phone`, `sms_code`, `api_token`, `email`, `password`, `active`, `specialization_id`, `degree_id`, `cv`, `photo`, `reservation_rate`, `degree_rate`, `created_at`, `updated_at`) VALUES
(1, 'doctor1', NULL, NULL, NULL, '1572369993', NULL, NULL, 'doctor1@doctoraak.com', '12345678', 1, 4, 4, NULL, 'doctor.png', '4', '5', NULL, NULL),
(2, 'doctor2', NULL, NULL, NULL, '1572369994', NULL, NULL, 'doctor2@doctoraak.com', '12345678', 1, 3, 5, NULL, 'doctor.png', '4', '5', NULL, NULL),
(3, 'doctor3', NULL, NULL, NULL, '1572369996', NULL, NULL, 'doctor3@doctoraak.com', '12345678', 1, 1, 5, NULL, 'doctor.png', '1', '5', NULL, NULL),
(4, 'doctor4', NULL, NULL, NULL, '1572369997', NULL, NULL, 'doctor4@doctoraak.com', '12345678', 1, 5, 4, NULL, 'doctor.png', '4', '2', NULL, NULL),
(5, 'doctor5', NULL, NULL, NULL, '1572369998', NULL, NULL, 'doctor5@doctoraak.com', '12345678', 1, 1, 4, NULL, 'doctor.png', '3', '4', NULL, NULL),
(6, 'doctor6', NULL, NULL, NULL, '1572369999', NULL, NULL, 'doctor6@doctoraak.com', '12345678', 1, 1, 5, NULL, 'doctor.png', '4', '1', NULL, NULL),
(7, 'doctor7', NULL, NULL, NULL, '1572370000', NULL, NULL, 'doctor7@doctoraak.com', '12345678', 1, 4, 2, NULL, 'doctor.png', '5', '5', NULL, NULL),
(8, 'doctor8', NULL, NULL, NULL, '1572370001', NULL, NULL, 'doctor8@doctoraak.com', '12345678', 1, 3, 5, NULL, 'doctor.png', '4', '2', NULL, NULL),
(9, 'doctor9', NULL, NULL, NULL, '1572370002', NULL, NULL, 'doctor9@doctoraak.com', '12345678', 1, 1, 3, NULL, 'doctor.png', '1', '2', NULL, NULL),
(10, 'doctor10', NULL, NULL, NULL, '1572370004', NULL, NULL, 'doctor10@doctoraak.com', '12345678', 1, 5, 3, NULL, 'doctor.png', '3', '5', NULL, NULL),
(11, 'doctor11', NULL, NULL, NULL, '1572370005', NULL, NULL, 'doctor11@doctoraak.com', '12345678', 1, 1, 2, NULL, 'doctor.png', '4', '1', NULL, NULL),
(12, 'doctor12', NULL, NULL, NULL, '1572370006', NULL, NULL, 'doctor12@doctoraak.com', '12345678', 1, 5, 4, NULL, 'doctor.png', '2', '2', NULL, NULL),
(13, 'doctor13', NULL, NULL, NULL, '1572370007', NULL, NULL, 'doctor13@doctoraak.com', '12345678', 1, 5, 4, NULL, 'doctor.png', '4', '2', NULL, NULL),
(14, 'doctor14', NULL, NULL, NULL, '1572370008', NULL, NULL, 'doctor14@doctoraak.com', '12345678', 1, 1, 5, NULL, 'doctor.png', '4', '2', NULL, NULL),
(15, 'doctor15', NULL, NULL, NULL, '1572370009', NULL, NULL, 'doctor15@doctoraak.com', '12345678', 1, 1, 3, NULL, 'doctor.png', '5', '3', NULL, NULL),
(16, 'doctor16', NULL, NULL, NULL, '1572370010', NULL, NULL, 'doctor16@doctoraak.com', '12345678', 1, 5, 2, NULL, 'doctor.png', '4', '2', NULL, NULL),
(17, 'doctor17', NULL, NULL, NULL, '1572370012', NULL, NULL, 'doctor17@doctoraak.com', '12345678', 1, 3, 5, NULL, 'doctor.png', '2', '1', NULL, NULL),
(18, 'doctor18', NULL, NULL, NULL, '1572370013', NULL, NULL, 'doctor18@doctoraak.com', '12345678', 1, 4, 4, NULL, 'doctor.png', '4', '3', NULL, NULL),
(19, 'doctor19', NULL, NULL, NULL, '1572370014', NULL, NULL, 'doctor19@doctoraak.com', '12345678', 1, 3, 2, NULL, 'doctor.png', '1', '2', NULL, NULL),
(20, 'doctor20', NULL, NULL, NULL, '1572370015', NULL, NULL, 'doctor20@doctoraak.com', '12345678', 1, 3, 4, NULL, 'doctor.png', '4', '2', NULL, NULL),
(21, 'doctor21', NULL, NULL, NULL, '1572370016', NULL, NULL, 'doctor21@doctoraak.com', '12345678', 1, 2, 1, NULL, 'doctor.png', '2', '4', NULL, NULL),
(22, 'doctor22', NULL, NULL, NULL, '1572370017', NULL, NULL, 'doctor22@doctoraak.com', '12345678', 1, 5, 5, NULL, 'doctor.png', '2', '4', NULL, NULL),
(23, 'doctor23', NULL, NULL, NULL, '1572370019', NULL, NULL, 'doctor23@doctoraak.com', '12345678', 1, 5, 4, NULL, 'doctor.png', '3', '2', NULL, NULL),
(24, 'doctor24', NULL, NULL, NULL, '1572370020', NULL, NULL, 'doctor24@doctoraak.com', '12345678', 1, 5, 2, NULL, 'doctor.png', '5', '1', NULL, NULL),
(25, 'doctor25', NULL, NULL, NULL, '1572370021', NULL, NULL, 'doctor25@doctoraak.com', '12345678', 1, 1, 3, NULL, 'doctor.png', '2', '4', NULL, NULL),
(26, 'doctor26', NULL, NULL, NULL, '1572370022', NULL, NULL, 'doctor26@doctoraak.com', '12345678', 1, 3, 2, NULL, 'doctor.png', '4', '1', NULL, NULL),
(27, 'doctor27', NULL, NULL, NULL, '1572370023', NULL, NULL, 'doctor27@doctoraak.com', '12345678', 1, 3, 5, NULL, 'doctor.png', '5', '3', NULL, NULL),
(28, 'doctor28', NULL, NULL, NULL, '1572370024', NULL, NULL, 'doctor28@doctoraak.com', '12345678', 1, 1, 5, NULL, 'doctor.png', '3', '1', NULL, NULL),
(29, 'doctor29', NULL, NULL, NULL, '1572370025', NULL, NULL, 'doctor29@doctoraak.com', '12345678', 1, 4, 4, NULL, 'doctor.png', '4', '5', NULL, NULL),
(30, 'doctor30', NULL, NULL, NULL, '1572370027', NULL, NULL, 'doctor30@doctoraak.com', '12345678', 1, 1, 4, NULL, 'doctor.png', '3', '5', NULL, NULL),
(31, 'doctor31', NULL, NULL, NULL, '1572370028', NULL, NULL, 'doctor31@doctoraak.com', '12345678', 1, 4, 2, NULL, 'doctor.png', '3', '5', NULL, NULL),
(32, 'doctor32', NULL, NULL, NULL, '1572370029', NULL, NULL, 'doctor32@doctoraak.com', '12345678', 1, 3, 3, NULL, 'doctor.png', '1', '2', NULL, NULL),
(33, 'doctor33', NULL, NULL, NULL, '1572370030', NULL, NULL, 'doctor33@doctoraak.com', '12345678', 1, 3, 3, NULL, 'doctor.png', '2', '2', NULL, NULL),
(34, 'doctor34', NULL, NULL, NULL, '1572370031', NULL, NULL, 'doctor34@doctoraak.com', '12345678', 1, 4, 1, NULL, 'doctor.png', '4', '3', NULL, NULL),
(35, 'doctor35', NULL, NULL, NULL, '1572370032', NULL, NULL, 'doctor35@doctoraak.com', '12345678', 1, 3, 1, NULL, 'doctor.png', '4', '4', NULL, NULL),
(36, 'doctor36', NULL, NULL, NULL, '1572370033', NULL, NULL, 'doctor36@doctoraak.com', '12345678', 1, 1, 1, NULL, 'doctor.png', '5', '1', NULL, NULL),
(37, 'doctor37', NULL, NULL, NULL, '1572370035', NULL, NULL, 'doctor37@doctoraak.com', '12345678', 1, 4, 1, NULL, 'doctor.png', '3', '5', NULL, NULL),
(38, 'doctor38', NULL, NULL, NULL, '1572370036', NULL, NULL, 'doctor38@doctoraak.com', '12345678', 1, 3, 1, NULL, 'doctor.png', '2', '1', NULL, NULL),
(39, 'doctor39', NULL, NULL, NULL, '1572370037', NULL, NULL, 'doctor39@doctoraak.com', '12345678', 1, 5, 4, NULL, 'doctor.png', '5', '4', NULL, NULL),
(40, 'doctor40', NULL, NULL, NULL, '1572370038', NULL, NULL, 'doctor40@doctoraak.com', '12345678', 1, 3, 2, NULL, 'doctor.png', '2', '2', NULL, NULL),
(41, 'doctor41', NULL, NULL, NULL, '1572370039', NULL, NULL, 'doctor41@doctoraak.com', '12345678', 1, 2, 5, NULL, 'doctor.png', '1', '5', NULL, NULL),
(42, 'doctor42', NULL, NULL, NULL, '1572370040', NULL, NULL, 'doctor42@doctoraak.com', '12345678', 1, 5, 4, NULL, 'doctor.png', '3', '4', NULL, NULL),
(43, 'doctor43', NULL, NULL, NULL, '1572370041', NULL, NULL, 'doctor43@doctoraak.com', '12345678', 1, 3, 2, NULL, 'doctor.png', '4', '1', NULL, NULL),
(44, 'doctor44', NULL, NULL, NULL, '1572370042', NULL, NULL, 'doctor44@doctoraak.com', '12345678', 1, 5, 2, NULL, 'doctor.png', '4', '2', NULL, NULL),
(45, 'doctor45', NULL, NULL, NULL, '1572370044', NULL, NULL, 'doctor45@doctoraak.com', '12345678', 1, 2, 3, NULL, 'doctor.png', '5', '4', NULL, NULL),
(46, 'doctor46', NULL, NULL, NULL, '1572370045', NULL, NULL, 'doctor46@doctoraak.com', '12345678', 1, 4, 1, NULL, 'doctor.png', '3', '4', NULL, NULL),
(47, 'doctor47', NULL, NULL, NULL, '1572370046', NULL, NULL, 'doctor47@doctoraak.com', '12345678', 1, 1, 1, NULL, 'doctor.png', '3', '4', NULL, NULL),
(48, 'doctor48', NULL, NULL, NULL, '1572370047', NULL, NULL, 'doctor48@doctoraak.com', '12345678', 1, 1, 1, NULL, 'doctor.png', '4', '1', NULL, NULL),
(49, 'doctor49', NULL, NULL, NULL, '1572370048', NULL, NULL, 'doctor49@doctoraak.com', '12345678', 1, 4, 4, NULL, 'doctor.png', '5', '4', NULL, NULL),
(50, 'doctor50', NULL, NULL, NULL, '1572370049', NULL, NULL, 'doctor50@doctoraak.com', '12345678', 1, 5, 5, NULL, 'doctor.png', '2', '2', NULL, NULL),
(51, 'doctor51', NULL, NULL, NULL, '1572370050', NULL, NULL, 'doctor51@doctoraak.com', '12345678', 1, 2, 2, NULL, 'doctor.png', '1', '5', NULL, NULL),
(52, 'doctor52', NULL, NULL, NULL, '1572370051', NULL, NULL, 'doctor52@doctoraak.com', '12345678', 1, 3, 3, NULL, 'doctor.png', '3', '2', NULL, NULL),
(53, 'doctor53', NULL, NULL, NULL, '1572370052', NULL, NULL, 'doctor53@doctoraak.com', '12345678', 1, 2, 1, NULL, 'doctor.png', '3', '2', NULL, NULL),
(54, 'doctor54', NULL, NULL, NULL, '1572370054', NULL, NULL, 'doctor54@doctoraak.com', '12345678', 1, 4, 1, NULL, 'doctor.png', '5', '3', NULL, NULL),
(55, 'doctor55', NULL, NULL, NULL, '1572370055', NULL, NULL, 'doctor55@doctoraak.com', '12345678', 1, 2, 3, NULL, 'doctor.png', '5', '5', NULL, NULL),
(56, 'doctor56', NULL, NULL, NULL, '1572370056', NULL, NULL, 'doctor56@doctoraak.com', '12345678', 1, 5, 5, NULL, 'doctor.png', '3', '5', NULL, NULL),
(57, 'doctor57', NULL, NULL, NULL, '1572370057', NULL, NULL, 'doctor57@doctoraak.com', '12345678', 1, 3, 2, NULL, 'doctor.png', '3', '1', NULL, NULL),
(58, 'doctor58', NULL, NULL, NULL, '1572370058', NULL, NULL, 'doctor58@doctoraak.com', '12345678', 1, 5, 3, NULL, 'doctor.png', '4', '1', NULL, NULL),
(59, 'doctor59', NULL, NULL, NULL, '1572370059', NULL, NULL, 'doctor59@doctoraak.com', '12345678', 1, 4, 5, NULL, 'doctor.png', '5', '5', NULL, NULL),
(60, 'doctor60', NULL, NULL, NULL, '1572370060', NULL, NULL, 'doctor60@doctoraak.com', '12345678', 1, 1, 2, NULL, 'doctor.png', '5', '3', NULL, NULL),
(61, 'doctor61', NULL, NULL, NULL, '1572370062', NULL, NULL, 'doctor61@doctoraak.com', '12345678', 1, 5, 2, NULL, 'doctor.png', '5', '3', NULL, NULL),
(62, 'doctor62', NULL, NULL, NULL, '1572370063', NULL, NULL, 'doctor62@doctoraak.com', '12345678', 1, 2, 1, NULL, 'doctor.png', '4', '1', NULL, NULL),
(63, 'doctor63', NULL, NULL, NULL, '1572370064', NULL, NULL, 'doctor63@doctoraak.com', '12345678', 1, 4, 1, NULL, 'doctor.png', '5', '1', NULL, NULL),
(64, 'doctor64', NULL, NULL, NULL, '1572370065', NULL, NULL, 'doctor64@doctoraak.com', '12345678', 1, 5, 5, NULL, 'doctor.png', '4', '3', NULL, NULL),
(65, 'doctor65', NULL, NULL, NULL, '1572370066', NULL, NULL, 'doctor65@doctoraak.com', '12345678', 1, 3, 2, NULL, 'doctor.png', '4', '2', NULL, NULL),
(66, 'doctor66', NULL, NULL, NULL, '1572370067', NULL, NULL, 'doctor66@doctoraak.com', '12345678', 1, 2, 5, NULL, 'doctor.png', '3', '2', NULL, NULL),
(67, 'doctor67', NULL, NULL, NULL, '1572370068', NULL, NULL, 'doctor67@doctoraak.com', '12345678', 1, 4, 4, NULL, 'doctor.png', '1', '1', NULL, NULL),
(68, 'doctor68', NULL, NULL, NULL, '1572370069', NULL, NULL, 'doctor68@doctoraak.com', '12345678', 1, 3, 2, NULL, 'doctor.png', '1', '2', NULL, NULL),
(69, 'doctor69', NULL, NULL, NULL, '1572370070', NULL, NULL, 'doctor69@doctoraak.com', '12345678', 1, 1, 3, NULL, 'doctor.png', '1', '5', NULL, NULL),
(70, 'doctor70', NULL, NULL, NULL, '1572370071', NULL, NULL, 'doctor70@doctoraak.com', '12345678', 1, 1, 4, NULL, 'doctor.png', '1', '3', NULL, NULL),
(71, 'doctor71', NULL, NULL, NULL, '1572370073', NULL, NULL, 'doctor71@doctoraak.com', '12345678', 1, 3, 2, NULL, 'doctor.png', '2', '5', NULL, NULL),
(72, 'doctor72', NULL, NULL, NULL, '1572370074', NULL, NULL, 'doctor72@doctoraak.com', '12345678', 1, 4, 2, NULL, 'doctor.png', '4', '5', NULL, NULL),
(73, 'doctor73', NULL, NULL, NULL, '1572370075', NULL, NULL, 'doctor73@doctoraak.com', '12345678', 1, 5, 1, NULL, 'doctor.png', '5', '5', NULL, NULL),
(74, 'doctor74', NULL, NULL, NULL, '1572370076', NULL, NULL, 'doctor74@doctoraak.com', '12345678', 1, 4, 1, NULL, 'doctor.png', '2', '1', NULL, NULL),
(75, 'doctor75', NULL, NULL, NULL, '1572370077', NULL, NULL, 'doctor75@doctoraak.com', '12345678', 1, 2, 5, NULL, 'doctor.png', '4', '4', NULL, NULL),
(76, 'doctor76', NULL, NULL, NULL, '1572370079', NULL, NULL, 'doctor76@doctoraak.com', '12345678', 1, 4, 2, NULL, 'doctor.png', '5', '1', NULL, NULL),
(77, 'doctor77', NULL, NULL, NULL, '1572370080', NULL, NULL, 'doctor77@doctoraak.com', '12345678', 1, 2, 4, NULL, 'doctor.png', '2', '2', NULL, NULL),
(78, 'doctor78', NULL, NULL, NULL, '1572370081', NULL, NULL, 'doctor78@doctoraak.com', '12345678', 1, 4, 3, NULL, 'doctor.png', '2', '3', NULL, NULL),
(79, 'doctor79', NULL, NULL, NULL, '1572370082', NULL, NULL, 'doctor79@doctoraak.com', '12345678', 1, 3, 3, NULL, 'doctor.png', '1', '3', NULL, NULL),
(80, 'doctor80', NULL, NULL, NULL, '1572370083', NULL, NULL, 'doctor80@doctoraak.com', '12345678', 1, 4, 1, NULL, 'doctor.png', '2', '4', NULL, NULL),
(81, 'doctor81', NULL, NULL, NULL, '1572370085', NULL, NULL, 'doctor81@doctoraak.com', '12345678', 1, 4, 4, NULL, 'doctor.png', '2', '5', NULL, NULL),
(82, 'doctor82', NULL, NULL, NULL, '1572370086', NULL, NULL, 'doctor82@doctoraak.com', '12345678', 1, 5, 5, NULL, 'doctor.png', '5', '2', NULL, NULL),
(83, 'doctor83', NULL, NULL, NULL, '1572370087', NULL, NULL, 'doctor83@doctoraak.com', '12345678', 1, 3, 2, NULL, 'doctor.png', '4', '1', NULL, NULL),
(84, 'doctor84', NULL, NULL, NULL, '1572370088', NULL, NULL, 'doctor84@doctoraak.com', '12345678', 1, 4, 3, NULL, 'doctor.png', '4', '3', NULL, NULL),
(85, 'doctor85', NULL, NULL, NULL, '1572370089', NULL, NULL, 'doctor85@doctoraak.com', '12345678', 1, 1, 3, NULL, 'doctor.png', '5', '3', NULL, NULL),
(86, 'doctor86', NULL, NULL, NULL, '1572370090', NULL, NULL, 'doctor86@doctoraak.com', '12345678', 1, 5, 4, NULL, 'doctor.png', '2', '2', NULL, NULL),
(87, 'doctor87', NULL, NULL, NULL, '1572370092', NULL, NULL, 'doctor87@doctoraak.com', '12345678', 1, 2, 2, NULL, 'doctor.png', '5', '2', NULL, NULL),
(88, 'doctor88', NULL, NULL, NULL, '1572370093', NULL, NULL, 'doctor88@doctoraak.com', '12345678', 1, 1, 2, NULL, 'doctor.png', '3', '3', NULL, NULL),
(89, 'doctor89', NULL, NULL, NULL, '1572370094', NULL, NULL, 'doctor89@doctoraak.com', '12345678', 1, 1, 5, NULL, 'doctor.png', '4', '3', NULL, NULL),
(90, 'doctor90', NULL, NULL, NULL, '1572370095', NULL, NULL, 'doctor90@doctoraak.com', '12345678', 1, 1, 3, NULL, 'doctor.png', '2', '1', NULL, NULL),
(91, 'doctor91', NULL, NULL, NULL, '1572370096', NULL, NULL, 'doctor91@doctoraak.com', '12345678', 1, 3, 1, NULL, 'doctor.png', '1', '1', NULL, NULL),
(92, 'doctor92', NULL, NULL, NULL, '1572370097', NULL, NULL, 'doctor92@doctoraak.com', '12345678', 1, 5, 2, NULL, 'doctor.png', '5', '3', NULL, NULL),
(93, 'doctor93', NULL, NULL, NULL, '1572370098', NULL, NULL, 'doctor93@doctoraak.com', '12345678', 1, 2, 1, NULL, 'doctor.png', '1', '1', NULL, NULL),
(94, 'doctor94', NULL, NULL, NULL, '1572370100', NULL, NULL, 'doctor94@doctoraak.com', '12345678', 1, 3, 4, NULL, 'doctor.png', '1', '5', NULL, NULL),
(95, 'doctor95', NULL, NULL, NULL, '1572370101', NULL, NULL, 'doctor95@doctoraak.com', '12345678', 1, 5, 4, NULL, 'doctor.png', '5', '3', NULL, NULL),
(96, 'doctor96', NULL, NULL, NULL, '1572370102', NULL, NULL, 'doctor96@doctoraak.com', '12345678', 1, 1, 3, NULL, 'doctor.png', '4', '3', NULL, NULL),
(97, 'doctor97', NULL, NULL, NULL, '1572370103', NULL, NULL, 'doctor97@doctoraak.com', '12345678', 1, 2, 5, NULL, 'doctor.png', '3', '4', NULL, NULL),
(98, 'doctor98', NULL, NULL, NULL, '1572370104', NULL, NULL, 'doctor98@doctoraak.com', '12345678', 1, 2, 5, NULL, 'doctor.png', '5', '2', NULL, NULL),
(99, 'doctor99', NULL, NULL, NULL, '1572370105', NULL, NULL, 'doctor99@doctoraak.com', '12345678', 1, 5, 3, NULL, 'doctor.png', '4', '1', NULL, NULL),
(100, 'doctor100', NULL, NULL, NULL, '1572370106', NULL, NULL, 'doctor100@doctoraak.com', '12345678', 1, 5, 3, NULL, 'doctor.png', '2', '3', NULL, NULL),
(101, 'ahmed', NULL, NULL, 'male', '01123904215', '1572385300', '123456', 'test2@test.com', '$2y$10$QCvEeyo3/2WGGa0FekLEYOPuWU.Pj82hMucQRWNYbHVTbg3yEpq5q', 0, 1, 1, '157238530193088.pdf', '157238530118763.png', NULL, NULL, '2019-10-30 04:41:40', '2019-10-30 04:41:41'),
(102, 'ahmed', NULL, NULL, 'male', '01123904214', '1572385366', '123456', 'test1@test.com', '$2y$10$gKVxyzwanban6gY5PhaaBe9f/HFK96xFy9jbWpkJ7xW4NR.pmP8SC', 0, 1, 1, '157238941548343.pdf', '157238941514920.jpeg', NULL, NULL, '2019-10-30 04:42:46', '2019-10-30 05:50:15');

-- --------------------------------------------------------

--
-- Table structure for table `doctor_insurances`
--

CREATE TABLE `doctor_insurances` (
  `id` bigint(20) UNSIGNED NOT NULL,
  `doctor_id` int(11) DEFAULT NULL,
  `insurance_id` int(11) DEFAULT NULL,
  `created_at` timestamp NULL DEFAULT NULL,
  `updated_at` timestamp NULL DEFAULT NULL
) ENGINE=InnoDB DEFAULT CHARSET=utf8mb4 COLLATE=utf8mb4_unicode_ci;

--
-- Dumping data for table `doctor_insurances`
--

INSERT INTO `doctor_insurances` (`id`, `doctor_id`, `insurance_id`, `created_at`, `updated_at`) VALUES
(1, 1, 5, NULL, NULL),
(2, 2, 3, NULL, NULL),
(3, 3, 5, NULL, NULL),
(4, 4, 3, NULL, NULL),
(5, 5, 2, NULL, NULL),
(6, 6, 2, NULL, NULL),
(7, 7, 5, NULL, NULL),
(8, 8, 1, NULL, NULL),
(9, 9, 1, NULL, NULL),
(10, 10, 3, NULL, NULL),
(11, 11, 2, NULL, NULL),
(12, 12, 5, NULL, NULL),
(13, 13, 1, NULL, NULL),
(14, 14, 3, NULL, NULL),
(15, 15, 4, NULL, NULL),
(16, 16, 1, NULL, NULL),
(17, 17, 1, NULL, NULL),
(18, 18, 4, NULL, NULL),
(19, 19, 5, NULL, NULL),
(20, 20, 1, NULL, NULL),
(21, 21, 4, NULL, NULL),
(22, 22, 2, NULL, NULL),
(23, 23, 4, NULL, NULL),
(24, 24, 1, NULL, NULL),
(25, 25, 3, NULL, NULL),
(26, 26, 1, NULL, NULL),
(27, 27, 1, NULL, NULL),
(28, 28, 1, NULL, NULL),
(29, 29, 2, NULL, NULL),
(30, 30, 1, NULL, NULL),
(31, 31, 1, NULL, NULL),
(32, 32, 2, NULL, NULL),
(33, 33, 2, NULL, NULL),
(34, 34, 3, NULL, NULL),
(35, 35, 1, NULL, NULL),
(36, 36, 5, NULL, NULL),
(37, 37, 2, NULL, NULL),
(38, 38, 3, NULL, NULL),
(39, 39, 5, NULL, NULL),
(40, 40, 2, NULL, NULL),
(41, 41, 2, NULL, NULL),
(42, 42, 2, NULL, NULL),
(43, 43, 4, NULL, NULL),
(44, 44, 2, NULL, NULL),
(45, 45, 4, NULL, NULL),
(46, 46, 4, NULL, NULL),
(47, 47, 5, NULL, NULL),
(48, 48, 4, NULL, NULL),
(49, 49, 4, NULL, NULL),
(50, 50, 1, NULL, NULL),
(51, 51, 1, NULL, NULL),
(52, 52, 5, NULL, NULL),
(53, 53, 3, NULL, NULL),
(54, 54, 3, NULL, NULL),
(55, 55, 2, NULL, NULL),
(56, 56, 1, NULL, NULL),
(57, 57, 5, NULL, NULL),
(58, 58, 4, NULL, NULL),
(59, 59, 4, NULL, NULL),
(60, 60, 4, NULL, NULL),
(61, 61, 3, NULL, NULL),
(62, 62, 2, NULL, NULL),
(63, 63, 2, NULL, NULL),
(64, 64, 4, NULL, NULL),
(65, 65, 1, NULL, NULL),
(66, 66, 3, NULL, NULL),
(67, 67, 2, NULL, NULL),
(68, 68, 1, NULL, NULL),
(69, 69, 4, NULL, NULL),
(70, 70, 3, NULL, NULL),
(71, 71, 2, NULL, NULL),
(72, 72, 1, NULL, NULL),
(73, 73, 1, NULL, NULL),
(74, 74, 1, NULL, NULL),
(75, 75, 3, NULL, NULL),
(76, 76, 1, NULL, NULL),
(77, 77, 2, NULL, NULL),
(78, 78, 3, NULL, NULL),
(79, 79, 5, NULL, NULL),
(80, 80, 5, NULL, NULL),
(81, 81, 3, NULL, NULL),
(82, 82, 1, NULL, NULL),
(83, 83, 2, NULL, NULL),
(84, 84, 2, NULL, NULL),
(85, 85, 1, NULL, NULL),
(86, 86, 4, NULL, NULL),
(87, 87, 5, NULL, NULL),
(88, 88, 3, NULL, NULL),
(89, 89, 2, NULL, NULL),
(90, 90, 5, NULL, NULL),
(91, 91, 2, NULL, NULL),
(92, 92, 3, NULL, NULL),
(93, 93, 1, NULL, NULL),
(94, 94, 3, NULL, NULL),
(95, 95, 3, NULL, NULL),
(96, 96, 3, NULL, NULL),
(97, 97, 4, NULL, NULL),
(98, 98, 4, NULL, NULL),
(99, 99, 5, NULL, NULL),
(100, 100, 5, NULL, NULL),
(101, 101, 1, '2019-10-30 04:41:41', '2019-10-30 04:41:41'),
(102, 101, 2, '2019-10-30 04:41:41', '2019-10-30 04:41:41'),
(103, 101, 3, '2019-10-30 04:41:41', '2019-10-30 04:41:41'),
(107, 102, 1, '2019-10-30 05:50:15', '2019-10-30 05:50:15'),
(108, 102, 2, '2019-10-30 05:50:15', '2019-10-30 05:50:15'),
(109, 102, 2, '2019-10-30 05:50:15', '2019-10-30 05:50:15');

-- --------------------------------------------------------

--
-- Table structure for table `failed_jobs`
--

CREATE TABLE `failed_jobs` (
  `id` bigint(20) UNSIGNED NOT NULL,
  `connection` text COLLATE utf8mb4_unicode_ci NOT NULL,
  `queue` text COLLATE utf8mb4_unicode_ci NOT NULL,
  `payload` longtext COLLATE utf8mb4_unicode_ci NOT NULL,
  `exception` longtext COLLATE utf8mb4_unicode_ci NOT NULL,
  `failed_at` timestamp NOT NULL DEFAULT current_timestamp()
) ENGINE=InnoDB DEFAULT CHARSET=utf8mb4 COLLATE=utf8mb4_unicode_ci;

-- --------------------------------------------------------

--
-- Table structure for table `favourites`
--

CREATE TABLE `favourites` (
  `id` bigint(20) UNSIGNED NOT NULL,
  `doctor_id` int(11) DEFAULT NULL,
  `patient_id` int(11) DEFAULT NULL,
  `created_at` timestamp NULL DEFAULT NULL,
  `updated_at` timestamp NULL DEFAULT NULL
) ENGINE=InnoDB DEFAULT CHARSET=utf8mb4 COLLATE=utf8mb4_unicode_ci;

-- --------------------------------------------------------

--
-- Table structure for table `icus`
--

CREATE TABLE `icus` (
  `id` bigint(20) UNSIGNED NOT NULL,
  `name` varchar(191) COLLATE utf8mb4_unicode_ci NOT NULL,
  `name_ar` varchar(191) COLLATE utf8mb4_unicode_ci DEFAULT NULL,
  `name_fr` varchar(191) COLLATE utf8mb4_unicode_ci DEFAULT NULL,
  `description` varchar(191) COLLATE utf8mb4_unicode_ci DEFAULT NULL,
  `description_ar` varchar(191) COLLATE utf8mb4_unicode_ci DEFAULT NULL,
  `description_fr` varchar(191) COLLATE utf8mb4_unicode_ci DEFAULT NULL,
  `city` int(11) NOT NULL,
  `area` int(11) NOT NULL,
  `lng` double DEFAULT NULL,
  `lat` double DEFAULT NULL,
  `bed_number` int(11) NOT NULL DEFAULT 0,
  `rate` enum('1','2','3','4','5') COLLATE utf8mb4_unicode_ci NOT NULL DEFAULT '1',
  `created_at` timestamp NULL DEFAULT NULL,
  `updated_at` timestamp NULL DEFAULT NULL
) ENGINE=InnoDB DEFAULT CHARSET=utf8mb4 COLLATE=utf8mb4_unicode_ci;

--
-- Dumping data for table `icus`
--

INSERT INTO `icus` (`id`, `name`, `name_ar`, `name_fr`, `description`, `description_ar`, `description_fr`, `city`, `area`, `lng`, `lat`, `bed_number`, `rate`, `created_at`, `updated_at`) VALUES
(1, 'icu1', 'icu1', 'icu1', 'icu1', 'icu1', 'icu1', 4, 3, 31.09663045464, 29.908257947919, 12, '3', NULL, NULL),
(2, 'icu2', 'icu2', 'icu2', 'icu2', 'icu2', 'icu2', 3, 4, 31.159458158254, 29.995953569271, 10, '3', NULL, NULL),
(3, 'icu3', 'icu3', 'icu3', 'icu3', 'icu3', 'icu3', 4, 1, 31.261466123438, 29.952226280939, 11, '1', NULL, NULL),
(4, 'icu4', 'icu4', 'icu4', 'icu4', 'icu4', 'icu4', 3, 2, 31.142435251249, 30.048927534039, 5, '1', NULL, NULL),
(5, 'icu5', 'icu5', 'icu5', 'icu5', 'icu5', 'icu5', 3, 1, 31.203830446633, 29.930699082183, 12, '4', NULL, NULL),
(6, 'icu6', 'icu6', 'icu6', 'icu6', 'icu6', 'icu6', 2, 2, 31.18820870429, 30.049733233783, 6, '3', NULL, NULL),
(7, 'icu7', 'icu7', 'icu7', 'icu7', 'icu7', 'icu7', 3, 1, 31.270946591577, 29.887110096151, 13, '3', NULL, NULL),
(8, 'icu8', 'icu8', 'icu8', 'icu8', 'icu8', 'icu8', 1, 1, 31.162093396139, 29.973307352462, 19, '2', NULL, NULL),
(9, 'icu9', 'icu9', 'icu9', 'icu9', 'icu9', 'icu9', 3, 1, 31.153232404237, 29.996622371838, 13, '3', NULL, NULL),
(10, 'icu10', 'icu10', 'icu10', 'icu10', 'icu10', 'icu10', 2, 4, 31.155655354522, 30.032298006851, 19, '2', NULL, NULL),
(11, 'icu11', 'icu11', 'icu11', 'icu11', 'icu11', 'icu11', 1, 2, 31.132245287851, 30.045307813488, 18, '3', NULL, NULL),
(12, 'icu12', 'icu12', 'icu12', 'icu12', 'icu12', 'icu12', 4, 4, 30.998374426646, 29.86708652423, 5, '2', NULL, NULL),
(13, 'icu13', 'icu13', 'icu13', 'icu13', 'icu13', 'icu13', 2, 2, 31.14077555581, 29.993085497796, 15, '1', NULL, NULL),
(14, 'icu14', 'icu14', 'icu14', 'icu14', 'icu14', 'icu14', 4, 1, 31.249985165396, 29.931188570087, 5, '1', NULL, NULL),
(15, 'icu15', 'icu15', 'icu15', 'icu15', 'icu15', 'icu15', 1, 4, 31.152786849704, 29.996925999287, 18, '2', NULL, NULL),
(16, 'icu16', 'icu16', 'icu16', 'icu16', 'icu16', 'icu16', 2, 2, 31.072676326107, 29.896097162485, 17, '3', NULL, NULL),
(17, 'icu17', 'icu17', 'icu17', 'icu17', 'icu17', 'icu17', 2, 1, 31.236608398296, 29.986027463319, 11, '4', NULL, NULL),
(18, 'icu18', 'icu18', 'icu18', 'icu18', 'icu18', 'icu18', 2, 3, 31.125916761519, 29.931053867729, 7, '5', NULL, NULL),
(19, 'icu19', 'icu19', 'icu19', 'icu19', 'icu19', 'icu19', 2, 1, 31.138533058343, 30.058491437684, 14, '3', NULL, NULL),
(20, 'icu20', 'icu20', 'icu20', 'icu20', 'icu20', 'icu20', 1, 2, 31.165224218492, 30.010637788349, 6, '3', NULL, NULL),
(21, 'icu21', 'icu21', 'icu21', 'icu21', 'icu21', 'icu21', 3, 1, 31.197702525451, 29.946957590318, 6, '3', NULL, NULL),
(22, 'icu22', 'icu22', 'icu22', 'icu22', 'icu22', 'icu22', 1, 3, 31.1595203056, 29.910428921533, 16, '2', NULL, NULL),
(23, 'icu23', 'icu23', 'icu23', 'icu23', 'icu23', 'icu23', 4, 2, 31.341567276243, 29.943374199881, 5, '4', NULL, NULL),
(24, 'icu24', 'icu24', 'icu24', 'icu24', 'icu24', 'icu24', 1, 1, 31.180447827761, 29.985333582602, 12, '1', NULL, NULL),
(25, 'icu25', 'icu25', 'icu25', 'icu25', 'icu25', 'icu25', 1, 1, 31.131198863282, 30.001719233496, 7, '1', NULL, NULL),
(26, 'icu26', 'icu26', 'icu26', 'icu26', 'icu26', 'icu26', 3, 3, 31.038503683848, 29.942107509447, 12, '1', NULL, NULL),
(27, 'icu27', 'icu27', 'icu27', 'icu27', 'icu27', 'icu27', 4, 4, 31.104523517055, 29.919669623046, 17, '1', NULL, NULL),
(28, 'icu28', 'icu28', 'icu28', 'icu28', 'icu28', 'icu28', 4, 2, 31.108615332166, 30.001327302772, 9, '1', NULL, NULL),
(29, 'icu29', 'icu29', 'icu29', 'icu29', 'icu29', 'icu29', 2, 3, 31.153709472834, 30.019741417728, 12, '5', NULL, NULL),
(30, 'icu30', 'icu30', 'icu30', 'icu30', 'icu30', 'icu30', 2, 4, 31.197035684781, 30.118966585406, 18, '4', NULL, NULL),
(31, 'icu31', 'icu31', 'icu31', 'icu31', 'icu31', 'icu31', 2, 2, 30.984963536422, 29.809379806882, 8, '4', NULL, NULL),
(32, 'icu32', 'icu32', 'icu32', 'icu32', 'icu32', 'icu32', 2, 3, 31.110012672653, 29.963294150176, 17, '4', NULL, NULL),
(33, 'icu33', 'icu33', 'icu33', 'icu33', 'icu33', 'icu33', 4, 2, 31.160756588766, 30.005824578453, 12, '3', NULL, NULL),
(34, 'icu34', 'icu34', 'icu34', 'icu34', 'icu34', 'icu34', 2, 2, 31.195951881368, 29.915444267272, 5, '2', NULL, NULL),
(35, 'icu35', 'icu35', 'icu35', 'icu35', 'icu35', 'icu35', 1, 4, 31.214815617945, 30.164429281711, 15, '4', NULL, NULL),
(36, 'icu36', 'icu36', 'icu36', 'icu36', 'icu36', 'icu36', 3, 2, 31.139780582637, 29.999999980706, 14, '3', NULL, NULL),
(37, 'icu37', 'icu37', 'icu37', 'icu37', 'icu37', 'icu37', 3, 3, 31.179843097734, 29.926945814689, 9, '3', NULL, NULL),
(38, 'icu38', 'icu38', 'icu38', 'icu38', 'icu38', 'icu38', 3, 2, 31.21688548627, 29.731592937646, 20, '4', NULL, NULL),
(39, 'icu39', 'icu39', 'icu39', 'icu39', 'icu39', 'icu39', 2, 2, 31.157257341313, 29.985442702798, 10, '3', NULL, NULL),
(40, 'icu40', 'icu40', 'icu40', 'icu40', 'icu40', 'icu40', 3, 3, 31.334738093357, 30.141436328099, 14, '5', NULL, NULL),
(41, 'icu41', 'icu41', 'icu41', 'icu41', 'icu41', 'icu41', 4, 4, 31.103144557771, 30.000004087788, 11, '5', NULL, NULL),
(42, 'icu42', 'icu42', 'icu42', 'icu42', 'icu42', 'icu42', 3, 3, 31.243182232946, 29.99394692673, 6, '3', NULL, NULL),
(43, 'icu43', 'icu43', 'icu43', 'icu43', 'icu43', 'icu43', 3, 1, 31.138730179376, 29.999277021373, 5, '2', NULL, NULL),
(44, 'icu44', 'icu44', 'icu44', 'icu44', 'icu44', 'icu44', 4, 1, 31.142422957445, 30.000440453282, 7, '4', NULL, NULL),
(45, 'icu45', 'icu45', 'icu45', 'icu45', 'icu45', 'icu45', 3, 2, 31.154331937855, 30.019095576294, 20, '1', NULL, NULL),
(46, 'icu46', 'icu46', 'icu46', 'icu46', 'icu46', 'icu46', 2, 3, 31.162656820446, 29.968765292884, 20, '1', NULL, NULL),
(47, 'icu47', 'icu47', 'icu47', 'icu47', 'icu47', 'icu47', 3, 2, 31.12883187335, 29.979994517544, 10, '1', NULL, NULL),
(48, 'icu48', 'icu48', 'icu48', 'icu48', 'icu48', 'icu48', 1, 2, 31.121338089247, 30.015464002717, 10, '4', NULL, NULL),
(49, 'icu49', 'icu49', 'icu49', 'icu49', 'icu49', 'icu49', 1, 2, 31.357237607743, 29.838645692199, 17, '4', NULL, NULL),
(50, 'icu50', 'icu50', 'icu50', 'icu50', 'icu50', 'icu50', 2, 4, 31.041835808255, 30.001041887819, 10, '4', NULL, NULL),
(51, 'icu51', 'icu51', 'icu51', 'icu51', 'icu51', 'icu51', 2, 4, 31.152897718716, 29.999616605011, 19, '3', NULL, NULL),
(52, 'icu52', 'icu52', 'icu52', 'icu52', 'icu52', 'icu52', 4, 1, 31.227349904831, 29.926615743424, 17, '2', NULL, NULL),
(53, 'icu53', 'icu53', 'icu53', 'icu53', 'icu53', 'icu53', 1, 2, 31.153274317514, 29.993638649558, 13, '2', NULL, NULL),
(54, 'icu54', 'icu54', 'icu54', 'icu54', 'icu54', 'icu54', 4, 3, 31.151503870874, 30.175893455946, 19, '1', NULL, NULL),
(55, 'icu55', 'icu55', 'icu55', 'icu55', 'icu55', 'icu55', 1, 2, 31.177667288161, 30.036063245011, 11, '1', NULL, NULL),
(56, 'icu56', 'icu56', 'icu56', 'icu56', 'icu56', 'icu56', 3, 1, 31.198393087206, 30.019880762793, 5, '2', NULL, NULL),
(57, 'icu57', 'icu57', 'icu57', 'icu57', 'icu57', 'icu57', 3, 4, 31.224849147138, 29.948206521613, 17, '3', NULL, NULL),
(58, 'icu58', 'icu58', 'icu58', 'icu58', 'icu58', 'icu58', 2, 4, 31.189032487085, 30.017888613255, 12, '1', NULL, NULL),
(59, 'icu59', 'icu59', 'icu59', 'icu59', 'icu59', 'icu59', 4, 2, 31.097094726635, 29.952342134098, 13, '4', NULL, NULL),
(60, 'icu60', 'icu60', 'icu60', 'icu60', 'icu60', 'icu60', 3, 2, 31.005161110313, 29.987907022545, 19, '4', NULL, NULL),
(61, 'icu61', 'icu61', 'icu61', 'icu61', 'icu61', 'icu61', 1, 3, 31.09969446499, 30.042229239432, 14, '3', NULL, NULL),
(62, 'icu62', 'icu62', 'icu62', 'icu62', 'icu62', 'icu62', 2, 1, 31.012463549912, 30.014052531239, 19, '5', NULL, NULL),
(63, 'icu63', 'icu63', 'icu63', 'icu63', 'icu63', 'icu63', 4, 4, 31.158246352044, 30.006085425944, 18, '3', NULL, NULL),
(64, 'icu64', 'icu64', 'icu64', 'icu64', 'icu64', 'icu64', 3, 2, 31.141442764431, 29.992786561374, 10, '4', NULL, NULL),
(65, 'icu65', 'icu65', 'icu65', 'icu65', 'icu65', 'icu65', 4, 3, 31.14517857305, 30.002674646946, 9, '5', NULL, NULL),
(66, 'icu66', 'icu66', 'icu66', 'icu66', 'icu66', 'icu66', 1, 1, 31.156960952086, 29.996419808283, 5, '4', NULL, NULL),
(67, 'icu67', 'icu67', 'icu67', 'icu67', 'icu67', 'icu67', 1, 3, 31.160324149413, 29.997533596567, 9, '4', NULL, NULL),
(68, 'icu68', 'icu68', 'icu68', 'icu68', 'icu68', 'icu68', 3, 3, 31.168830740023, 30.007613725433, 13, '2', NULL, NULL),
(69, 'icu69', 'icu69', 'icu69', 'icu69', 'icu69', 'icu69', 3, 2, 31.12916667286, 29.982391578294, 18, '1', NULL, NULL),
(70, 'icu70', 'icu70', 'icu70', 'icu70', 'icu70', 'icu70', 4, 4, 31.153775034645, 29.976611994591, 20, '5', NULL, NULL),
(71, 'icu71', 'icu71', 'icu71', 'icu71', 'icu71', 'icu71', 2, 3, 31.175063385407, 30.018401233144, 7, '1', NULL, NULL),
(72, 'icu72', 'icu72', 'icu72', 'icu72', 'icu72', 'icu72', 1, 3, 31.171398278948, 30.012753531867, 6, '1', NULL, NULL),
(73, 'icu73', 'icu73', 'icu73', 'icu73', 'icu73', 'icu73', 4, 2, 31.060647571574, 29.933017152418, 14, '4', NULL, NULL),
(74, 'icu74', 'icu74', 'icu74', 'icu74', 'icu74', 'icu74', 2, 1, 31.028537444378, 29.846945336806, 16, '4', NULL, NULL),
(75, 'icu75', 'icu75', 'icu75', 'icu75', 'icu75', 'icu75', 2, 1, 31.171389483711, 30.055005063743, 15, '5', NULL, NULL),
(76, 'icu76', 'icu76', 'icu76', 'icu76', 'icu76', 'icu76', 1, 1, 31.17195373318, 29.908439657208, 6, '4', NULL, NULL),
(77, 'icu77', 'icu77', 'icu77', 'icu77', 'icu77', 'icu77', 4, 2, 31.150544049674, 29.974059424118, 14, '1', NULL, NULL),
(78, 'icu78', 'icu78', 'icu78', 'icu78', 'icu78', 'icu78', 1, 2, 31.181496140825, 29.821455905285, 13, '3', NULL, NULL),
(79, 'icu79', 'icu79', 'icu79', 'icu79', 'icu79', 'icu79', 3, 4, 31.198046293176, 30.010718925885, 14, '3', NULL, NULL),
(80, 'icu80', 'icu80', 'icu80', 'icu80', 'icu80', 'icu80', 1, 2, 31.152169881448, 29.99654310995, 17, '1', NULL, NULL),
(81, 'icu81', 'icu81', 'icu81', 'icu81', 'icu81', 'icu81', 1, 4, 31.190103548663, 30.119284272182, 10, '5', NULL, NULL),
(82, 'icu82', 'icu82', 'icu82', 'icu82', 'icu82', 'icu82', 2, 4, 31.315459228801, 30.056494048762, 20, '3', NULL, NULL),
(83, 'icu83', 'icu83', 'icu83', 'icu83', 'icu83', 'icu83', 4, 3, 31.150805681621, 29.986750699008, 8, '1', NULL, NULL),
(84, 'icu84', 'icu84', 'icu84', 'icu84', 'icu84', 'icu84', 4, 1, 31.099991079394, 30.016584258486, 12, '5', NULL, NULL),
(85, 'icu85', 'icu85', 'icu85', 'icu85', 'icu85', 'icu85', 2, 2, 31.143485958636, 30.022186796754, 12, '1', NULL, NULL),
(86, 'icu86', 'icu86', 'icu86', 'icu86', 'icu86', 'icu86', 2, 2, 31.197459807334, 29.910377388103, 7, '3', NULL, NULL),
(87, 'icu87', 'icu87', 'icu87', 'icu87', 'icu87', 'icu87', 2, 4, 31.144870317296, 30.043651120246, 20, '1', NULL, NULL),
(88, 'icu88', 'icu88', 'icu88', 'icu88', 'icu88', 'icu88', 4, 1, 31.325409370247, 29.936214971693, 17, '1', NULL, NULL),
(89, 'icu89', 'icu89', 'icu89', 'icu89', 'icu89', 'icu89', 2, 1, 31.2524087892, 29.968257337619, 14, '5', NULL, NULL),
(90, 'icu90', 'icu90', 'icu90', 'icu90', 'icu90', 'icu90', 1, 1, 31.153505528762, 29.911429968869, 17, '5', NULL, NULL),
(91, 'icu91', 'icu91', 'icu91', 'icu91', 'icu91', 'icu91', 2, 2, 31.184224508411, 29.968128833583, 9, '4', NULL, NULL),
(92, 'icu92', 'icu92', 'icu92', 'icu92', 'icu92', 'icu92', 2, 3, 31.160381312528, 30.193894820619, 5, '2', NULL, NULL),
(93, 'icu93', 'icu93', 'icu93', 'icu93', 'icu93', 'icu93', 1, 1, 31.141482350204, 30.027961080471, 14, '1', NULL, NULL),
(94, 'icu94', 'icu94', 'icu94', 'icu94', 'icu94', 'icu94', 2, 2, 31.214646847212, 30.006403523745, 16, '2', NULL, NULL),
(95, 'icu95', 'icu95', 'icu95', 'icu95', 'icu95', 'icu95', 1, 3, 31.201286873939, 30.105491474881, 7, '3', NULL, NULL),
(96, 'icu96', 'icu96', 'icu96', 'icu96', 'icu96', 'icu96', 4, 1, 31.128844965985, 29.974072181921, 8, '3', NULL, NULL),
(97, 'icu97', 'icu97', 'icu97', 'icu97', 'icu97', 'icu97', 1, 3, 31.151762033449, 29.964273409201, 13, '3', NULL, NULL),
(98, 'icu98', 'icu98', 'icu98', 'icu98', 'icu98', 'icu98', 3, 3, 31.149062489525, 30.004386335015, 16, '3', NULL, NULL),
(99, 'icu99', 'icu99', 'icu99', 'icu99', 'icu99', 'icu99', 1, 4, 31.099027928286, 30.040635811521, 6, '2', NULL, NULL);

-- --------------------------------------------------------

--
-- Table structure for table `incubations`
--

CREATE TABLE `incubations` (
  `id` bigint(20) UNSIGNED NOT NULL,
  `name` varchar(191) COLLATE utf8mb4_unicode_ci NOT NULL,
  `name_ar` varchar(191) COLLATE utf8mb4_unicode_ci DEFAULT NULL,
  `name_fr` varchar(191) COLLATE utf8mb4_unicode_ci DEFAULT NULL,
  `description` varchar(191) COLLATE utf8mb4_unicode_ci DEFAULT NULL,
  `description_ar` varchar(191) COLLATE utf8mb4_unicode_ci DEFAULT NULL,
  `description_fr` varchar(191) COLLATE utf8mb4_unicode_ci DEFAULT NULL,
  `city` int(11) NOT NULL,
  `area` int(11) NOT NULL,
  `lng` double DEFAULT NULL,
  `lat` double DEFAULT NULL,
  `bed_number` int(11) NOT NULL DEFAULT 0,
  `rate` enum('1','2','3','4','5') COLLATE utf8mb4_unicode_ci NOT NULL DEFAULT '1',
  `created_at` timestamp NULL DEFAULT NULL,
  `updated_at` timestamp NULL DEFAULT NULL
) ENGINE=InnoDB DEFAULT CHARSET=utf8mb4 COLLATE=utf8mb4_unicode_ci;

--
-- Dumping data for table `incubations`
--

INSERT INTO `incubations` (`id`, `name`, `name_ar`, `name_fr`, `description`, `description_ar`, `description_fr`, `city`, `area`, `lng`, `lat`, `bed_number`, `rate`, `created_at`, `updated_at`) VALUES
(1, 'incubation1', 'incubation1', 'incubation1', 'incubationDescription1', 'incubationDescription1', 'incubationDescription1', 2, 2, 31.19960899189, 29.999566331679, 11, '5', NULL, NULL),
(2, 'incubation2', 'incubation2', 'incubation2', 'incubationDescription2', 'incubationDescription2', 'incubationDescription2', 1, 3, 31.166872177517, 30.016106190774, 6, '5', NULL, NULL),
(3, 'incubation3', 'incubation3', 'incubation3', 'incubationDescription3', 'incubationDescription3', 'incubationDescription3', 2, 3, 31.24979455791, 30.015556548413, 20, '1', NULL, NULL),
(4, 'incubation4', 'incubation4', 'incubation4', 'incubationDescription4', 'incubationDescription4', 'incubationDescription4', 2, 1, 31.150293788655, 29.999113069822, 14, '3', NULL, NULL),
(5, 'incubation5', 'incubation5', 'incubation5', 'incubationDescription5', 'incubationDescription5', 'incubationDescription5', 2, 1, 31.155493164403, 29.990426211069, 9, '2', NULL, NULL),
(6, 'incubation6', 'incubation6', 'incubation6', 'incubationDescription6', 'incubationDescription6', 'incubationDescription6', 2, 4, 31.409300599387, 30.119018951185, 18, '3', NULL, NULL),
(7, 'incubation7', 'incubation7', 'incubation7', 'incubationDescription7', 'incubationDescription7', 'incubationDescription7', 1, 4, 31.16899982505, 30.060622717391, 12, '2', NULL, NULL),
(8, 'incubation8', 'incubation8', 'incubation8', 'incubationDescription8', 'incubationDescription8', 'incubationDescription8', 2, 3, 31.142988628008, 30.002231253246, 15, '2', NULL, NULL),
(9, 'incubation9', 'incubation9', 'incubation9', 'incubationDescription9', 'incubationDescription9', 'incubationDescription9', 2, 2, 31.085057855771, 30.041997611562, 16, '1', NULL, NULL),
(10, 'incubation10', 'incubation10', 'incubation10', 'incubationDescription10', 'incubationDescription10', 'incubationDescription10', 4, 1, 31.097339163335, 30.02533909913, 14, '2', NULL, NULL),
(11, 'incubation11', 'incubation11', 'incubation11', 'incubationDescription11', 'incubationDescription11', 'incubationDescription11', 1, 1, 31.155244718084, 29.976366966963, 18, '2', NULL, NULL),
(12, 'incubation12', 'incubation12', 'incubation12', 'incubationDescription12', 'incubationDescription12', 'incubationDescription12', 2, 3, 31.15769145868, 29.992578894719, 8, '4', NULL, NULL),
(13, 'incubation13', 'incubation13', 'incubation13', 'incubationDescription13', 'incubationDescription13', 'incubationDescription13', 1, 4, 31.179161425757, 30.013679421078, 9, '5', NULL, NULL),
(14, 'incubation14', 'incubation14', 'incubation14', 'incubationDescription14', 'incubationDescription14', 'incubationDescription14', 1, 2, 31.158738998735, 29.795424400688, 12, '2', NULL, NULL),
(15, 'incubation15', 'incubation15', 'incubation15', 'incubationDescription15', 'incubationDescription15', 'incubationDescription15', 1, 3, 31.179766646114, 29.970599897601, 11, '1', NULL, NULL),
(16, 'incubation16', 'incubation16', 'incubation16', 'incubationDescription16', 'incubationDescription16', 'incubationDescription16', 4, 2, 31.158807665583, 29.994468554518, 7, '1', NULL, NULL),
(17, 'incubation17', 'incubation17', 'incubation17', 'incubationDescription17', 'incubationDescription17', 'incubationDescription17', 2, 1, 31.095035933107, 30.057998434878, 15, '1', NULL, NULL),
(18, 'incubation18', 'incubation18', 'incubation18', 'incubationDescription18', 'incubationDescription18', 'incubationDescription18', 4, 4, 30.894437637436, 29.935241390677, 10, '5', NULL, NULL),
(19, 'incubation19', 'incubation19', 'incubation19', 'incubationDescription19', 'incubationDescription19', 'incubationDescription19', 1, 1, 31.057228145906, 30.017768335341, 8, '5', NULL, NULL),
(20, 'incubation20', 'incubation20', 'incubation20', 'incubationDescription20', 'incubationDescription20', 'incubationDescription20', 2, 4, 31.156240737789, 29.999739727078, 7, '5', NULL, NULL),
(21, 'incubation21', 'incubation21', 'incubation21', 'incubationDescription21', 'incubationDescription21', 'incubationDescription21', 2, 3, 31.074486126939, 29.961268054251, 8, '1', NULL, NULL),
(22, 'incubation22', 'incubation22', 'incubation22', 'incubationDescription22', 'incubationDescription22', 'incubationDescription22', 2, 1, 31.172654326311, 29.984835884323, 7, '4', NULL, NULL),
(23, 'incubation23', 'incubation23', 'incubation23', 'incubationDescription23', 'incubationDescription23', 'incubationDescription23', 3, 2, 31.166327510159, 30.085519889962, 17, '5', NULL, NULL),
(24, 'incubation24', 'incubation24', 'incubation24', 'incubationDescription24', 'incubationDescription24', 'incubationDescription24', 3, 3, 31.169557481745, 30.046437075245, 19, '2', NULL, NULL),
(25, 'incubation25', 'incubation25', 'incubation25', 'incubationDescription25', 'incubationDescription25', 'incubationDescription25', 2, 3, 31.094384430874, 29.922729195996, 9, '2', NULL, NULL),
(26, 'incubation26', 'incubation26', 'incubation26', 'incubationDescription26', 'incubationDescription26', 'incubationDescription26', 2, 2, 31.183536099908, 29.986668712809, 18, '1', NULL, NULL),
(27, 'incubation27', 'incubation27', 'incubation27', 'incubationDescription27', 'incubationDescription27', 'incubationDescription27', 2, 4, 31.233521493264, 30.183300570855, 18, '3', NULL, NULL),
(28, 'incubation28', 'incubation28', 'incubation28', 'incubationDescription28', 'incubationDescription28', 'incubationDescription28', 1, 2, 31.210508909423, 30.045867549591, 5, '3', NULL, NULL),
(29, 'incubation29', 'incubation29', 'incubation29', 'incubationDescription29', 'incubationDescription29', 'incubationDescription29', 3, 3, 31.174958127356, 29.967023914411, 7, '1', NULL, NULL),
(30, 'incubation30', 'incubation30', 'incubation30', 'incubationDescription30', 'incubationDescription30', 'incubationDescription30', 3, 2, 31.168876346987, 29.998439972584, 18, '1', NULL, NULL),
(31, 'incubation31', 'incubation31', 'incubation31', 'incubationDescription31', 'incubationDescription31', 'incubationDescription31', 1, 2, 31.036075673454, 29.999004281657, 13, '4', NULL, NULL),
(32, 'incubation32', 'incubation32', 'incubation32', 'incubationDescription32', 'incubationDescription32', 'incubationDescription32', 2, 1, 31.286501772905, 30.044923151232, 17, '5', NULL, NULL),
(33, 'incubation33', 'incubation33', 'incubation33', 'incubationDescription33', 'incubationDescription33', 'incubationDescription33', 4, 3, 31.163491852977, 29.942077537482, 9, '2', NULL, NULL),
(34, 'incubation34', 'incubation34', 'incubation34', 'incubationDescription34', 'incubationDescription34', 'incubationDescription34', 1, 3, 31.315426293671, 30.161208517325, 14, '5', NULL, NULL),
(35, 'incubation35', 'incubation35', 'incubation35', 'incubationDescription35', 'incubationDescription35', 'incubationDescription35', 2, 1, 31.117626485861, 30.012834086575, 9, '4', NULL, NULL),
(36, 'incubation36', 'incubation36', 'incubation36', 'incubationDescription36', 'incubationDescription36', 'incubationDescription36', 2, 3, 31.337354035229, 29.972317190251, 6, '1', NULL, NULL),
(37, 'incubation37', 'incubation37', 'incubation37', 'incubationDescription37', 'incubationDescription37', 'incubationDescription37', 3, 4, 31.165087219463, 29.989852385445, 5, '4', NULL, NULL),
(38, 'incubation38', 'incubation38', 'incubation38', 'incubationDescription38', 'incubationDescription38', 'incubationDescription38', 1, 4, 31.106674410953, 29.897710286913, 15, '2', NULL, NULL),
(39, 'incubation39', 'incubation39', 'incubation39', 'incubationDescription39', 'incubationDescription39', 'incubationDescription39', 3, 4, 31.218265151358, 30.019952050621, 13, '4', NULL, NULL),
(40, 'incubation40', 'incubation40', 'incubation40', 'incubationDescription40', 'incubationDescription40', 'incubationDescription40', 2, 3, 31.174082471998, 30.006659385227, 15, '5', NULL, NULL),
(41, 'incubation41', 'incubation41', 'incubation41', 'incubationDescription41', 'incubationDescription41', 'incubationDescription41', 4, 2, 31.182621521435, 30.036976596018, 15, '5', NULL, NULL),
(42, 'incubation42', 'incubation42', 'incubation42', 'incubationDescription42', 'incubationDescription42', 'incubationDescription42', 1, 2, 31.211716822605, 30.024731788222, 12, '2', NULL, NULL),
(43, 'incubation43', 'incubation43', 'incubation43', 'incubationDescription43', 'incubationDescription43', 'incubationDescription43', 4, 3, 31.008442267922, 30.030213324007, 11, '5', NULL, NULL),
(44, 'incubation44', 'incubation44', 'incubation44', 'incubationDescription44', 'incubationDescription44', 'incubationDescription44', 4, 4, 31.192909493843, 30.024378893979, 14, '4', NULL, NULL),
(45, 'incubation45', 'incubation45', 'incubation45', 'incubationDescription45', 'incubationDescription45', 'incubationDescription45', 2, 1, 31.260653368587, 30.040404018513, 6, '3', NULL, NULL),
(46, 'incubation46', 'incubation46', 'incubation46', 'incubationDescription46', 'incubationDescription46', 'incubationDescription46', 4, 2, 31.050925828982, 30.065469269769, 17, '1', NULL, NULL),
(47, 'incubation47', 'incubation47', 'incubation47', 'incubationDescription47', 'incubationDescription47', 'incubationDescription47', 1, 1, 31.11967139573, 29.966180599034, 8, '4', NULL, NULL),
(48, 'incubation48', 'incubation48', 'incubation48', 'incubationDescription48', 'incubationDescription48', 'incubationDescription48', 4, 2, 31.115685133136, 30.083134027073, 8, '1', NULL, NULL),
(49, 'incubation49', 'incubation49', 'incubation49', 'incubationDescription49', 'incubationDescription49', 'incubationDescription49', 3, 2, 31.182271235253, 30.078900047367, 17, '5', NULL, NULL),
(50, 'incubation50', 'incubation50', 'incubation50', 'incubationDescription50', 'incubationDescription50', 'incubationDescription50', 1, 4, 31.147645592086, 29.991027988483, 8, '3', NULL, NULL),
(51, 'incubation51', 'incubation51', 'incubation51', 'incubationDescription51', 'incubationDescription51', 'incubationDescription51', 1, 4, 31.167844913135, 30.002599630982, 10, '1', NULL, NULL),
(52, 'incubation52', 'incubation52', 'incubation52', 'incubationDescription52', 'incubationDescription52', 'incubationDescription52', 4, 4, 31.241671805655, 29.975889970681, 12, '2', NULL, NULL),
(53, 'incubation53', 'incubation53', 'incubation53', 'incubationDescription53', 'incubationDescription53', 'incubationDescription53', 1, 1, 31.175066034262, 30.015108270948, 17, '4', NULL, NULL),
(54, 'incubation54', 'incubation54', 'incubation54', 'incubationDescription54', 'incubationDescription54', 'incubationDescription54', 2, 4, 31.195102257528, 29.955850962458, 20, '2', NULL, NULL),
(55, 'incubation55', 'incubation55', 'incubation55', 'incubationDescription55', 'incubationDescription55', 'incubationDescription55', 2, 1, 31.139874382052, 30.007051733813, 5, '2', NULL, NULL),
(56, 'incubation56', 'incubation56', 'incubation56', 'incubationDescription56', 'incubationDescription56', 'incubationDescription56', 2, 2, 31.436700724538, 29.905077605985, 5, '5', NULL, NULL),
(57, 'incubation57', 'incubation57', 'incubation57', 'incubationDescription57', 'incubationDescription57', 'incubationDescription57', 1, 1, 31.144615481599, 29.98799420573, 15, '1', NULL, NULL),
(58, 'incubation58', 'incubation58', 'incubation58', 'incubationDescription58', 'incubationDescription58', 'incubationDescription58', 3, 3, 31.159754336011, 30.020731267778, 7, '3', NULL, NULL),
(59, 'incubation59', 'incubation59', 'incubation59', 'incubationDescription59', 'incubationDescription59', 'incubationDescription59', 1, 2, 31.152991902722, 29.991609179459, 18, '3', NULL, NULL),
(60, 'incubation60', 'incubation60', 'incubation60', 'incubationDescription60', 'incubationDescription60', 'incubationDescription60', 3, 4, 31.155003935958, 29.97541842574, 16, '3', NULL, NULL),
(61, 'incubation61', 'incubation61', 'incubation61', 'incubationDescription61', 'incubationDescription61', 'incubationDescription61', 3, 4, 31.13076023291, 29.993174481154, 13, '3', NULL, NULL),
(62, 'incubation62', 'incubation62', 'incubation62', 'incubationDescription62', 'incubationDescription62', 'incubationDescription62', 4, 2, 31.246112115881, 29.958705235221, 16, '1', NULL, NULL),
(63, 'incubation63', 'incubation63', 'incubation63', 'incubationDescription63', 'incubationDescription63', 'incubationDescription63', 4, 2, 31.18021181458, 30.112710830575, 11, '3', NULL, NULL),
(64, 'incubation64', 'incubation64', 'incubation64', 'incubationDescription64', 'incubationDescription64', 'incubationDescription64', 2, 3, 31.259806828888, 30.106060690989, 7, '5', NULL, NULL),
(65, 'incubation65', 'incubation65', 'incubation65', 'incubationDescription65', 'incubationDescription65', 'incubationDescription65', 3, 1, 31.144582344313, 29.985497396947, 8, '1', NULL, NULL),
(66, 'incubation66', 'incubation66', 'incubation66', 'incubationDescription66', 'incubationDescription66', 'incubationDescription66', 4, 1, 31.124898298062, 30.000363119272, 11, '5', NULL, NULL),
(67, 'incubation67', 'incubation67', 'incubation67', 'incubationDescription67', 'incubationDescription67', 'incubationDescription67', 3, 1, 31.2105937413, 30.0231276031, 7, '4', NULL, NULL),
(68, 'incubation68', 'incubation68', 'incubation68', 'incubationDescription68', 'incubationDescription68', 'incubationDescription68', 3, 2, 31.144956737282, 30.01160936932, 19, '5', NULL, NULL),
(69, 'incubation69', 'incubation69', 'incubation69', 'incubationDescription69', 'incubationDescription69', 'incubationDescription69', 4, 3, 31.119702010598, 29.969786369748, 13, '5', NULL, NULL),
(70, 'incubation70', 'incubation70', 'incubation70', 'incubationDescription70', 'incubationDescription70', 'incubationDescription70', 4, 3, 31.057850627219, 29.863555560623, 6, '3', NULL, NULL),
(71, 'incubation71', 'incubation71', 'incubation71', 'incubationDescription71', 'incubationDescription71', 'incubationDescription71', 1, 2, 31.185189136936, 30.015666285195, 16, '5', NULL, NULL),
(72, 'incubation72', 'incubation72', 'incubation72', 'incubationDescription72', 'incubationDescription72', 'incubationDescription72', 1, 4, 31.052628981796, 30.064240466134, 16, '2', NULL, NULL),
(73, 'incubation73', 'incubation73', 'incubation73', 'incubationDescription73', 'incubationDescription73', 'incubationDescription73', 3, 2, 31.151470673223, 30.009658250854, 7, '5', NULL, NULL),
(74, 'incubation74', 'incubation74', 'incubation74', 'incubationDescription74', 'incubationDescription74', 'incubationDescription74', 3, 4, 31.257162757362, 29.978093692235, 20, '4', NULL, NULL),
(75, 'incubation75', 'incubation75', 'incubation75', 'incubationDescription75', 'incubationDescription75', 'incubationDescription75', 1, 1, 31.172706507001, 30.058468015931, 16, '1', NULL, NULL),
(76, 'incubation76', 'incubation76', 'incubation76', 'incubationDescription76', 'incubationDescription76', 'incubationDescription76', 2, 1, 31.029071923518, 29.891312345783, 11, '1', NULL, NULL),
(77, 'incubation77', 'incubation77', 'incubation77', 'incubationDescription77', 'incubationDescription77', 'incubationDescription77', 4, 4, 31.264786727855, 29.927767713896, 8, '4', NULL, NULL),
(78, 'incubation78', 'incubation78', 'incubation78', 'incubationDescription78', 'incubationDescription78', 'incubationDescription78', 4, 1, 31.120882190355, 29.97470913746, 9, '1', NULL, NULL),
(79, 'incubation79', 'incubation79', 'incubation79', 'incubationDescription79', 'incubationDescription79', 'incubationDescription79', 4, 3, 31.225440157206, 29.852234760042, 9, '1', NULL, NULL),
(80, 'incubation80', 'incubation80', 'incubation80', 'incubationDescription80', 'incubationDescription80', 'incubationDescription80', 3, 2, 31.180025467957, 30.027797514951, 19, '5', NULL, NULL),
(81, 'incubation81', 'incubation81', 'incubation81', 'incubationDescription81', 'incubationDescription81', 'incubationDescription81', 4, 4, 31.152111006702, 29.945557935804, 12, '3', NULL, NULL),
(82, 'incubation82', 'incubation82', 'incubation82', 'incubationDescription82', 'incubationDescription82', 'incubationDescription82', 2, 4, 31.201649656244, 30.017725775155, 17, '3', NULL, NULL),
(83, 'incubation83', 'incubation83', 'incubation83', 'incubationDescription83', 'incubationDescription83', 'incubationDescription83', 1, 4, 31.154660732125, 29.984437796726, 18, '3', NULL, NULL),
(84, 'incubation84', 'incubation84', 'incubation84', 'incubationDescription84', 'incubationDescription84', 'incubationDescription84', 3, 3, 31.156046213109, 29.987900258909, 11, '2', NULL, NULL),
(85, 'incubation85', 'incubation85', 'incubation85', 'incubationDescription85', 'incubationDescription85', 'incubationDescription85', 2, 2, 31.198740794553, 30.177022344793, 18, '2', NULL, NULL),
(86, 'incubation86', 'incubation86', 'incubation86', 'incubationDescription86', 'incubationDescription86', 'incubationDescription86', 2, 4, 31.139089511379, 29.937109061889, 5, '4', NULL, NULL),
(87, 'incubation87', 'incubation87', 'incubation87', 'incubationDescription87', 'incubationDescription87', 'incubationDescription87', 1, 4, 30.985578807768, 30.085156836808, 15, '5', NULL, NULL),
(88, 'incubation88', 'incubation88', 'incubation88', 'incubationDescription88', 'incubationDescription88', 'incubationDescription88', 3, 2, 31.149184164791, 29.993434869331, 14, '2', NULL, NULL),
(89, 'incubation89', 'incubation89', 'incubation89', 'incubationDescription89', 'incubationDescription89', 'incubationDescription89', 3, 3, 31.072718990725, 29.960204812068, 6, '5', NULL, NULL),
(90, 'incubation90', 'incubation90', 'incubation90', 'incubationDescription90', 'incubationDescription90', 'incubationDescription90', 2, 3, 31.115785053019, 29.967983415459, 15, '5', NULL, NULL),
(91, 'incubation91', 'incubation91', 'incubation91', 'incubationDescription91', 'incubationDescription91', 'incubationDescription91', 2, 1, 31.259899258404, 29.985826253466, 8, '5', NULL, NULL),
(92, 'incubation92', 'incubation92', 'incubation92', 'incubationDescription92', 'incubationDescription92', 'incubationDescription92', 1, 3, 31.060172330135, 29.835304191108, 19, '4', NULL, NULL),
(93, 'incubation93', 'incubation93', 'incubation93', 'incubationDescription93', 'incubationDescription93', 'incubationDescription93', 2, 2, 31.150568270103, 30.100027559281, 13, '5', NULL, NULL),
(94, 'incubation94', 'incubation94', 'incubation94', 'incubationDescription94', 'incubationDescription94', 'incubationDescription94', 4, 1, 31.148898174477, 30.012148773879, 9, '5', NULL, NULL),
(95, 'incubation95', 'incubation95', 'incubation95', 'incubationDescription95', 'incubationDescription95', 'incubationDescription95', 2, 1, 31.138753325483, 29.998323813805, 11, '1', NULL, NULL),
(96, 'incubation96', 'incubation96', 'incubation96', 'incubationDescription96', 'incubationDescription96', 'incubationDescription96', 2, 4, 31.147052833619, 30.071422325281, 20, '2', NULL, NULL),
(97, 'incubation97', 'incubation97', 'incubation97', 'incubationDescription97', 'incubationDescription97', 'incubationDescription97', 4, 3, 31.148166048028, 30.015555786546, 20, '4', NULL, NULL),
(98, 'incubation98', 'incubation98', 'incubation98', 'incubationDescription98', 'incubationDescription98', 'incubationDescription98', 2, 2, 31.241964419749, 30.008422618233, 12, '3', NULL, NULL),
(99, 'incubation99', 'incubation99', 'incubation99', 'incubationDescription99', 'incubationDescription99', 'incubationDescription99', 2, 3, 31.159886102699, 29.996610123652, 15, '2', NULL, NULL);

-- --------------------------------------------------------

--
-- Table structure for table `insurances`
--

CREATE TABLE `insurances` (
  `id` bigint(20) UNSIGNED NOT NULL,
  `name` varchar(191) COLLATE utf8mb4_unicode_ci NOT NULL,
  `photo` varchar(191) COLLATE utf8mb4_unicode_ci NOT NULL DEFAULT 'insurance.png',
  `name_ar` varchar(191) COLLATE utf8mb4_unicode_ci DEFAULT NULL,
  `name_fr` varchar(191) COLLATE utf8mb4_unicode_ci DEFAULT NULL,
  `created_at` timestamp NULL DEFAULT NULL,
  `updated_at` timestamp NULL DEFAULT NULL
) ENGINE=InnoDB DEFAULT CHARSET=utf8mb4 COLLATE=utf8mb4_unicode_ci;

--
-- Dumping data for table `insurances`
--

INSERT INTO `insurances` (`id`, `name`, `photo`, `name_ar`, `name_fr`, `created_at`, `updated_at`) VALUES
(1, 'insurance1', 'insurance.png', 'insurance1', 'insurance1', NULL, NULL),
(2, 'insurance2', 'insurance.png', 'insurance2', 'insurance2', NULL, NULL),
(3, 'insurance3', 'insurance.png', 'insurance3', 'insurance3', NULL, NULL),
(4, 'insurance4', 'insurance.png', 'insurance4', 'insurance4', NULL, NULL),
(5, 'insurance5', 'insurance.png', 'insurance5', 'insurance5', NULL, NULL);

-- --------------------------------------------------------

--
-- Table structure for table `labs`
--

CREATE TABLE `labs` (
  `id` bigint(20) UNSIGNED NOT NULL,
  `name` varchar(191) COLLATE utf8mb4_unicode_ci NOT NULL,
  `name_ar` varchar(191) COLLATE utf8mb4_unicode_ci DEFAULT NULL,
  `name_fr` varchar(191) COLLATE utf8mb4_unicode_ci DEFAULT NULL,
  `phone` varchar(191) COLLATE utf8mb4_unicode_ci NOT NULL,
  `phone2` varchar(191) COLLATE utf8mb4_unicode_ci DEFAULT NULL,
  `city` int(11) DEFAULT NULL,
  `area` int(11) DEFAULT NULL,
  `lang` varchar(191) COLLATE utf8mb4_unicode_ci DEFAULT NULL,
  `latt` varchar(191) COLLATE utf8mb4_unicode_ci DEFAULT NULL,
  `api_token` varchar(191) COLLATE utf8mb4_unicode_ci DEFAULT NULL,
  `sms_code` varchar(191) COLLATE utf8mb4_unicode_ci DEFAULT NULL,
  `email` varchar(191) COLLATE utf8mb4_unicode_ci NOT NULL,
  `password` varchar(191) COLLATE utf8mb4_unicode_ci NOT NULL,
  `active` tinyint(1) NOT NULL DEFAULT 0,
  `delivery` enum('1','0') COLLATE utf8mb4_unicode_ci NOT NULL DEFAULT '0',
  `avaliable_days` int(11) NOT NULL DEFAULT 0,
  `lab_doctor_id` int(11) DEFAULT NULL,
  `photo` varchar(191) COLLATE utf8mb4_unicode_ci NOT NULL DEFAULT 'lab.png',
  `created_at` timestamp NULL DEFAULT NULL,
  `updated_at` timestamp NULL DEFAULT NULL
) ENGINE=InnoDB DEFAULT CHARSET=utf8mb4 COLLATE=utf8mb4_unicode_ci;

--
-- Dumping data for table `labs`
--

INSERT INTO `labs` (`id`, `name`, `name_ar`, `name_fr`, `phone`, `phone2`, `city`, `area`, `lang`, `latt`, `api_token`, `sms_code`, `email`, `password`, `active`, `delivery`, `avaliable_days`, `lab_doctor_id`, `photo`, `created_at`, `updated_at`) VALUES
(1, 'lab1', NULL, NULL, '1572370083', NULL, 3, 4, '31.164593070516', '30.018180609235', NULL, NULL, 'lab1@doctoraak.com', '123456', 1, '0', 0, 4, 'lab.png', NULL, NULL),
(2, 'lab2', NULL, NULL, '1572370085', NULL, 4, 5, '31.39004379767', '29.84711905975', NULL, NULL, 'lab2@doctoraak.com', '123456', 1, '0', 0, 4, 'lab.png', NULL, NULL),
(3, 'lab3', NULL, NULL, '1572370087', NULL, 3, 3, '30.956459534448', '29.815236680747', NULL, NULL, 'lab3@doctoraak.com', '123456', 1, '0', 0, 5, 'lab.png', NULL, NULL),
(4, 'lab4', NULL, NULL, '1572370089', NULL, 1, 4, '30.973536262848', '30.010391543101', NULL, NULL, 'lab4@doctoraak.com', '123456', 1, '0', 0, 2, 'lab.png', NULL, NULL),
(5, 'lab5', NULL, NULL, '1572370090', NULL, 3, 1, '31.165235381087', '29.93535138704', NULL, NULL, 'lab5@doctoraak.com', '123456', 1, '0', 0, 3, 'lab.png', NULL, NULL),
(6, 'lab6', NULL, NULL, '1572370092', NULL, 3, 5, '31.157883705005', '29.952629882536', NULL, NULL, 'lab6@doctoraak.com', '123456', 1, '0', 0, 4, 'lab.png', NULL, NULL),
(7, 'lab7', NULL, NULL, '1572370094', NULL, 4, 5, '31.184084339144', '29.979585460457', NULL, NULL, 'lab7@doctoraak.com', '123456', 1, '0', 0, 1, 'lab.png', NULL, NULL),
(8, 'lab8', NULL, NULL, '1572370095', NULL, 5, 3, '31.13340621913', '30.095402056296', NULL, NULL, 'lab8@doctoraak.com', '123456', 1, '0', 0, 5, 'lab.png', NULL, NULL),
(9, 'lab9', NULL, NULL, '1572370097', NULL, 5, 2, '31.11007475154', '30.012741933539', NULL, NULL, 'lab9@doctoraak.com', '123456', 1, '0', 0, 5, 'lab.png', NULL, NULL),
(10, 'lab10', NULL, NULL, '1572370098', NULL, 1, 4, '31.126999779268', '29.975819050779', NULL, NULL, 'lab10@doctoraak.com', '123456', 1, '0', 0, 5, 'lab.png', NULL, NULL),
(11, 'lab11', NULL, NULL, '1572370099', NULL, 3, 5, '31.157104048947', '30.064838448156', NULL, NULL, 'lab11@doctoraak.com', '123456', 1, '0', 0, 3, 'lab.png', NULL, NULL),
(12, 'lab12', NULL, NULL, '1572370101', NULL, 5, 4, '31.193411065053', '30.062890341858', NULL, NULL, 'lab12@doctoraak.com', '123456', 1, '0', 0, 2, 'lab.png', NULL, NULL),
(13, 'lab13', NULL, NULL, '1572370103', NULL, 3, 1, '31.09950056584', '30.004651735387', NULL, NULL, 'lab13@doctoraak.com', '123456', 1, '0', 0, 2, 'lab.png', NULL, NULL),
(14, 'lab14', NULL, NULL, '1572370104', NULL, 4, 1, '30.926833406679', '29.996306695415', NULL, NULL, 'lab14@doctoraak.com', '123456', 1, '0', 0, 4, 'lab.png', NULL, NULL),
(15, 'lab15', NULL, NULL, '1572370106', NULL, 4, 3, '31.192497050875', '29.998954147211', NULL, NULL, 'lab15@doctoraak.com', '123456', 1, '0', 0, 4, 'lab.png', NULL, NULL),
(16, 'lab16', NULL, NULL, '1572370107', NULL, 5, 4, '31.144744915914', '30.003653881129', NULL, NULL, 'lab16@doctoraak.com', '123456', 1, '0', 0, 3, 'lab.png', NULL, NULL),
(17, 'lab17', NULL, NULL, '1572370109', NULL, 2, 5, '31.151385382517', '29.998912989067', NULL, NULL, 'lab17@doctoraak.com', '123456', 1, '0', 0, 2, 'lab.png', NULL, NULL),
(18, 'lab18', NULL, NULL, '1572370111', NULL, 1, 1, '31.147695645005', '30.004324396043', NULL, NULL, 'lab18@doctoraak.com', '123456', 1, '0', 0, 1, 'lab.png', NULL, NULL),
(19, 'lab19', NULL, NULL, '1572370112', NULL, 5, 1, '31.08090881345', '30.226152515642', NULL, NULL, 'lab19@doctoraak.com', '123456', 1, '0', 0, 4, 'lab.png', NULL, NULL),
(20, 'lab20', NULL, NULL, '1572370114', NULL, 4, 4, '31.117646676664', '29.926755483153', NULL, NULL, 'lab20@doctoraak.com', '123456', 1, '0', 0, 1, 'lab.png', NULL, NULL),
(21, 'lab21', NULL, NULL, '1572370115', NULL, 2, 3, '31.190813243393', '30.218212986798', NULL, NULL, 'lab21@doctoraak.com', '123456', 1, '0', 0, 4, 'lab.png', NULL, NULL),
(22, 'lab22', NULL, NULL, '1572370117', NULL, 3, 5, '31.196392602106', '30.051222961978', NULL, NULL, 'lab22@doctoraak.com', '123456', 1, '0', 0, 4, 'lab.png', NULL, NULL),
(23, 'lab23', NULL, NULL, '1572370118', NULL, 1, 3, '31.150599478598', '29.976088366702', NULL, NULL, 'lab23@doctoraak.com', '123456', 1, '0', 0, 5, 'lab.png', NULL, NULL),
(24, 'lab24', NULL, NULL, '1572370120', NULL, 3, 3, '31.130362808003', '30.011373942195', NULL, NULL, 'lab24@doctoraak.com', '123456', 1, '0', 0, 4, 'lab.png', NULL, NULL),
(25, 'lab25', NULL, NULL, '1572370121', NULL, 5, 1, '31.100291956532', '29.994335343398', NULL, NULL, 'lab25@doctoraak.com', '123456', 1, '0', 0, 2, 'lab.png', NULL, NULL),
(26, 'lab26', NULL, NULL, '1572370123', NULL, 1, 2, '31.153756413726', '29.99625680762', NULL, NULL, 'lab26@doctoraak.com', '123456', 1, '0', 0, 5, 'lab.png', NULL, NULL),
(27, 'lab27', NULL, NULL, '1572370125', NULL, 5, 5, '31.278311106363', '30.020083682204', NULL, NULL, 'lab27@doctoraak.com', '123456', 1, '0', 0, 3, 'lab.png', NULL, NULL),
(28, 'lab28', NULL, NULL, '1572370126', NULL, 3, 5, '31.128164121104', '30.049281472061', NULL, NULL, 'lab28@doctoraak.com', '123456', 1, '0', 0, 2, 'lab.png', NULL, NULL),
(29, 'lab29', NULL, NULL, '1572370128', NULL, 3, 2, '31.087850167662', '29.881692559611', NULL, NULL, 'lab29@doctoraak.com', '123456', 1, '0', 0, 4, 'lab.png', NULL, NULL),
(30, 'lab30', NULL, NULL, '1572370130', NULL, 2, 4, '31.019033850622', '30.061910805164', NULL, NULL, 'lab30@doctoraak.com', '123456', 1, '0', 0, 4, 'lab.png', NULL, NULL),
(31, 'lab31', NULL, NULL, '1572370131', NULL, 1, 2, '31.201462886343', '30.036583556209', NULL, NULL, 'lab31@doctoraak.com', '123456', 1, '0', 0, 3, 'lab.png', NULL, NULL),
(32, 'lab32', NULL, NULL, '1572370133', NULL, 5, 5, '31.15410087052', '29.997544907671', NULL, NULL, 'lab32@doctoraak.com', '123456', 1, '0', 0, 4, 'lab.png', NULL, NULL),
(33, 'lab33', NULL, NULL, '1572370134', NULL, 4, 2, '31.128411608351', '30.013377036725', NULL, NULL, 'lab33@doctoraak.com', '123456', 1, '0', 0, 5, 'lab.png', NULL, NULL),
(34, 'lab34', NULL, NULL, '1572370136', NULL, 2, 1, '31.254342665629', '30.109374605425', NULL, NULL, 'lab34@doctoraak.com', '123456', 1, '0', 0, 1, 'lab.png', NULL, NULL),
(35, 'lab35', NULL, NULL, '1572370137', NULL, 1, 1, '31.186722870443', '29.911908911877', NULL, NULL, 'lab35@doctoraak.com', '123456', 1, '0', 0, 5, 'lab.png', NULL, NULL),
(36, 'lab36', NULL, NULL, '1572370138', NULL, 4, 1, '31.063635906214', '30.018426670383', NULL, NULL, 'lab36@doctoraak.com', '123456', 1, '0', 0, 5, 'lab.png', NULL, NULL),
(37, 'lab37', NULL, NULL, '1572370140', NULL, 2, 1, '31.202640234875', '29.984648925535', NULL, NULL, 'lab37@doctoraak.com', '123456', 1, '0', 0, 2, 'lab.png', NULL, NULL),
(38, 'lab38', NULL, NULL, '1572370142', NULL, 1, 1, '31.138425288008', '29.990878048395', NULL, NULL, 'lab38@doctoraak.com', '123456', 1, '0', 0, 5, 'lab.png', NULL, NULL),
(39, 'lab39', NULL, NULL, '1572370144', NULL, 2, 4, '31.019444311346', '30.04684269298', NULL, NULL, 'lab39@doctoraak.com', '123456', 1, '0', 0, 1, 'lab.png', NULL, NULL),
(40, 'lab40', NULL, NULL, '1572370146', NULL, 2, 4, '31.265939471336', '30.005683128959', NULL, NULL, 'lab40@doctoraak.com', '123456', 1, '0', 0, 2, 'lab.png', NULL, NULL),
(41, 'lab41', NULL, NULL, '1572370148', NULL, 1, 2, '31.214668921494', '30.038240279123', NULL, NULL, 'lab41@doctoraak.com', '123456', 1, '0', 0, 5, 'lab.png', NULL, NULL),
(42, 'lab42', NULL, NULL, '1572370150', NULL, 1, 1, '31.113959987075', '30.176916710286', NULL, NULL, 'lab42@doctoraak.com', '123456', 1, '0', 0, 4, 'lab.png', NULL, NULL),
(43, 'lab43', NULL, NULL, '1572370151', NULL, 3, 1, '31.063169130178', '29.831362158775', NULL, NULL, 'lab43@doctoraak.com', '123456', 1, '0', 0, 5, 'lab.png', NULL, NULL),
(44, 'lab44', NULL, NULL, '1572370153', NULL, 4, 4, '31.150172902418', '29.976105919145', NULL, NULL, 'lab44@doctoraak.com', '123456', 1, '0', 0, 5, 'lab.png', NULL, NULL),
(45, 'lab45', NULL, NULL, '1572370155', NULL, 4, 5, '31.055111261675', '30.050299141395', NULL, NULL, 'lab45@doctoraak.com', '123456', 1, '0', 0, 1, 'lab.png', NULL, NULL),
(46, 'lab46', NULL, NULL, '1572370156', NULL, 3, 4, '31.152966777974', '29.9966907773', NULL, NULL, 'lab46@doctoraak.com', '123456', 1, '0', 0, 3, 'lab.png', NULL, NULL),
(47, 'lab47', NULL, NULL, '1572370158', NULL, 4, 2, '31.095646920013', '30.067461390682', NULL, NULL, 'lab47@doctoraak.com', '123456', 1, '0', 0, 1, 'lab.png', NULL, NULL),
(48, 'lab48', NULL, NULL, '1572370159', NULL, 3, 3, '31.231642929391', '30.049071533942', NULL, NULL, 'lab48@doctoraak.com', '123456', 1, '0', 0, 3, 'lab.png', NULL, NULL),
(49, 'lab49', NULL, NULL, '1572370161', NULL, 2, 4, '31.129027959992', '29.982831826887', NULL, NULL, 'lab49@doctoraak.com', '123456', 1, '0', 0, 3, 'lab.png', NULL, NULL),
(50, 'lab50', NULL, NULL, '1572370163', NULL, 3, 5, '31.153499747701', '30.004695818958', NULL, NULL, 'lab50@doctoraak.com', '123456', 1, '0', 0, 5, 'lab.png', NULL, NULL),
(51, 'lab51', NULL, NULL, '1572370164', NULL, 4, 1, '31.341546004365', '29.982248633685', NULL, NULL, 'lab51@doctoraak.com', '123456', 1, '0', 0, 1, 'lab.png', NULL, NULL),
(52, 'lab52', NULL, NULL, '1572370166', NULL, 5, 2, '31.153909394764', '29.986864591149', NULL, NULL, 'lab52@doctoraak.com', '123456', 1, '0', 0, 3, 'lab.png', NULL, NULL),
(53, 'lab53', NULL, NULL, '1572370168', NULL, 2, 5, '31.10930775679', '29.983699993104', NULL, NULL, 'lab53@doctoraak.com', '123456', 1, '0', 0, 2, 'lab.png', NULL, NULL),
(54, 'lab54', NULL, NULL, '1572370169', NULL, 3, 2, '31.029892848102', '29.931921358396', NULL, NULL, 'lab54@doctoraak.com', '123456', 1, '0', 0, 3, 'lab.png', NULL, NULL),
(55, 'lab55', NULL, NULL, '1572370171', NULL, 4, 1, '31.176960132182', '30.047870192557', NULL, NULL, 'lab55@doctoraak.com', '123456', 1, '0', 0, 5, 'lab.png', NULL, NULL),
(56, 'lab56', NULL, NULL, '1572370173', NULL, 3, 3, '31.151014051182', '30.116599997452', NULL, NULL, 'lab56@doctoraak.com', '123456', 1, '0', 0, 4, 'lab.png', NULL, NULL),
(57, 'lab57', NULL, NULL, '1572370174', NULL, 5, 1, '31.188282380576', '30.001768459683', NULL, NULL, 'lab57@doctoraak.com', '123456', 1, '0', 0, 5, 'lab.png', NULL, NULL),
(58, 'lab58', NULL, NULL, '1572370176', NULL, 4, 1, '31.039781492415', '29.859436950858', NULL, NULL, 'lab58@doctoraak.com', '123456', 1, '0', 0, 4, 'lab.png', NULL, NULL),
(59, 'lab59', NULL, NULL, '1572370177', NULL, 1, 4, '31.380534583756', '29.919615101037', NULL, NULL, 'lab59@doctoraak.com', '123456', 1, '0', 0, 3, 'lab.png', NULL, NULL),
(60, 'lab60', NULL, NULL, '1572370179', NULL, 3, 4, '31.140199920095', '30.038657433776', NULL, NULL, 'lab60@doctoraak.com', '123456', 1, '0', 0, 3, 'lab.png', NULL, NULL),
(61, 'lab61', NULL, NULL, '1572370181', NULL, 1, 4, '31.320563687045', '29.928228617971', NULL, NULL, 'lab61@doctoraak.com', '123456', 1, '0', 0, 4, 'lab.png', NULL, NULL),
(62, 'lab62', NULL, NULL, '1572370182', NULL, 1, 4, '31.091534024806', '30.111658054836', NULL, NULL, 'lab62@doctoraak.com', '123456', 1, '0', 0, 4, 'lab.png', NULL, NULL),
(63, 'lab63', NULL, NULL, '1572370184', NULL, 4, 3, '31.162793139955', '29.986937790892', NULL, NULL, 'lab63@doctoraak.com', '123456', 1, '0', 0, 4, 'lab.png', NULL, NULL),
(64, 'lab64', NULL, NULL, '1572370186', NULL, 4, 1, '31.155613384522', '30.000043416353', NULL, NULL, 'lab64@doctoraak.com', '123456', 1, '0', 0, 5, 'lab.png', NULL, NULL),
(65, 'lab65', NULL, NULL, '1572370188', NULL, 1, 3, '31.188271891686', '29.999218938957', NULL, NULL, 'lab65@doctoraak.com', '123456', 1, '0', 0, 3, 'lab.png', NULL, NULL),
(66, 'lab66', NULL, NULL, '1572370189', NULL, 4, 4, '31.176241431653', '29.946551125047', NULL, NULL, 'lab66@doctoraak.com', '123456', 1, '0', 0, 4, 'lab.png', NULL, NULL),
(67, 'lab67', NULL, NULL, '1572370191', NULL, 3, 5, '31.14204454479', '30.000255416019', NULL, NULL, 'lab67@doctoraak.com', '123456', 1, '0', 0, 2, 'lab.png', NULL, NULL),
(68, 'lab68', NULL, NULL, '1572370192', NULL, 1, 4, '31.177949700483', '29.953870215526', NULL, NULL, 'lab68@doctoraak.com', '123456', 1, '0', 0, 5, 'lab.png', NULL, NULL),
(69, 'lab69', NULL, NULL, '1572370194', NULL, 3, 1, '31.178394406735', '30.026550936848', NULL, NULL, 'lab69@doctoraak.com', '123456', 1, '0', 0, 4, 'lab.png', NULL, NULL),
(70, 'lab70', NULL, NULL, '1572370195', NULL, 5, 4, '31.167599673352', '29.963545358501', NULL, NULL, 'lab70@doctoraak.com', '123456', 1, '0', 0, 5, 'lab.png', NULL, NULL),
(71, 'lab71', NULL, NULL, '1572370198', NULL, 3, 2, '31.157298095237', '29.973464245454', NULL, NULL, 'lab71@doctoraak.com', '123456', 1, '0', 0, 2, 'lab.png', NULL, NULL),
(72, 'lab72', NULL, NULL, '1572370200', NULL, 3, 4, '31.160469447666', '29.996990213183', NULL, NULL, 'lab72@doctoraak.com', '123456', 1, '0', 0, 4, 'lab.png', NULL, NULL),
(73, 'lab73', NULL, NULL, '1572370202', NULL, 3, 3, '31.152128504758', '29.995636043387', NULL, NULL, 'lab73@doctoraak.com', '123456', 1, '0', 0, 2, 'lab.png', NULL, NULL),
(74, 'lab74', NULL, NULL, '1572370205', NULL, 3, 2, '31.158765157362', '30.018420647719', NULL, NULL, 'lab74@doctoraak.com', '123456', 1, '0', 0, 2, 'lab.png', NULL, NULL),
(75, 'lab75', NULL, NULL, '1572370207', NULL, 3, 2, '31.192987626234', '30.059397293145', NULL, NULL, 'lab75@doctoraak.com', '123456', 1, '0', 0, 5, 'lab.png', NULL, NULL),
(76, 'lab76', NULL, NULL, '1572370209', NULL, 5, 4, '31.152824986548', '30.001999619429', NULL, NULL, 'lab76@doctoraak.com', '123456', 1, '0', 0, 3, 'lab.png', NULL, NULL),
(77, 'lab77', NULL, NULL, '1572370211', NULL, 2, 1, '31.233868513939', '30.028315812757', NULL, NULL, 'lab77@doctoraak.com', '123456', 1, '0', 0, 1, 'lab.png', NULL, NULL),
(78, 'lab78', NULL, NULL, '1572370212', NULL, 3, 5, '31.112631571784', '30.066503757939', NULL, NULL, 'lab78@doctoraak.com', '123456', 1, '0', 0, 2, 'lab.png', NULL, NULL),
(79, 'lab79', NULL, NULL, '1572370214', NULL, 3, 3, '31.118278031426', '29.974864794624', NULL, NULL, 'lab79@doctoraak.com', '123456', 1, '0', 0, 2, 'lab.png', NULL, NULL),
(80, 'lab80', NULL, NULL, '1572370216', NULL, 1, 3, '31.321977884239', '29.92146236523', NULL, NULL, 'lab80@doctoraak.com', '123456', 1, '0', 0, 2, 'lab.png', NULL, NULL),
(81, 'lab81', NULL, NULL, '1572370217', NULL, 3, 5, '31.194071121016', '29.940896651129', NULL, NULL, 'lab81@doctoraak.com', '123456', 1, '0', 0, 1, 'lab.png', NULL, NULL),
(82, 'lab82', NULL, NULL, '1572370219', NULL, 4, 5, '31.081747932358', '30.077676002041', NULL, NULL, 'lab82@doctoraak.com', '123456', 1, '0', 0, 3, 'lab.png', NULL, NULL),
(83, 'lab83', NULL, NULL, '1572370221', NULL, 2, 5, '31.162548585653', '29.959651398962', NULL, NULL, 'lab83@doctoraak.com', '123456', 1, '0', 0, 2, 'lab.png', NULL, NULL),
(84, 'lab84', NULL, NULL, '1572370224', NULL, 4, 2, '31.303824421008', '30.076341608798', NULL, NULL, 'lab84@doctoraak.com', '123456', 1, '0', 0, 1, 'lab.png', NULL, NULL),
(85, 'lab85', NULL, NULL, '1572370226', NULL, 1, 1, '31.167254637475', '29.979480961808', NULL, NULL, 'lab85@doctoraak.com', '123456', 1, '0', 0, 5, 'lab.png', NULL, NULL),
(86, 'lab86', NULL, NULL, '1572370228', NULL, 2, 1, '31.151230815712', '30.000124823499', NULL, NULL, 'lab86@doctoraak.com', '123456', 1, '0', 0, 5, 'lab.png', NULL, NULL),
(87, 'lab87', NULL, NULL, '1572370230', NULL, 4, 5, '31.313357630663', '29.981984025197', NULL, NULL, 'lab87@doctoraak.com', '123456', 1, '0', 0, 2, 'lab.png', NULL, NULL),
(88, 'lab88', NULL, NULL, '1572370231', NULL, 4, 1, '31.149385387635', '30.014409109821', NULL, NULL, 'lab88@doctoraak.com', '123456', 1, '0', 0, 2, 'lab.png', NULL, NULL),
(89, 'lab89', NULL, NULL, '1572370234', NULL, 4, 2, '31.293859577726', '30.041514548762', NULL, NULL, 'lab89@doctoraak.com', '123456', 1, '0', 0, 1, 'lab.png', NULL, NULL),
(90, 'lab90', NULL, NULL, '1572370236', NULL, 1, 1, '30.974162673899', '29.814315432974', NULL, NULL, 'lab90@doctoraak.com', '123456', 1, '0', 0, 5, 'lab.png', NULL, NULL),
(91, 'lab91', NULL, NULL, '1572370238', NULL, 5, 1, '31.156290288017', '30.003596048739', NULL, NULL, 'lab91@doctoraak.com', '123456', 1, '0', 0, 4, 'lab.png', NULL, NULL),
(92, 'lab92', NULL, NULL, '1572370240', NULL, 4, 5, '31.141841687276', '30.011376534418', NULL, NULL, 'lab92@doctoraak.com', '123456', 1, '0', 0, 2, 'lab.png', NULL, NULL),
(93, 'lab93', NULL, NULL, '1572370243', NULL, 2, 4, '31.139127191129', '30.030512487393', NULL, NULL, 'lab93@doctoraak.com', '123456', 1, '0', 0, 2, 'lab.png', NULL, NULL),
(94, 'lab94', NULL, NULL, '1572370245', NULL, 5, 5, '31.207653960936', '29.984628461353', NULL, NULL, 'lab94@doctoraak.com', '123456', 1, '0', 0, 4, 'lab.png', NULL, NULL),
(95, 'lab95', NULL, NULL, '1572370248', NULL, 3, 1, '31.116066160112', '30.002445503099', NULL, NULL, 'lab95@doctoraak.com', '123456', 1, '0', 0, 3, 'lab.png', NULL, NULL),
(96, 'lab96', NULL, NULL, '1572370249', NULL, 4, 4, '31.168407063212', '29.99557257719', NULL, NULL, 'lab96@doctoraak.com', '123456', 1, '0', 0, 3, 'lab.png', NULL, NULL),
(97, 'lab97', NULL, NULL, '1572370252', NULL, 3, 2, '31.153866858411', '29.992099323875', NULL, NULL, 'lab97@doctoraak.com', '123456', 1, '0', 0, 4, 'lab.png', NULL, NULL),
(98, 'lab98', NULL, NULL, '1572370254', NULL, 2, 5, '30.92950883234', '29.958953453238', NULL, NULL, 'lab98@doctoraak.com', '123456', 1, '0', 0, 4, 'lab.png', NULL, NULL),
(99, 'lab99', NULL, NULL, '1572370256', NULL, 5, 4, '31.14992923895', '30.006883053114', NULL, NULL, 'lab99@doctoraak.com', '123456', 1, '0', 0, 2, 'lab.png', NULL, NULL),
(100, 'lab100', NULL, NULL, '1572370257', NULL, 4, 4, '31.232438011829', '29.971545455074', NULL, NULL, 'lab100@doctoraak.com', '123456', 1, '0', 0, 1, 'lab.png', NULL, NULL);

-- --------------------------------------------------------

--
-- Table structure for table `lab_doctors`
--

CREATE TABLE `lab_doctors` (
  `id` bigint(20) UNSIGNED NOT NULL,
  `name` varchar(191) COLLATE utf8mb4_unicode_ci NOT NULL,
  `name_ar` varchar(191) COLLATE utf8mb4_unicode_ci DEFAULT NULL,
  `name_fr` varchar(191) COLLATE utf8mb4_unicode_ci DEFAULT NULL,
  `username` varchar(191) COLLATE utf8mb4_unicode_ci NOT NULL,
  `password` varchar(191) COLLATE utf8mb4_unicode_ci NOT NULL,
  `created_at` timestamp NULL DEFAULT NULL,
  `updated_at` timestamp NULL DEFAULT NULL
) ENGINE=InnoDB DEFAULT CHARSET=utf8mb4 COLLATE=utf8mb4_unicode_ci;

--
-- Dumping data for table `lab_doctors`
--

INSERT INTO `lab_doctors` (`id`, `name`, `name_ar`, `name_fr`, `username`, `password`, `created_at`, `updated_at`) VALUES
(1, 'lab_doctor1', NULL, NULL, 'lab_doctor1', '123456', NULL, NULL),
(2, 'lab_doctor2', NULL, NULL, 'lab_doctor2', '123456', NULL, NULL),
(3, 'lab_doctor3', NULL, NULL, 'lab_doctor3', '123456', NULL, NULL),
(4, 'lab_doctor4', NULL, NULL, 'lab_doctor4', '123456', NULL, NULL),
(5, 'lab_doctor5', NULL, NULL, 'lab_doctor5', '123456', NULL, NULL);

-- --------------------------------------------------------

--
-- Table structure for table `lab_insurances`
--

CREATE TABLE `lab_insurances` (
  `id` bigint(20) UNSIGNED NOT NULL,
  `lab_id` int(11) NOT NULL,
  `insurance_id` int(11) NOT NULL,
  `created_at` timestamp NULL DEFAULT NULL,
  `updated_at` timestamp NULL DEFAULT NULL
) ENGINE=InnoDB DEFAULT CHARSET=utf8mb4 COLLATE=utf8mb4_unicode_ci;

--
-- Dumping data for table `lab_insurances`
--

INSERT INTO `lab_insurances` (`id`, `lab_id`, `insurance_id`, `created_at`, `updated_at`) VALUES
(1, 1, 2, NULL, NULL),
(2, 2, 4, NULL, NULL),
(3, 3, 2, NULL, NULL),
(4, 4, 5, NULL, NULL),
(5, 5, 3, NULL, NULL),
(6, 6, 1, NULL, NULL),
(7, 7, 3, NULL, NULL),
(8, 8, 1, NULL, NULL),
(9, 9, 1, NULL, NULL),
(10, 10, 5, NULL, NULL),
(11, 11, 1, NULL, NULL),
(12, 12, 5, NULL, NULL),
(13, 13, 4, NULL, NULL),
(14, 14, 5, NULL, NULL),
(15, 15, 1, NULL, NULL),
(16, 16, 5, NULL, NULL),
(17, 17, 1, NULL, NULL),
(18, 18, 5, NULL, NULL),
(19, 19, 3, NULL, NULL),
(20, 20, 1, NULL, NULL),
(21, 21, 5, NULL, NULL),
(22, 22, 4, NULL, NULL),
(23, 23, 1, NULL, NULL),
(24, 24, 4, NULL, NULL),
(25, 25, 2, NULL, NULL),
(26, 26, 2, NULL, NULL),
(27, 27, 2, NULL, NULL),
(28, 28, 2, NULL, NULL),
(29, 29, 4, NULL, NULL),
(30, 30, 3, NULL, NULL),
(31, 31, 3, NULL, NULL),
(32, 32, 3, NULL, NULL),
(33, 33, 4, NULL, NULL),
(34, 34, 4, NULL, NULL),
(35, 35, 1, NULL, NULL),
(36, 36, 4, NULL, NULL),
(37, 37, 1, NULL, NULL),
(38, 38, 1, NULL, NULL),
(39, 39, 1, NULL, NULL),
(40, 40, 3, NULL, NULL),
(41, 41, 5, NULL, NULL),
(42, 42, 1, NULL, NULL),
(43, 43, 1, NULL, NULL),
(44, 44, 4, NULL, NULL),
(45, 45, 3, NULL, NULL),
(46, 46, 2, NULL, NULL),
(47, 47, 4, NULL, NULL),
(48, 48, 4, NULL, NULL),
(49, 49, 1, NULL, NULL),
(50, 50, 2, NULL, NULL),
(51, 51, 5, NULL, NULL),
(52, 52, 4, NULL, NULL),
(53, 53, 4, NULL, NULL),
(54, 54, 1, NULL, NULL),
(55, 55, 2, NULL, NULL),
(56, 56, 3, NULL, NULL),
(57, 57, 5, NULL, NULL),
(58, 58, 3, NULL, NULL),
(59, 59, 3, NULL, NULL),
(60, 60, 5, NULL, NULL),
(61, 61, 3, NULL, NULL),
(62, 62, 1, NULL, NULL),
(63, 63, 5, NULL, NULL),
(64, 64, 5, NULL, NULL),
(65, 65, 2, NULL, NULL),
(66, 66, 1, NULL, NULL),
(67, 67, 2, NULL, NULL),
(68, 68, 3, NULL, NULL),
(69, 69, 5, NULL, NULL),
(70, 70, 1, NULL, NULL),
(71, 71, 5, NULL, NULL),
(72, 72, 3, NULL, NULL),
(73, 73, 3, NULL, NULL),
(74, 74, 2, NULL, NULL),
(75, 75, 4, NULL, NULL),
(76, 76, 3, NULL, NULL),
(77, 77, 5, NULL, NULL),
(78, 78, 3, NULL, NULL),
(79, 79, 2, NULL, NULL),
(80, 80, 1, NULL, NULL),
(81, 81, 3, NULL, NULL),
(82, 82, 1, NULL, NULL),
(83, 83, 4, NULL, NULL),
(84, 84, 5, NULL, NULL),
(85, 85, 1, NULL, NULL),
(86, 86, 5, NULL, NULL),
(87, 87, 2, NULL, NULL),
(88, 88, 1, NULL, NULL),
(89, 89, 4, NULL, NULL),
(90, 90, 1, NULL, NULL),
(91, 91, 2, NULL, NULL),
(92, 92, 4, NULL, NULL),
(93, 93, 1, NULL, NULL),
(94, 94, 5, NULL, NULL),
(95, 95, 2, NULL, NULL),
(96, 96, 4, NULL, NULL),
(97, 97, 2, NULL, NULL),
(98, 98, 3, NULL, NULL),
(99, 99, 4, NULL, NULL),
(100, 100, 1, NULL, NULL);

-- --------------------------------------------------------

--
-- Table structure for table `lab_orders`
--

CREATE TABLE `lab_orders` (
  `id` bigint(20) UNSIGNED NOT NULL,
  `lab_id` int(11) NOT NULL,
  `patient_id` int(11) NOT NULL,
  `notes` varchar(191) COLLATE utf8mb4_unicode_ci DEFAULT NULL,
  `photo` varchar(191) COLLATE utf8mb4_unicode_ci NOT NULL DEFAULT 'laborder.png',
  `insurance_code` varchar(191) COLLATE utf8mb4_unicode_ci DEFAULT NULL,
  `insurance_accept` enum('accept','refused','required','notrequired') COLLATE utf8mb4_unicode_ci NOT NULL DEFAULT 'required',
  `created_at` timestamp NULL DEFAULT NULL,
  `updated_at` timestamp NULL DEFAULT NULL
) ENGINE=InnoDB DEFAULT CHARSET=utf8mb4 COLLATE=utf8mb4_unicode_ci;

--
-- Dumping data for table `lab_orders`
--

INSERT INTO `lab_orders` (`id`, `lab_id`, `patient_id`, `notes`, `photo`, `insurance_code`, `insurance_accept`, `created_at`, `updated_at`) VALUES
(1, 40, 1, NULL, 'laborder.png', NULL, 'required', '2019-10-26 07:00:00', '2019-10-30 01:23:05'),
(2, 40, 1, NULL, 'laborder.png', NULL, 'required', '2019-10-26 07:00:00', '2019-10-30 01:23:13'),
(3, 40, 1, NULL, 'laborder.png', NULL, 'required', '2019-10-26 07:00:00', '2019-10-30 01:23:19');

-- --------------------------------------------------------

--
-- Table structure for table `lab_order_details`
--

CREATE TABLE `lab_order_details` (
  `id` bigint(20) UNSIGNED NOT NULL,
  `lab_order` int(11) NOT NULL,
  `analysis_id` int(11) NOT NULL,
  `created_at` timestamp NULL DEFAULT NULL,
  `updated_at` timestamp NULL DEFAULT NULL
) ENGINE=InnoDB DEFAULT CHARSET=utf8mb4 COLLATE=utf8mb4_unicode_ci;

--
-- Dumping data for table `lab_order_details`
--

INSERT INTO `lab_order_details` (`id`, `lab_order`, `analysis_id`, `created_at`, `updated_at`) VALUES
(1, 1, 1, '2019-10-30 01:23:05', '2019-10-30 01:23:05'),
(2, 1, 1, '2019-10-30 01:23:05', '2019-10-30 01:23:05'),
(3, 1, 1, '2019-10-30 01:23:05', '2019-10-30 01:23:05'),
(4, 1, 1, '2019-10-30 01:23:05', '2019-10-30 01:23:05'),
(5, 1, 1, '2019-10-30 01:23:06', '2019-10-30 01:23:06'),
(6, 1, 1, '2019-10-30 01:23:06', '2019-10-30 01:23:06'),
(7, 1, 1, '2019-10-30 01:23:06', '2019-10-30 01:23:06'),
(8, 1, 1, '2019-10-30 01:23:06', '2019-10-30 01:23:06'),
(9, 1, 1, '2019-10-30 01:23:06', '2019-10-30 01:23:06'),
(10, 2, 1, '2019-10-30 01:23:13', '2019-10-30 01:23:13'),
(11, 2, 1, '2019-10-30 01:23:13', '2019-10-30 01:23:13'),
(12, 2, 1, '2019-10-30 01:23:13', '2019-10-30 01:23:13'),
(13, 2, 1, '2019-10-30 01:23:14', '2019-10-30 01:23:14'),
(14, 2, 1, '2019-10-30 01:23:14', '2019-10-30 01:23:14'),
(15, 2, 1, '2019-10-30 01:23:14', '2019-10-30 01:23:14'),
(16, 2, 1, '2019-10-30 01:23:14', '2019-10-30 01:23:14'),
(17, 2, 1, '2019-10-30 01:23:14', '2019-10-30 01:23:14'),
(18, 2, 1, '2019-10-30 01:23:14', '2019-10-30 01:23:14'),
(19, 3, 1, '2019-10-30 01:23:19', '2019-10-30 01:23:19'),
(20, 3, 1, '2019-10-30 01:23:19', '2019-10-30 01:23:19'),
(21, 3, 1, '2019-10-30 01:23:19', '2019-10-30 01:23:19'),
(22, 3, 1, '2019-10-30 01:23:19', '2019-10-30 01:23:19'),
(23, 3, 1, '2019-10-30 01:23:19', '2019-10-30 01:23:19'),
(24, 3, 1, '2019-10-30 01:23:19', '2019-10-30 01:23:19'),
(25, 3, 1, '2019-10-30 01:23:19', '2019-10-30 01:23:19'),
(26, 3, 1, '2019-10-30 01:23:19', '2019-10-30 01:23:19'),
(27, 3, 1, '2019-10-30 01:23:19', '2019-10-30 01:23:19');

-- --------------------------------------------------------

--
-- Table structure for table `lab_working_hours`
--

CREATE TABLE `lab_working_hours` (
  `id` bigint(20) UNSIGNED NOT NULL,
  `lab_id` int(11) NOT NULL,
  `day` int(11) NOT NULL,
  `part_from` time DEFAULT NULL,
  `part_to` time DEFAULT NULL,
  `active` tinyint(1) NOT NULL DEFAULT 0,
  `created_at` timestamp NULL DEFAULT NULL,
  `updated_at` timestamp NULL DEFAULT NULL
) ENGINE=InnoDB DEFAULT CHARSET=utf8mb4 COLLATE=utf8mb4_unicode_ci;

--
-- Dumping data for table `lab_working_hours`
--

INSERT INTO `lab_working_hours` (`id`, `lab_id`, `day`, `part_from`, `part_to`, `active`, `created_at`, `updated_at`) VALUES
(1, 1, 1, '08:00:00', '20:00:00', 1, NULL, NULL),
(2, 1, 2, '08:00:00', '21:00:00', 1, NULL, NULL),
(3, 1, 3, '08:00:00', '23:00:00', 1, NULL, NULL),
(4, 1, 4, '08:00:00', '20:00:00', 1, NULL, NULL),
(5, 1, 5, '09:00:00', '23:00:00', 1, NULL, NULL),
(6, 1, 6, '09:00:00', '22:00:00', 0, NULL, NULL),
(7, 1, 7, '08:00:00', '21:00:00', 0, NULL, NULL),
(8, 2, 1, '09:00:00', '22:00:00', 1, NULL, NULL),
(9, 2, 2, '08:00:00', '23:00:00', 1, NULL, NULL),
(10, 2, 3, '09:00:00', '21:00:00', 1, NULL, NULL),
(11, 2, 4, '09:00:00', '20:00:00', 1, NULL, NULL),
(12, 2, 5, '08:00:00', '21:00:00', 1, NULL, NULL),
(13, 2, 6, '09:00:00', '20:00:00', 0, NULL, NULL),
(14, 2, 7, '09:00:00', '23:00:00', 0, NULL, NULL),
(15, 3, 1, '08:00:00', '22:00:00', 1, NULL, NULL),
(16, 3, 2, '08:00:00', '22:00:00', 1, NULL, NULL),
(17, 3, 3, '09:00:00', '20:00:00', 1, NULL, NULL),
(18, 3, 4, '09:00:00', '22:00:00', 1, NULL, NULL),
(19, 3, 5, '08:00:00', '22:00:00', 1, NULL, NULL),
(20, 3, 6, '08:00:00', '23:00:00', 0, NULL, NULL),
(21, 3, 7, '08:00:00', '21:00:00', 0, NULL, NULL),
(22, 4, 1, '08:00:00', '22:00:00', 1, NULL, NULL),
(23, 4, 2, '08:00:00', '20:00:00', 1, NULL, NULL),
(24, 4, 3, '08:00:00', '20:00:00', 1, NULL, NULL),
(25, 4, 4, '09:00:00', '21:00:00', 1, NULL, NULL),
(26, 4, 5, '08:00:00', '20:00:00', 1, NULL, NULL),
(27, 4, 6, '09:00:00', '23:00:00', 0, NULL, NULL),
(28, 4, 7, '09:00:00', '23:00:00', 0, NULL, NULL),
(29, 5, 1, '09:00:00', '21:00:00', 1, NULL, NULL),
(30, 5, 2, '08:00:00', '22:00:00', 1, NULL, NULL),
(31, 5, 3, '09:00:00', '22:00:00', 1, NULL, NULL),
(32, 5, 4, '09:00:00', '22:00:00', 1, NULL, NULL),
(33, 5, 5, '08:00:00', '20:00:00', 1, NULL, NULL),
(34, 5, 6, '09:00:00', '22:00:00', 0, NULL, NULL),
(35, 5, 7, '08:00:00', '20:00:00', 0, NULL, NULL),
(36, 6, 1, '08:00:00', '21:00:00', 1, NULL, NULL),
(37, 6, 2, '09:00:00', '21:00:00', 1, NULL, NULL),
(38, 6, 3, '08:00:00', '23:00:00', 1, NULL, NULL),
(39, 6, 4, '08:00:00', '21:00:00', 1, NULL, NULL),
(40, 6, 5, '09:00:00', '21:00:00', 1, NULL, NULL),
(41, 6, 6, '09:00:00', '22:00:00', 0, NULL, NULL),
(42, 6, 7, '09:00:00', '23:00:00', 0, NULL, NULL),
(43, 7, 1, '09:00:00', '23:00:00', 1, NULL, NULL),
(44, 7, 2, '08:00:00', '23:00:00', 1, NULL, NULL),
(45, 7, 3, '08:00:00', '21:00:00', 1, NULL, NULL),
(46, 7, 4, '09:00:00', '20:00:00', 1, NULL, NULL),
(47, 7, 5, '08:00:00', '21:00:00', 1, NULL, NULL),
(48, 7, 6, '08:00:00', '23:00:00', 0, NULL, NULL),
(49, 7, 7, '08:00:00', '21:00:00', 0, NULL, NULL),
(50, 8, 1, '09:00:00', '23:00:00', 1, NULL, NULL),
(51, 8, 2, '08:00:00', '21:00:00', 1, NULL, NULL),
(52, 8, 3, '08:00:00', '20:00:00', 1, NULL, NULL),
(53, 8, 4, '08:00:00', '22:00:00', 1, NULL, NULL),
(54, 8, 5, '09:00:00', '22:00:00', 1, NULL, NULL),
(55, 8, 6, '08:00:00', '21:00:00', 0, NULL, NULL),
(56, 8, 7, '08:00:00', '20:00:00', 0, NULL, NULL),
(57, 9, 1, '09:00:00', '22:00:00', 1, NULL, NULL),
(58, 9, 2, '08:00:00', '23:00:00', 1, NULL, NULL),
(59, 9, 3, '09:00:00', '22:00:00', 1, NULL, NULL),
(60, 9, 4, '09:00:00', '21:00:00', 1, NULL, NULL),
(61, 9, 5, '09:00:00', '20:00:00', 1, NULL, NULL),
(62, 9, 6, '09:00:00', '23:00:00', 0, NULL, NULL),
(63, 9, 7, '09:00:00', '23:00:00', 0, NULL, NULL),
(64, 10, 1, '09:00:00', '20:00:00', 1, NULL, NULL),
(65, 10, 2, '08:00:00', '22:00:00', 1, NULL, NULL),
(66, 10, 3, '08:00:00', '20:00:00', 1, NULL, NULL),
(67, 10, 4, '09:00:00', '20:00:00', 1, NULL, NULL),
(68, 10, 5, '08:00:00', '22:00:00', 1, NULL, NULL),
(69, 10, 6, '08:00:00', '21:00:00', 0, NULL, NULL),
(70, 10, 7, '08:00:00', '20:00:00', 0, NULL, NULL),
(71, 11, 1, '09:00:00', '21:00:00', 1, NULL, NULL),
(72, 11, 2, '09:00:00', '23:00:00', 1, NULL, NULL),
(73, 11, 3, '08:00:00', '22:00:00', 1, NULL, NULL),
(74, 11, 4, '09:00:00', '20:00:00', 1, NULL, NULL),
(75, 11, 5, '08:00:00', '20:00:00', 1, NULL, NULL),
(76, 11, 6, '08:00:00', '21:00:00', 0, NULL, NULL),
(77, 11, 7, '08:00:00', '22:00:00', 0, NULL, NULL),
(78, 12, 1, '09:00:00', '22:00:00', 1, NULL, NULL),
(79, 12, 2, '08:00:00', '21:00:00', 1, NULL, NULL),
(80, 12, 3, '08:00:00', '20:00:00', 1, NULL, NULL),
(81, 12, 4, '08:00:00', '22:00:00', 1, NULL, NULL),
(82, 12, 5, '08:00:00', '23:00:00', 1, NULL, NULL),
(83, 12, 6, '08:00:00', '21:00:00', 0, NULL, NULL),
(84, 12, 7, '09:00:00', '21:00:00', 0, NULL, NULL),
(85, 13, 1, '09:00:00', '23:00:00', 1, NULL, NULL),
(86, 13, 2, '09:00:00', '23:00:00', 1, NULL, NULL),
(87, 13, 3, '09:00:00', '23:00:00', 1, NULL, NULL),
(88, 13, 4, '08:00:00', '23:00:00', 1, NULL, NULL),
(89, 13, 5, '08:00:00', '23:00:00', 1, NULL, NULL),
(90, 13, 6, '08:00:00', '23:00:00', 0, NULL, NULL),
(91, 13, 7, '08:00:00', '23:00:00', 0, NULL, NULL),
(92, 14, 1, '09:00:00', '22:00:00', 1, NULL, NULL),
(93, 14, 2, '08:00:00', '23:00:00', 1, NULL, NULL),
(94, 14, 3, '08:00:00', '21:00:00', 1, NULL, NULL),
(95, 14, 4, '09:00:00', '20:00:00', 1, NULL, NULL),
(96, 14, 5, '09:00:00', '23:00:00', 1, NULL, NULL),
(97, 14, 6, '09:00:00', '20:00:00', 0, NULL, NULL),
(98, 14, 7, '09:00:00', '22:00:00', 0, NULL, NULL),
(99, 15, 1, '08:00:00', '21:00:00', 1, NULL, NULL),
(100, 15, 2, '08:00:00', '21:00:00', 1, NULL, NULL),
(101, 15, 3, '08:00:00', '23:00:00', 1, NULL, NULL),
(102, 15, 4, '09:00:00', '21:00:00', 1, NULL, NULL),
(103, 15, 5, '08:00:00', '20:00:00', 1, NULL, NULL),
(104, 15, 6, '09:00:00', '23:00:00', 0, NULL, NULL),
(105, 15, 7, '09:00:00', '20:00:00', 0, NULL, NULL),
(106, 16, 1, '09:00:00', '23:00:00', 1, NULL, NULL),
(107, 16, 2, '08:00:00', '22:00:00', 1, NULL, NULL),
(108, 16, 3, '08:00:00', '22:00:00', 1, NULL, NULL),
(109, 16, 4, '09:00:00', '21:00:00', 1, NULL, NULL),
(110, 16, 5, '09:00:00', '20:00:00', 1, NULL, NULL),
(111, 16, 6, '09:00:00', '21:00:00', 0, NULL, NULL),
(112, 16, 7, '08:00:00', '22:00:00', 0, NULL, NULL),
(113, 17, 1, '09:00:00', '23:00:00', 1, NULL, NULL),
(114, 17, 2, '08:00:00', '20:00:00', 1, NULL, NULL),
(115, 17, 3, '09:00:00', '23:00:00', 1, NULL, NULL),
(116, 17, 4, '09:00:00', '23:00:00', 1, NULL, NULL),
(117, 17, 5, '09:00:00', '23:00:00', 1, NULL, NULL),
(118, 17, 6, '09:00:00', '21:00:00', 0, NULL, NULL),
(119, 17, 7, '08:00:00', '20:00:00', 0, NULL, NULL),
(120, 18, 1, '08:00:00', '20:00:00', 1, NULL, NULL),
(121, 18, 2, '08:00:00', '20:00:00', 1, NULL, NULL),
(122, 18, 3, '09:00:00', '22:00:00', 1, NULL, NULL),
(123, 18, 4, '08:00:00', '23:00:00', 1, NULL, NULL),
(124, 18, 5, '08:00:00', '21:00:00', 1, NULL, NULL),
(125, 18, 6, '09:00:00', '22:00:00', 0, NULL, NULL),
(126, 18, 7, '08:00:00', '22:00:00', 0, NULL, NULL),
(127, 19, 1, '09:00:00', '21:00:00', 1, NULL, NULL),
(128, 19, 2, '09:00:00', '20:00:00', 1, NULL, NULL),
(129, 19, 3, '08:00:00', '20:00:00', 1, NULL, NULL),
(130, 19, 4, '09:00:00', '22:00:00', 1, NULL, NULL),
(131, 19, 5, '08:00:00', '20:00:00', 1, NULL, NULL),
(132, 19, 6, '08:00:00', '20:00:00', 0, NULL, NULL),
(133, 19, 7, '09:00:00', '21:00:00', 0, NULL, NULL),
(134, 20, 1, '08:00:00', '23:00:00', 1, NULL, NULL),
(135, 20, 2, '09:00:00', '23:00:00', 1, NULL, NULL),
(136, 20, 3, '09:00:00', '23:00:00', 1, NULL, NULL),
(137, 20, 4, '08:00:00', '20:00:00', 1, NULL, NULL),
(138, 20, 5, '08:00:00', '23:00:00', 1, NULL, NULL),
(139, 20, 6, '09:00:00', '20:00:00', 0, NULL, NULL),
(140, 20, 7, '08:00:00', '21:00:00', 0, NULL, NULL),
(141, 21, 1, '09:00:00', '21:00:00', 1, NULL, NULL),
(142, 21, 2, '09:00:00', '21:00:00', 1, NULL, NULL),
(143, 21, 3, '09:00:00', '20:00:00', 1, NULL, NULL),
(144, 21, 4, '09:00:00', '21:00:00', 1, NULL, NULL),
(145, 21, 5, '09:00:00', '20:00:00', 1, NULL, NULL),
(146, 21, 6, '09:00:00', '21:00:00', 0, NULL, NULL),
(147, 21, 7, '08:00:00', '21:00:00', 0, NULL, NULL),
(148, 22, 1, '09:00:00', '23:00:00', 1, NULL, NULL),
(149, 22, 2, '09:00:00', '20:00:00', 1, NULL, NULL),
(150, 22, 3, '09:00:00', '23:00:00', 1, NULL, NULL),
(151, 22, 4, '09:00:00', '23:00:00', 1, NULL, NULL),
(152, 22, 5, '09:00:00', '23:00:00', 1, NULL, NULL),
(153, 22, 6, '09:00:00', '22:00:00', 0, NULL, NULL),
(154, 22, 7, '09:00:00', '23:00:00', 0, NULL, NULL),
(155, 23, 1, '09:00:00', '23:00:00', 1, NULL, NULL),
(156, 23, 2, '08:00:00', '22:00:00', 1, NULL, NULL),
(157, 23, 3, '08:00:00', '21:00:00', 1, NULL, NULL),
(158, 23, 4, '08:00:00', '20:00:00', 1, NULL, NULL),
(159, 23, 5, '09:00:00', '22:00:00', 1, NULL, NULL),
(160, 23, 6, '08:00:00', '21:00:00', 0, NULL, NULL),
(161, 23, 7, '08:00:00', '20:00:00', 0, NULL, NULL),
(162, 24, 1, '09:00:00', '20:00:00', 1, NULL, NULL),
(163, 24, 2, '08:00:00', '21:00:00', 1, NULL, NULL),
(164, 24, 3, '09:00:00', '22:00:00', 1, NULL, NULL),
(165, 24, 4, '08:00:00', '22:00:00', 1, NULL, NULL),
(166, 24, 5, '09:00:00', '23:00:00', 1, NULL, NULL),
(167, 24, 6, '09:00:00', '20:00:00', 0, NULL, NULL),
(168, 24, 7, '09:00:00', '20:00:00', 0, NULL, NULL),
(169, 25, 1, '08:00:00', '21:00:00', 1, NULL, NULL),
(170, 25, 2, '08:00:00', '23:00:00', 1, NULL, NULL),
(171, 25, 3, '08:00:00', '23:00:00', 1, NULL, NULL),
(172, 25, 4, '08:00:00', '23:00:00', 1, NULL, NULL),
(173, 25, 5, '08:00:00', '20:00:00', 1, NULL, NULL),
(174, 25, 6, '09:00:00', '22:00:00', 0, NULL, NULL),
(175, 25, 7, '09:00:00', '23:00:00', 0, NULL, NULL),
(176, 26, 1, '09:00:00', '23:00:00', 1, NULL, NULL),
(177, 26, 2, '08:00:00', '21:00:00', 1, NULL, NULL),
(178, 26, 3, '08:00:00', '22:00:00', 1, NULL, NULL),
(179, 26, 4, '09:00:00', '23:00:00', 1, NULL, NULL),
(180, 26, 5, '08:00:00', '23:00:00', 1, NULL, NULL),
(181, 26, 6, '09:00:00', '23:00:00', 0, NULL, NULL),
(182, 26, 7, '08:00:00', '20:00:00', 0, NULL, NULL),
(183, 27, 1, '08:00:00', '21:00:00', 1, NULL, NULL),
(184, 27, 2, '09:00:00', '22:00:00', 1, NULL, NULL),
(185, 27, 3, '08:00:00', '20:00:00', 1, NULL, NULL),
(186, 27, 4, '09:00:00', '20:00:00', 1, NULL, NULL),
(187, 27, 5, '09:00:00', '23:00:00', 1, NULL, NULL),
(188, 27, 6, '09:00:00', '21:00:00', 0, NULL, NULL),
(189, 27, 7, '08:00:00', '23:00:00', 0, NULL, NULL),
(190, 28, 1, '08:00:00', '22:00:00', 1, NULL, NULL),
(191, 28, 2, '08:00:00', '22:00:00', 1, NULL, NULL),
(192, 28, 3, '08:00:00', '20:00:00', 1, NULL, NULL),
(193, 28, 4, '09:00:00', '22:00:00', 1, NULL, NULL),
(194, 28, 5, '09:00:00', '23:00:00', 1, NULL, NULL),
(195, 28, 6, '09:00:00', '20:00:00', 0, NULL, NULL),
(196, 28, 7, '09:00:00', '21:00:00', 0, NULL, NULL),
(197, 29, 1, '09:00:00', '23:00:00', 1, NULL, NULL),
(198, 29, 2, '08:00:00', '20:00:00', 1, NULL, NULL),
(199, 29, 3, '08:00:00', '22:00:00', 1, NULL, NULL),
(200, 29, 4, '08:00:00', '20:00:00', 1, NULL, NULL),
(201, 29, 5, '08:00:00', '21:00:00', 1, NULL, NULL),
(202, 29, 6, '09:00:00', '20:00:00', 0, NULL, NULL),
(203, 29, 7, '08:00:00', '20:00:00', 0, NULL, NULL),
(204, 30, 1, '09:00:00', '20:00:00', 1, NULL, NULL),
(205, 30, 2, '09:00:00', '21:00:00', 1, NULL, NULL),
(206, 30, 3, '08:00:00', '23:00:00', 1, NULL, NULL),
(207, 30, 4, '09:00:00', '23:00:00', 1, NULL, NULL),
(208, 30, 5, '08:00:00', '23:00:00', 1, NULL, NULL),
(209, 30, 6, '08:00:00', '22:00:00', 0, NULL, NULL),
(210, 30, 7, '08:00:00', '20:00:00', 0, NULL, NULL),
(211, 31, 1, '08:00:00', '20:00:00', 1, NULL, NULL),
(212, 31, 2, '08:00:00', '20:00:00', 1, NULL, NULL),
(213, 31, 3, '09:00:00', '20:00:00', 1, NULL, NULL),
(214, 31, 4, '08:00:00', '22:00:00', 1, NULL, NULL),
(215, 31, 5, '09:00:00', '21:00:00', 1, NULL, NULL),
(216, 31, 6, '08:00:00', '22:00:00', 0, NULL, NULL),
(217, 31, 7, '09:00:00', '22:00:00', 0, NULL, NULL),
(218, 32, 1, '08:00:00', '21:00:00', 1, NULL, NULL),
(219, 32, 2, '09:00:00', '20:00:00', 1, NULL, NULL),
(220, 32, 3, '09:00:00', '23:00:00', 1, NULL, NULL),
(221, 32, 4, '08:00:00', '21:00:00', 1, NULL, NULL),
(222, 32, 5, '08:00:00', '21:00:00', 1, NULL, NULL),
(223, 32, 6, '08:00:00', '22:00:00', 0, NULL, NULL),
(224, 32, 7, '08:00:00', '23:00:00', 0, NULL, NULL),
(225, 33, 1, '08:00:00', '23:00:00', 1, NULL, NULL),
(226, 33, 2, '08:00:00', '22:00:00', 1, NULL, NULL),
(227, 33, 3, '08:00:00', '20:00:00', 1, NULL, NULL),
(228, 33, 4, '09:00:00', '23:00:00', 1, NULL, NULL),
(229, 33, 5, '09:00:00', '23:00:00', 1, NULL, NULL),
(230, 33, 6, '08:00:00', '23:00:00', 0, NULL, NULL),
(231, 33, 7, '08:00:00', '21:00:00', 0, NULL, NULL),
(232, 34, 1, '09:00:00', '23:00:00', 1, NULL, NULL),
(233, 34, 2, '08:00:00', '23:00:00', 1, NULL, NULL),
(234, 34, 3, '09:00:00', '22:00:00', 1, NULL, NULL),
(235, 34, 4, '08:00:00', '22:00:00', 1, NULL, NULL),
(236, 34, 5, '09:00:00', '21:00:00', 1, NULL, NULL),
(237, 34, 6, '08:00:00', '22:00:00', 0, NULL, NULL),
(238, 34, 7, '09:00:00', '20:00:00', 0, NULL, NULL),
(239, 35, 1, '09:00:00', '21:00:00', 1, NULL, NULL),
(240, 35, 2, '09:00:00', '23:00:00', 1, NULL, NULL),
(241, 35, 3, '09:00:00', '23:00:00', 1, NULL, NULL),
(242, 35, 4, '09:00:00', '21:00:00', 1, NULL, NULL),
(243, 35, 5, '08:00:00', '22:00:00', 1, NULL, NULL),
(244, 35, 6, '08:00:00', '21:00:00', 0, NULL, NULL),
(245, 35, 7, '08:00:00', '22:00:00', 0, NULL, NULL),
(246, 36, 1, '09:00:00', '21:00:00', 1, NULL, NULL),
(247, 36, 2, '08:00:00', '21:00:00', 1, NULL, NULL),
(248, 36, 3, '08:00:00', '22:00:00', 1, NULL, NULL),
(249, 36, 4, '09:00:00', '22:00:00', 1, NULL, NULL),
(250, 36, 5, '09:00:00', '23:00:00', 1, NULL, NULL),
(251, 36, 6, '09:00:00', '22:00:00', 0, NULL, NULL),
(252, 36, 7, '08:00:00', '20:00:00', 0, NULL, NULL),
(253, 37, 1, '08:00:00', '22:00:00', 1, NULL, NULL),
(254, 37, 2, '09:00:00', '22:00:00', 1, NULL, NULL),
(255, 37, 3, '08:00:00', '21:00:00', 1, NULL, NULL),
(256, 37, 4, '08:00:00', '20:00:00', 1, NULL, NULL),
(257, 37, 5, '08:00:00', '22:00:00', 1, NULL, NULL),
(258, 37, 6, '09:00:00', '22:00:00', 0, NULL, NULL),
(259, 37, 7, '09:00:00', '23:00:00', 0, NULL, NULL),
(260, 38, 1, '09:00:00', '22:00:00', 1, NULL, NULL),
(261, 38, 2, '09:00:00', '21:00:00', 1, NULL, NULL),
(262, 38, 3, '08:00:00', '21:00:00', 1, NULL, NULL),
(263, 38, 4, '08:00:00', '22:00:00', 1, NULL, NULL),
(264, 38, 5, '09:00:00', '23:00:00', 1, NULL, NULL),
(265, 38, 6, '09:00:00', '21:00:00', 0, NULL, NULL),
(266, 38, 7, '08:00:00', '21:00:00', 0, NULL, NULL),
(267, 39, 1, '09:00:00', '23:00:00', 1, NULL, NULL),
(268, 39, 2, '08:00:00', '23:00:00', 1, NULL, NULL),
(269, 39, 3, '08:00:00', '23:00:00', 1, NULL, NULL),
(270, 39, 4, '08:00:00', '21:00:00', 1, NULL, NULL),
(271, 39, 5, '08:00:00', '22:00:00', 1, NULL, NULL),
(272, 39, 6, '08:00:00', '22:00:00', 0, NULL, NULL),
(273, 39, 7, '09:00:00', '23:00:00', 0, NULL, NULL),
(274, 40, 1, '09:00:00', '22:00:00', 1, NULL, NULL),
(275, 40, 2, '09:00:00', '21:00:00', 1, NULL, NULL),
(276, 40, 3, '09:00:00', '20:00:00', 1, NULL, NULL),
(277, 40, 4, '08:00:00', '23:00:00', 1, NULL, NULL),
(278, 40, 5, '09:00:00', '23:00:00', 1, NULL, NULL),
(279, 40, 6, '08:00:00', '21:00:00', 0, NULL, NULL),
(280, 40, 7, '08:00:00', '22:00:00', 0, NULL, NULL),
(281, 41, 1, '08:00:00', '22:00:00', 1, NULL, NULL),
(282, 41, 2, '08:00:00', '21:00:00', 1, NULL, NULL),
(283, 41, 3, '09:00:00', '20:00:00', 1, NULL, NULL),
(284, 41, 4, '09:00:00', '21:00:00', 1, NULL, NULL),
(285, 41, 5, '08:00:00', '21:00:00', 1, NULL, NULL),
(286, 41, 6, '08:00:00', '21:00:00', 0, NULL, NULL),
(287, 41, 7, '08:00:00', '22:00:00', 0, NULL, NULL),
(288, 42, 1, '08:00:00', '21:00:00', 1, NULL, NULL),
(289, 42, 2, '09:00:00', '21:00:00', 1, NULL, NULL),
(290, 42, 3, '08:00:00', '21:00:00', 1, NULL, NULL),
(291, 42, 4, '08:00:00', '20:00:00', 1, NULL, NULL),
(292, 42, 5, '08:00:00', '21:00:00', 1, NULL, NULL),
(293, 42, 6, '08:00:00', '23:00:00', 0, NULL, NULL),
(294, 42, 7, '09:00:00', '21:00:00', 0, NULL, NULL),
(295, 43, 1, '08:00:00', '23:00:00', 1, NULL, NULL),
(296, 43, 2, '09:00:00', '21:00:00', 1, NULL, NULL),
(297, 43, 3, '09:00:00', '20:00:00', 1, NULL, NULL),
(298, 43, 4, '09:00:00', '21:00:00', 1, NULL, NULL),
(299, 43, 5, '08:00:00', '21:00:00', 1, NULL, NULL),
(300, 43, 6, '08:00:00', '20:00:00', 0, NULL, NULL),
(301, 43, 7, '08:00:00', '21:00:00', 0, NULL, NULL),
(302, 44, 1, '09:00:00', '23:00:00', 1, NULL, NULL),
(303, 44, 2, '09:00:00', '20:00:00', 1, NULL, NULL),
(304, 44, 3, '09:00:00', '23:00:00', 1, NULL, NULL),
(305, 44, 4, '09:00:00', '20:00:00', 1, NULL, NULL),
(306, 44, 5, '08:00:00', '20:00:00', 1, NULL, NULL),
(307, 44, 6, '09:00:00', '23:00:00', 0, NULL, NULL),
(308, 44, 7, '08:00:00', '23:00:00', 0, NULL, NULL),
(309, 45, 1, '08:00:00', '23:00:00', 1, NULL, NULL),
(310, 45, 2, '08:00:00', '20:00:00', 1, NULL, NULL),
(311, 45, 3, '09:00:00', '20:00:00', 1, NULL, NULL),
(312, 45, 4, '08:00:00', '21:00:00', 1, NULL, NULL),
(313, 45, 5, '08:00:00', '22:00:00', 1, NULL, NULL),
(314, 45, 6, '09:00:00', '22:00:00', 0, NULL, NULL),
(315, 45, 7, '08:00:00', '20:00:00', 0, NULL, NULL),
(316, 46, 1, '08:00:00', '21:00:00', 1, NULL, NULL),
(317, 46, 2, '08:00:00', '23:00:00', 1, NULL, NULL),
(318, 46, 3, '08:00:00', '20:00:00', 1, NULL, NULL),
(319, 46, 4, '08:00:00', '22:00:00', 1, NULL, NULL),
(320, 46, 5, '08:00:00', '23:00:00', 1, NULL, NULL),
(321, 46, 6, '08:00:00', '21:00:00', 0, NULL, NULL),
(322, 46, 7, '09:00:00', '21:00:00', 0, NULL, NULL),
(323, 47, 1, '09:00:00', '21:00:00', 1, NULL, NULL),
(324, 47, 2, '08:00:00', '22:00:00', 1, NULL, NULL),
(325, 47, 3, '08:00:00', '23:00:00', 1, NULL, NULL),
(326, 47, 4, '09:00:00', '20:00:00', 1, NULL, NULL),
(327, 47, 5, '09:00:00', '20:00:00', 1, NULL, NULL),
(328, 47, 6, '09:00:00', '21:00:00', 0, NULL, NULL),
(329, 47, 7, '08:00:00', '23:00:00', 0, NULL, NULL),
(330, 48, 1, '08:00:00', '21:00:00', 1, NULL, NULL),
(331, 48, 2, '09:00:00', '21:00:00', 1, NULL, NULL),
(332, 48, 3, '08:00:00', '21:00:00', 1, NULL, NULL),
(333, 48, 4, '09:00:00', '21:00:00', 1, NULL, NULL),
(334, 48, 5, '08:00:00', '22:00:00', 1, NULL, NULL),
(335, 48, 6, '08:00:00', '20:00:00', 0, NULL, NULL),
(336, 48, 7, '08:00:00', '23:00:00', 0, NULL, NULL),
(337, 49, 1, '08:00:00', '22:00:00', 1, NULL, NULL),
(338, 49, 2, '08:00:00', '22:00:00', 1, NULL, NULL),
(339, 49, 3, '08:00:00', '23:00:00', 1, NULL, NULL),
(340, 49, 4, '09:00:00', '20:00:00', 1, NULL, NULL),
(341, 49, 5, '09:00:00', '22:00:00', 1, NULL, NULL),
(342, 49, 6, '08:00:00', '20:00:00', 0, NULL, NULL),
(343, 49, 7, '09:00:00', '21:00:00', 0, NULL, NULL),
(344, 50, 1, '08:00:00', '23:00:00', 1, NULL, NULL),
(345, 50, 2, '08:00:00', '23:00:00', 1, NULL, NULL),
(346, 50, 3, '09:00:00', '22:00:00', 1, NULL, NULL),
(347, 50, 4, '09:00:00', '20:00:00', 1, NULL, NULL),
(348, 50, 5, '08:00:00', '23:00:00', 1, NULL, NULL),
(349, 50, 6, '09:00:00', '22:00:00', 0, NULL, NULL),
(350, 50, 7, '08:00:00', '22:00:00', 0, NULL, NULL),
(351, 51, 1, '08:00:00', '22:00:00', 1, NULL, NULL),
(352, 51, 2, '09:00:00', '23:00:00', 1, NULL, NULL),
(353, 51, 3, '08:00:00', '21:00:00', 1, NULL, NULL),
(354, 51, 4, '08:00:00', '20:00:00', 1, NULL, NULL),
(355, 51, 5, '09:00:00', '20:00:00', 1, NULL, NULL),
(356, 51, 6, '08:00:00', '22:00:00', 0, NULL, NULL),
(357, 51, 7, '08:00:00', '21:00:00', 0, NULL, NULL),
(358, 52, 1, '09:00:00', '22:00:00', 1, NULL, NULL),
(359, 52, 2, '08:00:00', '21:00:00', 1, NULL, NULL),
(360, 52, 3, '08:00:00', '22:00:00', 1, NULL, NULL),
(361, 52, 4, '09:00:00', '23:00:00', 1, NULL, NULL),
(362, 52, 5, '08:00:00', '20:00:00', 1, NULL, NULL),
(363, 52, 6, '08:00:00', '21:00:00', 0, NULL, NULL),
(364, 52, 7, '09:00:00', '23:00:00', 0, NULL, NULL),
(365, 53, 1, '08:00:00', '23:00:00', 1, NULL, NULL),
(366, 53, 2, '09:00:00', '23:00:00', 1, NULL, NULL),
(367, 53, 3, '08:00:00', '20:00:00', 1, NULL, NULL),
(368, 53, 4, '09:00:00', '23:00:00', 1, NULL, NULL),
(369, 53, 5, '08:00:00', '21:00:00', 1, NULL, NULL),
(370, 53, 6, '09:00:00', '22:00:00', 0, NULL, NULL),
(371, 53, 7, '09:00:00', '22:00:00', 0, NULL, NULL),
(372, 54, 1, '08:00:00', '22:00:00', 1, NULL, NULL),
(373, 54, 2, '09:00:00', '22:00:00', 1, NULL, NULL),
(374, 54, 3, '09:00:00', '23:00:00', 1, NULL, NULL),
(375, 54, 4, '08:00:00', '23:00:00', 1, NULL, NULL),
(376, 54, 5, '08:00:00', '22:00:00', 1, NULL, NULL),
(377, 54, 6, '09:00:00', '20:00:00', 0, NULL, NULL),
(378, 54, 7, '08:00:00', '21:00:00', 0, NULL, NULL),
(379, 55, 1, '09:00:00', '21:00:00', 1, NULL, NULL),
(380, 55, 2, '08:00:00', '21:00:00', 1, NULL, NULL),
(381, 55, 3, '09:00:00', '21:00:00', 1, NULL, NULL),
(382, 55, 4, '09:00:00', '20:00:00', 1, NULL, NULL),
(383, 55, 5, '08:00:00', '20:00:00', 1, NULL, NULL),
(384, 55, 6, '09:00:00', '23:00:00', 0, NULL, NULL),
(385, 55, 7, '09:00:00', '22:00:00', 0, NULL, NULL),
(386, 56, 1, '08:00:00', '21:00:00', 1, NULL, NULL),
(387, 56, 2, '08:00:00', '22:00:00', 1, NULL, NULL),
(388, 56, 3, '08:00:00', '21:00:00', 1, NULL, NULL),
(389, 56, 4, '08:00:00', '20:00:00', 1, NULL, NULL),
(390, 56, 5, '08:00:00', '22:00:00', 1, NULL, NULL),
(391, 56, 6, '08:00:00', '22:00:00', 0, NULL, NULL),
(392, 56, 7, '08:00:00', '23:00:00', 0, NULL, NULL),
(393, 57, 1, '08:00:00', '20:00:00', 1, NULL, NULL),
(394, 57, 2, '09:00:00', '21:00:00', 1, NULL, NULL),
(395, 57, 3, '09:00:00', '20:00:00', 1, NULL, NULL),
(396, 57, 4, '08:00:00', '23:00:00', 1, NULL, NULL),
(397, 57, 5, '09:00:00', '21:00:00', 1, NULL, NULL),
(398, 57, 6, '08:00:00', '20:00:00', 0, NULL, NULL),
(399, 57, 7, '09:00:00', '20:00:00', 0, NULL, NULL),
(400, 58, 1, '09:00:00', '22:00:00', 1, NULL, NULL),
(401, 58, 2, '09:00:00', '23:00:00', 1, NULL, NULL),
(402, 58, 3, '09:00:00', '21:00:00', 1, NULL, NULL),
(403, 58, 4, '09:00:00', '21:00:00', 1, NULL, NULL),
(404, 58, 5, '09:00:00', '22:00:00', 1, NULL, NULL),
(405, 58, 6, '08:00:00', '22:00:00', 0, NULL, NULL),
(406, 58, 7, '08:00:00', '20:00:00', 0, NULL, NULL),
(407, 59, 1, '09:00:00', '23:00:00', 1, NULL, NULL),
(408, 59, 2, '09:00:00', '20:00:00', 1, NULL, NULL),
(409, 59, 3, '09:00:00', '21:00:00', 1, NULL, NULL),
(410, 59, 4, '09:00:00', '20:00:00', 1, NULL, NULL),
(411, 59, 5, '09:00:00', '22:00:00', 1, NULL, NULL),
(412, 59, 6, '09:00:00', '22:00:00', 0, NULL, NULL),
(413, 59, 7, '08:00:00', '23:00:00', 0, NULL, NULL),
(414, 60, 1, '08:00:00', '22:00:00', 1, NULL, NULL),
(415, 60, 2, '09:00:00', '20:00:00', 1, NULL, NULL),
(416, 60, 3, '09:00:00', '23:00:00', 1, NULL, NULL),
(417, 60, 4, '08:00:00', '21:00:00', 1, NULL, NULL),
(418, 60, 5, '09:00:00', '23:00:00', 1, NULL, NULL),
(419, 60, 6, '09:00:00', '21:00:00', 0, NULL, NULL),
(420, 60, 7, '08:00:00', '22:00:00', 0, NULL, NULL),
(421, 61, 1, '09:00:00', '22:00:00', 1, NULL, NULL),
(422, 61, 2, '08:00:00', '20:00:00', 1, NULL, NULL),
(423, 61, 3, '08:00:00', '21:00:00', 1, NULL, NULL),
(424, 61, 4, '08:00:00', '20:00:00', 1, NULL, NULL),
(425, 61, 5, '09:00:00', '21:00:00', 1, NULL, NULL),
(426, 61, 6, '09:00:00', '20:00:00', 0, NULL, NULL),
(427, 61, 7, '09:00:00', '21:00:00', 0, NULL, NULL),
(428, 62, 1, '08:00:00', '20:00:00', 1, NULL, NULL),
(429, 62, 2, '08:00:00', '20:00:00', 1, NULL, NULL),
(430, 62, 3, '08:00:00', '23:00:00', 1, NULL, NULL),
(431, 62, 4, '09:00:00', '22:00:00', 1, NULL, NULL),
(432, 62, 5, '09:00:00', '20:00:00', 1, NULL, NULL),
(433, 62, 6, '09:00:00', '22:00:00', 0, NULL, NULL),
(434, 62, 7, '09:00:00', '22:00:00', 0, NULL, NULL),
(435, 63, 1, '08:00:00', '22:00:00', 1, NULL, NULL),
(436, 63, 2, '08:00:00', '22:00:00', 1, NULL, NULL),
(437, 63, 3, '08:00:00', '23:00:00', 1, NULL, NULL),
(438, 63, 4, '08:00:00', '22:00:00', 1, NULL, NULL),
(439, 63, 5, '08:00:00', '21:00:00', 1, NULL, NULL),
(440, 63, 6, '09:00:00', '23:00:00', 0, NULL, NULL),
(441, 63, 7, '08:00:00', '20:00:00', 0, NULL, NULL),
(442, 64, 1, '09:00:00', '21:00:00', 1, NULL, NULL),
(443, 64, 2, '09:00:00', '20:00:00', 1, NULL, NULL),
(444, 64, 3, '09:00:00', '22:00:00', 1, NULL, NULL),
(445, 64, 4, '08:00:00', '20:00:00', 1, NULL, NULL),
(446, 64, 5, '08:00:00', '20:00:00', 1, NULL, NULL),
(447, 64, 6, '09:00:00', '22:00:00', 0, NULL, NULL),
(448, 64, 7, '09:00:00', '21:00:00', 0, NULL, NULL),
(449, 65, 1, '08:00:00', '20:00:00', 1, NULL, NULL),
(450, 65, 2, '08:00:00', '20:00:00', 1, NULL, NULL),
(451, 65, 3, '09:00:00', '22:00:00', 1, NULL, NULL),
(452, 65, 4, '09:00:00', '22:00:00', 1, NULL, NULL),
(453, 65, 5, '08:00:00', '21:00:00', 1, NULL, NULL),
(454, 65, 6, '09:00:00', '21:00:00', 0, NULL, NULL),
(455, 65, 7, '08:00:00', '22:00:00', 0, NULL, NULL),
(456, 66, 1, '09:00:00', '21:00:00', 1, NULL, NULL),
(457, 66, 2, '09:00:00', '23:00:00', 1, NULL, NULL),
(458, 66, 3, '09:00:00', '21:00:00', 1, NULL, NULL),
(459, 66, 4, '09:00:00', '20:00:00', 1, NULL, NULL),
(460, 66, 5, '09:00:00', '21:00:00', 1, NULL, NULL),
(461, 66, 6, '08:00:00', '23:00:00', 0, NULL, NULL),
(462, 66, 7, '09:00:00', '21:00:00', 0, NULL, NULL),
(463, 67, 1, '08:00:00', '22:00:00', 1, NULL, NULL),
(464, 67, 2, '09:00:00', '23:00:00', 1, NULL, NULL),
(465, 67, 3, '08:00:00', '23:00:00', 1, NULL, NULL),
(466, 67, 4, '08:00:00', '22:00:00', 1, NULL, NULL),
(467, 67, 5, '08:00:00', '23:00:00', 1, NULL, NULL),
(468, 67, 6, '08:00:00', '21:00:00', 0, NULL, NULL),
(469, 67, 7, '08:00:00', '22:00:00', 0, NULL, NULL),
(470, 68, 1, '08:00:00', '20:00:00', 1, NULL, NULL),
(471, 68, 2, '09:00:00', '21:00:00', 1, NULL, NULL),
(472, 68, 3, '09:00:00', '20:00:00', 1, NULL, NULL),
(473, 68, 4, '08:00:00', '21:00:00', 1, NULL, NULL),
(474, 68, 5, '08:00:00', '23:00:00', 1, NULL, NULL),
(475, 68, 6, '08:00:00', '23:00:00', 0, NULL, NULL),
(476, 68, 7, '08:00:00', '22:00:00', 0, NULL, NULL),
(477, 69, 1, '09:00:00', '22:00:00', 1, NULL, NULL),
(478, 69, 2, '09:00:00', '23:00:00', 1, NULL, NULL),
(479, 69, 3, '08:00:00', '23:00:00', 1, NULL, NULL),
(480, 69, 4, '09:00:00', '21:00:00', 1, NULL, NULL),
(481, 69, 5, '08:00:00', '20:00:00', 1, NULL, NULL),
(482, 69, 6, '08:00:00', '20:00:00', 0, NULL, NULL),
(483, 69, 7, '08:00:00', '22:00:00', 0, NULL, NULL),
(484, 70, 1, '08:00:00', '22:00:00', 1, NULL, NULL),
(485, 70, 2, '09:00:00', '23:00:00', 1, NULL, NULL),
(486, 70, 3, '08:00:00', '20:00:00', 1, NULL, NULL),
(487, 70, 4, '08:00:00', '22:00:00', 1, NULL, NULL),
(488, 70, 5, '08:00:00', '23:00:00', 1, NULL, NULL),
(489, 70, 6, '08:00:00', '20:00:00', 0, NULL, NULL),
(490, 70, 7, '09:00:00', '22:00:00', 0, NULL, NULL),
(491, 71, 1, '09:00:00', '21:00:00', 1, NULL, NULL),
(492, 71, 2, '09:00:00', '22:00:00', 1, NULL, NULL),
(493, 71, 3, '08:00:00', '21:00:00', 1, NULL, NULL),
(494, 71, 4, '09:00:00', '23:00:00', 1, NULL, NULL),
(495, 71, 5, '09:00:00', '21:00:00', 1, NULL, NULL),
(496, 71, 6, '09:00:00', '20:00:00', 0, NULL, NULL),
(497, 71, 7, '09:00:00', '23:00:00', 0, NULL, NULL),
(498, 72, 1, '08:00:00', '20:00:00', 1, NULL, NULL),
(499, 72, 2, '08:00:00', '22:00:00', 1, NULL, NULL),
(500, 72, 3, '09:00:00', '21:00:00', 1, NULL, NULL),
(501, 72, 4, '09:00:00', '21:00:00', 1, NULL, NULL),
(502, 72, 5, '09:00:00', '23:00:00', 1, NULL, NULL),
(503, 72, 6, '09:00:00', '22:00:00', 0, NULL, NULL),
(504, 72, 7, '09:00:00', '23:00:00', 0, NULL, NULL),
(505, 73, 1, '09:00:00', '20:00:00', 1, NULL, NULL),
(506, 73, 2, '09:00:00', '21:00:00', 1, NULL, NULL),
(507, 73, 3, '09:00:00', '23:00:00', 1, NULL, NULL),
(508, 73, 4, '08:00:00', '20:00:00', 1, NULL, NULL),
(509, 73, 5, '08:00:00', '22:00:00', 1, NULL, NULL),
(510, 73, 6, '09:00:00', '21:00:00', 0, NULL, NULL),
(511, 73, 7, '09:00:00', '21:00:00', 0, NULL, NULL),
(512, 74, 1, '09:00:00', '22:00:00', 1, NULL, NULL),
(513, 74, 2, '09:00:00', '20:00:00', 1, NULL, NULL),
(514, 74, 3, '09:00:00', '22:00:00', 1, NULL, NULL),
(515, 74, 4, '08:00:00', '23:00:00', 1, NULL, NULL),
(516, 74, 5, '08:00:00', '20:00:00', 1, NULL, NULL),
(517, 74, 6, '08:00:00', '20:00:00', 0, NULL, NULL),
(518, 74, 7, '08:00:00', '20:00:00', 0, NULL, NULL),
(519, 75, 1, '08:00:00', '21:00:00', 1, NULL, NULL),
(520, 75, 2, '08:00:00', '22:00:00', 1, NULL, NULL),
(521, 75, 3, '09:00:00', '20:00:00', 1, NULL, NULL),
(522, 75, 4, '08:00:00', '20:00:00', 1, NULL, NULL),
(523, 75, 5, '09:00:00', '20:00:00', 1, NULL, NULL),
(524, 75, 6, '09:00:00', '20:00:00', 0, NULL, NULL),
(525, 75, 7, '09:00:00', '21:00:00', 0, NULL, NULL),
(526, 76, 1, '08:00:00', '21:00:00', 1, NULL, NULL),
(527, 76, 2, '08:00:00', '23:00:00', 1, NULL, NULL),
(528, 76, 3, '09:00:00', '22:00:00', 1, NULL, NULL),
(529, 76, 4, '09:00:00', '20:00:00', 1, NULL, NULL),
(530, 76, 5, '08:00:00', '21:00:00', 1, NULL, NULL),
(531, 76, 6, '09:00:00', '20:00:00', 0, NULL, NULL),
(532, 76, 7, '09:00:00', '23:00:00', 0, NULL, NULL),
(533, 77, 1, '08:00:00', '23:00:00', 1, NULL, NULL),
(534, 77, 2, '08:00:00', '23:00:00', 1, NULL, NULL),
(535, 77, 3, '08:00:00', '20:00:00', 1, NULL, NULL),
(536, 77, 4, '08:00:00', '20:00:00', 1, NULL, NULL),
(537, 77, 5, '09:00:00', '21:00:00', 1, NULL, NULL),
(538, 77, 6, '09:00:00', '21:00:00', 0, NULL, NULL),
(539, 77, 7, '08:00:00', '21:00:00', 0, NULL, NULL),
(540, 78, 1, '09:00:00', '23:00:00', 1, NULL, NULL),
(541, 78, 2, '09:00:00', '22:00:00', 1, NULL, NULL),
(542, 78, 3, '09:00:00', '23:00:00', 1, NULL, NULL),
(543, 78, 4, '09:00:00', '21:00:00', 1, NULL, NULL),
(544, 78, 5, '09:00:00', '22:00:00', 1, NULL, NULL),
(545, 78, 6, '09:00:00', '22:00:00', 0, NULL, NULL),
(546, 78, 7, '09:00:00', '22:00:00', 0, NULL, NULL),
(547, 79, 1, '09:00:00', '22:00:00', 1, NULL, NULL),
(548, 79, 2, '09:00:00', '20:00:00', 1, NULL, NULL),
(549, 79, 3, '08:00:00', '20:00:00', 1, NULL, NULL),
(550, 79, 4, '08:00:00', '21:00:00', 1, NULL, NULL),
(551, 79, 5, '08:00:00', '23:00:00', 1, NULL, NULL),
(552, 79, 6, '08:00:00', '23:00:00', 0, NULL, NULL),
(553, 79, 7, '09:00:00', '20:00:00', 0, NULL, NULL),
(554, 80, 1, '08:00:00', '23:00:00', 1, NULL, NULL),
(555, 80, 2, '08:00:00', '20:00:00', 1, NULL, NULL),
(556, 80, 3, '09:00:00', '20:00:00', 1, NULL, NULL),
(557, 80, 4, '09:00:00', '23:00:00', 1, NULL, NULL),
(558, 80, 5, '08:00:00', '22:00:00', 1, NULL, NULL),
(559, 80, 6, '09:00:00', '23:00:00', 0, NULL, NULL),
(560, 80, 7, '09:00:00', '23:00:00', 0, NULL, NULL),
(561, 81, 1, '08:00:00', '23:00:00', 1, NULL, NULL),
(562, 81, 2, '09:00:00', '21:00:00', 1, NULL, NULL),
(563, 81, 3, '09:00:00', '21:00:00', 1, NULL, NULL),
(564, 81, 4, '09:00:00', '23:00:00', 1, NULL, NULL),
(565, 81, 5, '09:00:00', '20:00:00', 1, NULL, NULL),
(566, 81, 6, '08:00:00', '23:00:00', 0, NULL, NULL),
(567, 81, 7, '09:00:00', '20:00:00', 0, NULL, NULL),
(568, 82, 1, '08:00:00', '21:00:00', 1, NULL, NULL),
(569, 82, 2, '08:00:00', '23:00:00', 1, NULL, NULL),
(570, 82, 3, '08:00:00', '22:00:00', 1, NULL, NULL),
(571, 82, 4, '09:00:00', '20:00:00', 1, NULL, NULL),
(572, 82, 5, '09:00:00', '23:00:00', 1, NULL, NULL),
(573, 82, 6, '09:00:00', '23:00:00', 0, NULL, NULL),
(574, 82, 7, '09:00:00', '23:00:00', 0, NULL, NULL),
(575, 83, 1, '08:00:00', '21:00:00', 1, NULL, NULL),
(576, 83, 2, '08:00:00', '21:00:00', 1, NULL, NULL),
(577, 83, 3, '09:00:00', '23:00:00', 1, NULL, NULL),
(578, 83, 4, '08:00:00', '22:00:00', 1, NULL, NULL),
(579, 83, 5, '09:00:00', '21:00:00', 1, NULL, NULL),
(580, 83, 6, '09:00:00', '20:00:00', 0, NULL, NULL),
(581, 83, 7, '08:00:00', '20:00:00', 0, NULL, NULL),
(582, 84, 1, '08:00:00', '22:00:00', 1, NULL, NULL),
(583, 84, 2, '08:00:00', '20:00:00', 1, NULL, NULL),
(584, 84, 3, '08:00:00', '20:00:00', 1, NULL, NULL),
(585, 84, 4, '08:00:00', '22:00:00', 1, NULL, NULL),
(586, 84, 5, '08:00:00', '23:00:00', 1, NULL, NULL),
(587, 84, 6, '09:00:00', '22:00:00', 0, NULL, NULL),
(588, 84, 7, '08:00:00', '21:00:00', 0, NULL, NULL),
(589, 85, 1, '08:00:00', '22:00:00', 1, NULL, NULL),
(590, 85, 2, '09:00:00', '22:00:00', 1, NULL, NULL),
(591, 85, 3, '09:00:00', '21:00:00', 1, NULL, NULL),
(592, 85, 4, '08:00:00', '20:00:00', 1, NULL, NULL),
(593, 85, 5, '08:00:00', '22:00:00', 1, NULL, NULL),
(594, 85, 6, '09:00:00', '22:00:00', 0, NULL, NULL),
(595, 85, 7, '08:00:00', '20:00:00', 0, NULL, NULL),
(596, 86, 1, '09:00:00', '22:00:00', 1, NULL, NULL),
(597, 86, 2, '08:00:00', '23:00:00', 1, NULL, NULL),
(598, 86, 3, '08:00:00', '21:00:00', 1, NULL, NULL),
(599, 86, 4, '09:00:00', '21:00:00', 1, NULL, NULL),
(600, 86, 5, '08:00:00', '23:00:00', 1, NULL, NULL),
(601, 86, 6, '08:00:00', '21:00:00', 0, NULL, NULL),
(602, 86, 7, '09:00:00', '22:00:00', 0, NULL, NULL),
(603, 87, 1, '08:00:00', '20:00:00', 1, NULL, NULL),
(604, 87, 2, '09:00:00', '23:00:00', 1, NULL, NULL),
(605, 87, 3, '08:00:00', '22:00:00', 1, NULL, NULL),
(606, 87, 4, '08:00:00', '23:00:00', 1, NULL, NULL),
(607, 87, 5, '08:00:00', '21:00:00', 1, NULL, NULL),
(608, 87, 6, '08:00:00', '22:00:00', 0, NULL, NULL),
(609, 87, 7, '09:00:00', '20:00:00', 0, NULL, NULL),
(610, 88, 1, '09:00:00', '20:00:00', 1, NULL, NULL),
(611, 88, 2, '09:00:00', '20:00:00', 1, NULL, NULL),
(612, 88, 3, '09:00:00', '20:00:00', 1, NULL, NULL),
(613, 88, 4, '08:00:00', '20:00:00', 1, NULL, NULL),
(614, 88, 5, '09:00:00', '20:00:00', 1, NULL, NULL),
(615, 88, 6, '08:00:00', '22:00:00', 0, NULL, NULL),
(616, 88, 7, '08:00:00', '21:00:00', 0, NULL, NULL),
(617, 89, 1, '09:00:00', '23:00:00', 1, NULL, NULL),
(618, 89, 2, '08:00:00', '22:00:00', 1, NULL, NULL),
(619, 89, 3, '08:00:00', '21:00:00', 1, NULL, NULL),
(620, 89, 4, '08:00:00', '21:00:00', 1, NULL, NULL),
(621, 89, 5, '09:00:00', '23:00:00', 1, NULL, NULL),
(622, 89, 6, '09:00:00', '20:00:00', 0, NULL, NULL),
(623, 89, 7, '08:00:00', '22:00:00', 0, NULL, NULL),
(624, 90, 1, '09:00:00', '22:00:00', 1, NULL, NULL),
(625, 90, 2, '09:00:00', '23:00:00', 1, NULL, NULL),
(626, 90, 3, '09:00:00', '23:00:00', 1, NULL, NULL),
(627, 90, 4, '09:00:00', '22:00:00', 1, NULL, NULL),
(628, 90, 5, '08:00:00', '21:00:00', 1, NULL, NULL),
(629, 90, 6, '09:00:00', '21:00:00', 0, NULL, NULL),
(630, 90, 7, '09:00:00', '21:00:00', 0, NULL, NULL),
(631, 91, 1, '09:00:00', '22:00:00', 1, NULL, NULL),
(632, 91, 2, '09:00:00', '23:00:00', 1, NULL, NULL),
(633, 91, 3, '09:00:00', '21:00:00', 1, NULL, NULL),
(634, 91, 4, '08:00:00', '22:00:00', 1, NULL, NULL),
(635, 91, 5, '09:00:00', '23:00:00', 1, NULL, NULL),
(636, 91, 6, '08:00:00', '23:00:00', 0, NULL, NULL),
(637, 91, 7, '09:00:00', '22:00:00', 0, NULL, NULL),
(638, 92, 1, '09:00:00', '23:00:00', 1, NULL, NULL),
(639, 92, 2, '09:00:00', '23:00:00', 1, NULL, NULL),
(640, 92, 3, '08:00:00', '21:00:00', 1, NULL, NULL),
(641, 92, 4, '08:00:00', '21:00:00', 1, NULL, NULL),
(642, 92, 5, '09:00:00', '20:00:00', 1, NULL, NULL),
(643, 92, 6, '08:00:00', '22:00:00', 0, NULL, NULL),
(644, 92, 7, '09:00:00', '21:00:00', 0, NULL, NULL),
(645, 93, 1, '08:00:00', '21:00:00', 1, NULL, NULL),
(646, 93, 2, '09:00:00', '22:00:00', 1, NULL, NULL),
(647, 93, 3, '09:00:00', '23:00:00', 1, NULL, NULL),
(648, 93, 4, '08:00:00', '22:00:00', 1, NULL, NULL),
(649, 93, 5, '09:00:00', '21:00:00', 1, NULL, NULL),
(650, 93, 6, '08:00:00', '21:00:00', 0, NULL, NULL),
(651, 93, 7, '08:00:00', '22:00:00', 0, NULL, NULL),
(652, 94, 1, '09:00:00', '20:00:00', 1, NULL, NULL),
(653, 94, 2, '08:00:00', '22:00:00', 1, NULL, NULL),
(654, 94, 3, '08:00:00', '21:00:00', 1, NULL, NULL),
(655, 94, 4, '09:00:00', '20:00:00', 1, NULL, NULL),
(656, 94, 5, '09:00:00', '21:00:00', 1, NULL, NULL),
(657, 94, 6, '08:00:00', '21:00:00', 0, NULL, NULL),
(658, 94, 7, '08:00:00', '20:00:00', 0, NULL, NULL),
(659, 95, 1, '09:00:00', '20:00:00', 1, NULL, NULL),
(660, 95, 2, '09:00:00', '22:00:00', 1, NULL, NULL),
(661, 95, 3, '08:00:00', '20:00:00', 1, NULL, NULL),
(662, 95, 4, '09:00:00', '23:00:00', 1, NULL, NULL),
(663, 95, 5, '08:00:00', '22:00:00', 1, NULL, NULL),
(664, 95, 6, '08:00:00', '23:00:00', 0, NULL, NULL),
(665, 95, 7, '08:00:00', '23:00:00', 0, NULL, NULL),
(666, 96, 1, '08:00:00', '22:00:00', 1, NULL, NULL),
(667, 96, 2, '08:00:00', '23:00:00', 1, NULL, NULL),
(668, 96, 3, '08:00:00', '21:00:00', 1, NULL, NULL),
(669, 96, 4, '09:00:00', '20:00:00', 1, NULL, NULL),
(670, 96, 5, '09:00:00', '23:00:00', 1, NULL, NULL),
(671, 96, 6, '09:00:00', '23:00:00', 0, NULL, NULL),
(672, 96, 7, '08:00:00', '20:00:00', 0, NULL, NULL),
(673, 97, 1, '08:00:00', '21:00:00', 1, NULL, NULL),
(674, 97, 2, '09:00:00', '22:00:00', 1, NULL, NULL),
(675, 97, 3, '09:00:00', '22:00:00', 1, NULL, NULL),
(676, 97, 4, '08:00:00', '22:00:00', 1, NULL, NULL),
(677, 97, 5, '09:00:00', '20:00:00', 1, NULL, NULL),
(678, 97, 6, '08:00:00', '23:00:00', 0, NULL, NULL),
(679, 97, 7, '08:00:00', '22:00:00', 0, NULL, NULL),
(680, 98, 1, '09:00:00', '23:00:00', 1, NULL, NULL),
(681, 98, 2, '09:00:00', '22:00:00', 1, NULL, NULL),
(682, 98, 3, '08:00:00', '22:00:00', 1, NULL, NULL),
(683, 98, 4, '08:00:00', '22:00:00', 1, NULL, NULL),
(684, 98, 5, '08:00:00', '21:00:00', 1, NULL, NULL),
(685, 98, 6, '08:00:00', '21:00:00', 0, NULL, NULL),
(686, 98, 7, '08:00:00', '23:00:00', 0, NULL, NULL),
(687, 99, 1, '08:00:00', '21:00:00', 1, NULL, NULL),
(688, 99, 2, '08:00:00', '20:00:00', 1, NULL, NULL),
(689, 99, 3, '08:00:00', '23:00:00', 1, NULL, NULL),
(690, 99, 4, '08:00:00', '20:00:00', 1, NULL, NULL),
(691, 99, 5, '09:00:00', '22:00:00', 1, NULL, NULL),
(692, 99, 6, '09:00:00', '21:00:00', 0, NULL, NULL),
(693, 99, 7, '09:00:00', '23:00:00', 0, NULL, NULL),
(694, 100, 1, '08:00:00', '22:00:00', 1, NULL, NULL),
(695, 100, 2, '09:00:00', '21:00:00', 1, NULL, NULL),
(696, 100, 3, '08:00:00', '21:00:00', 1, NULL, NULL),
(697, 100, 4, '08:00:00', '23:00:00', 1, NULL, NULL),
(698, 100, 5, '09:00:00', '23:00:00', 1, NULL, NULL),
(699, 100, 6, '09:00:00', '20:00:00', 0, NULL, NULL),
(700, 100, 7, '08:00:00', '20:00:00', 0, NULL, NULL);

-- --------------------------------------------------------

--
-- Table structure for table `medicines`
--

CREATE TABLE `medicines` (
  `id` bigint(20) UNSIGNED NOT NULL,
  `name` varchar(191) COLLATE utf8mb4_unicode_ci NOT NULL,
  `name_ar` varchar(191) COLLATE utf8mb4_unicode_ci DEFAULT NULL,
  `name_fr` varchar(191) COLLATE utf8mb4_unicode_ci DEFAULT NULL,
  `created_at` timestamp NULL DEFAULT NULL,
  `updated_at` timestamp NULL DEFAULT NULL
) ENGINE=InnoDB DEFAULT CHARSET=utf8mb4 COLLATE=utf8mb4_unicode_ci;

--
-- Dumping data for table `medicines`
--

INSERT INTO `medicines` (`id`, `name`, `name_ar`, `name_fr`, `created_at`, `updated_at`) VALUES
(1, 'medicine1', 'medicine1', 'medicine1', NULL, NULL),
(2, 'medicine2', 'medicine2', 'medicine2', NULL, NULL),
(3, 'medicine3', 'medicine3', 'medicine3', NULL, NULL),
(4, 'medicine4', 'medicine4', 'medicine4', NULL, NULL),
(5, 'medicine5', 'medicine5', 'medicine5', NULL, NULL);

-- --------------------------------------------------------

--
-- Table structure for table `medicine_types`
--

CREATE TABLE `medicine_types` (
  `id` bigint(20) UNSIGNED NOT NULL,
  `name` varchar(191) COLLATE utf8mb4_unicode_ci NOT NULL,
  `name_ar` varchar(191) COLLATE utf8mb4_unicode_ci DEFAULT NULL,
  `name_fr` varchar(191) COLLATE utf8mb4_unicode_ci DEFAULT NULL,
  `created_at` timestamp NULL DEFAULT NULL,
  `updated_at` timestamp NULL DEFAULT NULL
) ENGINE=InnoDB DEFAULT CHARSET=utf8mb4 COLLATE=utf8mb4_unicode_ci;

--
-- Dumping data for table `medicine_types`
--

INSERT INTO `medicine_types` (`id`, `name`, `name_ar`, `name_fr`, `created_at`, `updated_at`) VALUES
(1, 'medicine_type1', 'medicine_type1', 'medicine_type1', NULL, NULL),
(2, 'medicine_type2', 'medicine_type2', 'medicine_type2', NULL, NULL),
(3, 'medicine_type3', 'medicine_type3', 'medicine_type3', NULL, NULL),
(4, 'medicine_type4', 'medicine_type4', 'medicine_type4', NULL, NULL),
(5, 'medicine_type5', 'medicine_type5', 'medicine_type5', NULL, NULL);

-- --------------------------------------------------------

--
-- Table structure for table `migrations`
--

CREATE TABLE `migrations` (
  `id` int(10) UNSIGNED NOT NULL,
  `migration` varchar(191) COLLATE utf8mb4_unicode_ci NOT NULL,
  `batch` int(11) NOT NULL
) ENGINE=InnoDB DEFAULT CHARSET=utf8mb4 COLLATE=utf8mb4_unicode_ci;

--
-- Dumping data for table `migrations`
--

INSERT INTO `migrations` (`id`, `migration`, `batch`) VALUES
(1, '2014_10_12_000000_create_users_table', 1),
(2, '2014_10_12_100000_create_password_resets_table', 1),
(3, '2019_08_19_000000_create_failed_jobs_table', 1),
(4, '2019_09_24_192525_create_doctors_table', 1),
(5, '2019_09_24_195602_create_specializations_table', 1),
(6, '2019_09_24_195702_create_degrees_table', 1),
(7, '2019_09_24_200240_create_clinics_table', 1),
(8, '2019_09_24_201739_create_doctor_insurances_table', 1),
(9, '2019_09_24_201953_create_clinic_working_hours_table', 1),
(10, '2019_09_24_203837_create_clinic_orders_table', 1),
(11, '2019_09_24_204920_create_patient_blocks_table', 1),
(12, '2019_09_24_204946_create_patient_rates_table', 1),
(13, '2019_09_24_210019_create_insurances_table', 1),
(14, '2019_09_24_210152_create_payments_table', 1),
(15, '2019_09_24_211009_create_favourites_table', 1),
(16, '2019_09_24_211335_create_radiologies_table', 1),
(17, '2019_09_24_212621_create_radiology_doctors_table', 1),
(18, '2019_09_24_212828_create_radiology_working_hours_table', 1),
(19, '2019_09_24_213137_create_radiology_order_details_table', 1),
(20, '2019_09_24_213647_create_rays_table', 1),
(21, '2019_09_24_214002_create_radiology_orders_table', 1),
(22, '2019_09_24_214610_create_radiology_insurances_table', 1),
(23, '2019_09_24_214941_create_user_roles_table', 1),
(24, '2019_09_24_215535_create_patients_table', 1),
(25, '2019_09_24_221419_create_areas_table', 1),
(26, '2019_09_24_221512_create_cities_table', 1),
(27, '2019_09_24_224647_create_user_insurances_table', 1),
(28, '2019_09_24_224940_create_labs_table', 1),
(29, '2019_09_24_225507_create_lab_insurances_table', 1),
(30, '2019_09_24_225703_create_lab_orders_table', 1),
(31, '2019_09_24_230409_create_lab_order_details_table', 1),
(32, '2019_09_24_230527_create_analyses_table', 1),
(33, '2019_09_24_230626_create_lab_doctors_table', 1),
(34, '2019_09_24_230757_create_lab_working_hours_table', 1),
(35, '2019_09_24_231057_create_pharmacies_table', 1),
(36, '2019_09_24_231848_create_pharmacy_doctors_table', 1),
(37, '2019_09_24_231959_create_pharmacy_working_hours_table', 1),
(38, '2019_09_24_232201_create_pharmacy_insurances_table', 1),
(39, '2019_09_24_233059_create_pharmacy_orders_table', 1),
(40, '2019_09_24_233306_create_pharmacy_requests_table', 1),
(41, '2019_09_24_233551_create_pharmacy_order_details_table', 1),
(42, '2019_09_24_233846_create_medicines_table', 1),
(43, '2019_09_24_233900_create_medicine_types_table', 1),
(44, '2019_09_24_234137_create_notifications_table', 1),
(45, '2019_09_24_234205_create_api_histories_table', 1),
(46, '2019_09_24_234226_create_incubations_table', 1),
(47, '2019_09_24_234251_create_icus_table', 1),
(48, '2019_10_05_081353_create_view_table', 1),
(49, '2019_10_14_212321_create_settings_table', 1);

-- --------------------------------------------------------

--
-- Table structure for table `notifications`
--

CREATE TABLE `notifications` (
  `id` bigint(20) UNSIGNED NOT NULL,
  `user-id` int(11) DEFAULT NULL,
  `user-type` enum('one','two') COLLATE utf8mb4_unicode_ci DEFAULT NULL,
  `message` varchar(191) COLLATE utf8mb4_unicode_ci NOT NULL,
  `icon` varchar(191) COLLATE utf8mb4_unicode_ci NOT NULL DEFAULT 'reportLogo.png',
  `title` varchar(191) COLLATE utf8mb4_unicode_ci NOT NULL,
  `sent` tinyint(1) NOT NULL DEFAULT 0,
  `seen` tinyint(1) NOT NULL DEFAULT 0,
  `created_at` timestamp NULL DEFAULT NULL,
  `updated_at` timestamp NULL DEFAULT NULL
) ENGINE=InnoDB DEFAULT CHARSET=utf8mb4 COLLATE=utf8mb4_unicode_ci;

-- --------------------------------------------------------

--
-- Table structure for table `password_resets`
--

CREATE TABLE `password_resets` (
  `email` varchar(191) COLLATE utf8mb4_unicode_ci NOT NULL,
  `token` varchar(191) COLLATE utf8mb4_unicode_ci NOT NULL,
  `created_at` timestamp NULL DEFAULT NULL
) ENGINE=InnoDB DEFAULT CHARSET=utf8mb4 COLLATE=utf8mb4_unicode_ci;

-- --------------------------------------------------------

--
-- Table structure for table `patients`
--

CREATE TABLE `patients` (
  `id` bigint(20) UNSIGNED NOT NULL,
  `name` varchar(191) COLLATE utf8mb4_unicode_ci NOT NULL,
  `name_ar` varchar(191) COLLATE utf8mb4_unicode_ci DEFAULT NULL,
  `name_fr` varchar(191) COLLATE utf8mb4_unicode_ci DEFAULT NULL,
  `phone` varchar(191) COLLATE utf8mb4_unicode_ci DEFAULT NULL,
  `sms_code` varchar(191) COLLATE utf8mb4_unicode_ci DEFAULT NULL,
  `api_token` varchar(191) COLLATE utf8mb4_unicode_ci DEFAULT NULL,
  `email` varchar(191) COLLATE utf8mb4_unicode_ci NOT NULL,
  `gender` enum('male','famle') COLLATE utf8mb4_unicode_ci NOT NULL DEFAULT 'male',
  `password` varchar(191) COLLATE utf8mb4_unicode_ci NOT NULL,
  `active` tinyint(1) NOT NULL DEFAULT 0,
  `insurance_id` int(11) DEFAULT NULL,
  `birthdate` date DEFAULT NULL,
  `photo` varchar(191) COLLATE utf8mb4_unicode_ci NOT NULL DEFAULT 'patient.png',
  `insurance_code` varchar(191) COLLATE utf8mb4_unicode_ci DEFAULT NULL,
  `address` varchar(191) COLLATE utf8mb4_unicode_ci NOT NULL,
  `address_ar` varchar(191) COLLATE utf8mb4_unicode_ci DEFAULT NULL,
  `address_fr` varchar(191) COLLATE utf8mb4_unicode_ci DEFAULT NULL,
  `created_at` timestamp NULL DEFAULT NULL,
  `updated_at` timestamp NULL DEFAULT NULL
) ENGINE=InnoDB DEFAULT CHARSET=utf8mb4 COLLATE=utf8mb4_unicode_ci;

--
-- Dumping data for table `patients`
--

INSERT INTO `patients` (`id`, `name`, `name_ar`, `name_fr`, `phone`, `sms_code`, `api_token`, `email`, `gender`, `password`, `active`, `insurance_id`, `birthdate`, `photo`, `insurance_code`, `address`, `address_ar`, `address_fr`, `created_at`, `updated_at`) VALUES
(1, 'patient1', 'patient1', 'patient1', '1572370159', '1572370159', '1572370159', 'patient1@doctoraak.com', 'male', '$2y$10$n/Jdfeygpz6Yx7z0344mAeZmakZ/pTBC1WFGy/iv0EDzba14Vhn/C', 1, 4, '2019-02-02', 'patient.png', '1572370160', 'address', 'address', 'address', NULL, NULL),
(2, 'patient2', 'patient2', 'patient2', '1572370159', '1572370159', '1572370159', 'patient2@doctoraak.com', 'male', '$2y$10$z/FQifQ8tM8jCPouRnu.Mepjr4mOS6EK5woCuvGRxAQjNtzQXjtPm', 1, 3, '2019-02-02', 'patient.png', '1572370161', 'address', 'address', 'address', NULL, NULL),
(3, 'patient3', 'patient3', 'patient3', '1572370159', '1572370159', '1572370159', 'patient3@doctoraak.com', 'male', '$2y$10$DnGNSbQ5l5EtTCII3Q0BcO5hPBdTBdMJN8TvsERXu5V6IsQcOHZ2u', 1, 4, '2019-02-02', 'patient.png', '1572370162', 'address', 'address', 'address', NULL, NULL),
(4, 'patient4', 'patient4', 'patient4', '1572370159', '1572370159', '1572370159', 'patient4@doctoraak.com', 'male', '$2y$10$DhI8hfZIII8UZxtBsFwUqeW2Vt.hFKVPV442IQ/SFeCxwXG8W5Mya', 1, 3, '2019-02-02', 'patient.png', '1572370163', 'address', 'address', 'address', NULL, NULL),
(5, 'patient5', 'patient5', 'patient5', '1572370159', '1572370159', '1572370159', 'patient5@doctoraak.com', 'male', '$2y$10$llkzsQGZWRitalUv7e2nZu91TxaMXOiTvUyma7./eWYdepg.4jmh.', 1, 1, '2019-02-02', 'patient.png', '1572370164', 'address', 'address', 'address', NULL, NULL),
(6, 'patient6', 'patient6', 'patient6', '1572370159', '1572370159', '1572370159', 'patient6@doctoraak.com', 'male', '$2y$10$3c5gIKvr1mkO6mtrrbpYNuguiWMJvH3C373qKGqbyxEfoR06/yXDu', 1, 1, '2019-02-02', 'patient.png', '1572370165', 'address', 'address', 'address', NULL, NULL),
(7, 'patient7', 'patient7', 'patient7', '1572370159', '1572370159', '1572370159', 'patient7@doctoraak.com', 'male', '$2y$10$tVWzhKP50tlXHXw54ZsY9ePFVsmW3L1PAUSrxIi/ysSQzf3NKlXH.', 1, 5, '2019-02-02', 'patient.png', '1572370167', 'address', 'address', 'address', NULL, NULL),
(8, 'patient8', 'patient8', 'patient8', '1572370160', '1572370160', '1572370160', 'patient8@doctoraak.com', 'male', '$2y$10$F9qsmj6oNcqMwKefNLNf8uAa/4gNWCXWmWnlcN83QTexqm1qhfo/G', 1, 1, '2019-02-02', 'patient.png', '1572370168', 'address', 'address', 'address', NULL, NULL),
(9, 'patient9', 'patient9', 'patient9', '1572370160', '1572370160', '1572370160', 'patient9@doctoraak.com', 'male', '$2y$10$ze4Z9nmizt5nP8PMhETXEuzp7.65F.vGX5UmYprb6Ifj8mq9n9Cle', 1, 3, '2019-02-02', 'patient.png', '1572370169', 'address', 'address', 'address', NULL, NULL),
(10, 'patient10', 'patient10', 'patient10', '1572370160', '1572370160', '1572370160', 'patient10@doctoraak.com', 'male', '$2y$10$0T.3diLq/e0fdFjkyjaFbeukPBb9aaCAq4lcKjqVYaMCKNKtmXaDS', 1, 5, '2019-02-02', 'patient.png', '1572370170', 'address', 'address', 'address', NULL, NULL),
(11, 'patient11', 'patient11', 'patient11', '1572370160', '1572370160', '1572370160', 'patient11@doctoraak.com', 'male', '$2y$10$BHJ.1dyPepeAeWG7JjLhB.r3i7vsw.nBWfbjdye4JeyAGT7BjF16m', 1, 5, '2019-02-02', 'patient.png', '1572370171', 'address', 'address', 'address', NULL, NULL),
(12, 'patient12', 'patient12', 'patient12', '1572370160', '1572370160', '1572370160', 'patient12@doctoraak.com', 'male', '$2y$10$7vvwIodB7GI1Y11ge1gvWevZ.fQbK4MyZV5v7Rj8/b1ruluV3va/K', 1, 4, '2019-02-02', 'patient.png', '1572370172', 'address', 'address', 'address', NULL, NULL),
(13, 'patient13', 'patient13', 'patient13', '1572370160', '1572370160', '1572370160', 'patient13@doctoraak.com', 'male', '$2y$10$q08FW1E4yVXrnnoO8HmIuur.R/GgCw3ZN8kHi3mrflVIpCeZxirri', 1, 5, '2019-02-02', 'patient.png', '1572370173', 'address', 'address', 'address', NULL, NULL),
(14, 'patient14', 'patient14', 'patient14', '1572370160', '1572370160', '1572370160', 'patient14@doctoraak.com', 'male', '$2y$10$Fr/zwUY3BWSBVImwO0gdv.sy6IAY3Q19f0joDNFJCsDJ3GSnj/u/C', 1, 5, '2019-02-02', 'patient.png', '1572370175', 'address', 'address', 'address', NULL, NULL),
(15, 'patient15', 'patient15', 'patient15', '1572370161', '1572370161', '1572370161', 'patient15@doctoraak.com', 'male', '$2y$10$klNAFv4n32vyuEAiguhu5uYU6ag6EhmHYjU7jZxZyldAC5efcpSbO', 1, 3, '2019-02-02', 'patient.png', '1572370176', 'address', 'address', 'address', NULL, NULL),
(16, 'patient16', 'patient16', 'patient16', '1572370161', '1572370161', '1572370161', 'patient16@doctoraak.com', 'male', '$2y$10$00Su.AnP1axVo29Gh12zmemQSvswrB7misg2tIFN73pAFeO2uIaWm', 1, 3, '2019-02-02', 'patient.png', '1572370177', 'address', 'address', 'address', NULL, NULL),
(17, 'patient17', 'patient17', 'patient17', '1572370161', '1572370161', '1572370161', 'patient17@doctoraak.com', 'male', '$2y$10$zBlvsWJSczpx7IZj6bLf2e794SUS68VXecBZgXf9.z9Jkp/QTfbLC', 1, 2, '2019-02-02', 'patient.png', '1572370178', 'address', 'address', 'address', NULL, NULL),
(18, 'patient18', 'patient18', 'patient18', '1572370161', '1572370161', '1572370161', 'patient18@doctoraak.com', 'male', '$2y$10$bXwgbMi.WNEukyVZ4Dx8EeT1ZicDVNC1x9QXRfVmt738oWr5i3JHK', 1, 2, '2019-02-02', 'patient.png', '1572370179', 'address', 'address', 'address', NULL, NULL),
(19, 'patient19', 'patient19', 'patient19', '1572370161', '1572370161', '1572370161', 'patient19@doctoraak.com', 'male', '$2y$10$GqJowfbxk4v75J7eFO37duFA0Zg7A6Yi32RcBuNqfnY9XD9ssps1O', 1, 5, '2019-02-02', 'patient.png', '1572370180', 'address', 'address', 'address', NULL, NULL),
(20, 'patient20', 'patient20', 'patient20', '1572370161', '1572370161', '1572370161', 'patient20@doctoraak.com', 'male', '$2y$10$3QIf.FeW.K1.CTdTk3jyFO4EK8mJBApFauUk8vrjWlWZ.41TmwmrO', 1, 1, '2019-02-02', 'patient.png', '1572370182', 'address', 'address', 'address', NULL, NULL),
(21, 'patient21', 'patient21', 'patient21', '1572370162', '1572370162', '1572370162', 'patient21@doctoraak.com', 'male', '$2y$10$JBA/gQWQD/wlaOcavODuo.eJGZHJHisBftZiiuscBXnuLWEyEKldC', 1, 5, '2019-02-02', 'patient.png', '1572370183', 'address', 'address', 'address', NULL, NULL),
(22, 'patient22', 'patient22', 'patient22', '1572370162', '1572370162', '1572370162', 'patient22@doctoraak.com', 'male', '$2y$10$w0VCEhsf7p3dVNx9dG8E2eN8vbaPJOtvmkueTOHWnNFo/WkjUNJfq', 1, 5, '2019-02-02', 'patient.png', '1572370184', 'address', 'address', 'address', NULL, NULL),
(23, 'patient23', 'patient23', 'patient23', '1572370162', '1572370162', '1572370162', 'patient23@doctoraak.com', 'male', '$2y$10$1aRQ1v6RujAVHAlgWm/wSe8ws21EqVkxX5.k9ip2JJL7khozYQSuC', 1, 3, '2019-02-02', 'patient.png', '1572370185', 'address', 'address', 'address', NULL, NULL),
(24, 'patient24', 'patient24', 'patient24', '1572370162', '1572370162', '1572370162', 'patient24@doctoraak.com', 'male', '$2y$10$Gdndy.N5ZFkwtpJs5sKvVeP6/SxsvfqJmf7VmgMraLBW6UOKlXo7m', 1, 5, '2019-02-02', 'patient.png', '1572370186', 'address', 'address', 'address', NULL, NULL),
(25, 'patient25', 'patient25', 'patient25', '1572370162', '1572370162', '1572370162', 'patient25@doctoraak.com', 'male', '$2y$10$PuNbuXhYNJkal.RFTvHj7uS5lUpCEnt7xt46omQMG0zk4detqBw.S', 1, 1, '2019-02-02', 'patient.png', '1572370187', 'address', 'address', 'address', NULL, NULL),
(26, 'patient26', 'patient26', 'patient26', '1572370162', '1572370162', '1572370162', 'patient26@doctoraak.com', 'male', '$2y$10$Aol7IZPNgtAABhtPRKJbCOgvNKz3OjKNZeuyHMkthqZEQ2GB47GEa', 1, 2, '2019-02-02', 'patient.png', '1572370189', 'address', 'address', 'address', NULL, NULL),
(27, 'patient27', 'patient27', 'patient27', '1572370163', '1572370163', '1572370163', 'patient27@doctoraak.com', 'male', '$2y$10$31WnVZ9zZZ9e9zZMRkuRMuca550VmA3fC700rdDgX9LhsHkpwEDDW', 1, 2, '2019-02-02', 'patient.png', '1572370190', 'address', 'address', 'address', NULL, NULL),
(28, 'patient28', 'patient28', 'patient28', '1572370163', '1572370163', '1572370163', 'patient28@doctoraak.com', 'male', '$2y$10$Qkkz5MFym47tu/JWpcyC2.QDjzaVLKqON/ar1LqezWBFD5Xv8pFVC', 1, 2, '2019-02-02', 'patient.png', '1572370191', 'address', 'address', 'address', NULL, NULL),
(29, 'patient29', 'patient29', 'patient29', '1572370163', '1572370163', '1572370163', 'patient29@doctoraak.com', 'male', '$2y$10$Y6wtUNgZW7GhxePljhHzn.bVpa10sykDQbSZNL4u0kzZzL/TnzTky', 1, 1, '2019-02-02', 'patient.png', '1572370192', 'address', 'address', 'address', NULL, NULL),
(30, 'patient30', 'patient30', 'patient30', '1572370163', '1572370163', '1572370163', 'patient30@doctoraak.com', 'male', '$2y$10$5KeNzWoJ4dS5Mcu6UViXIenaOFszlig.2HrF26i2MAcN7ACyjYBMO', 1, 2, '2019-02-02', 'patient.png', '1572370193', 'address', 'address', 'address', NULL, NULL),
(31, 'patient31', 'patient31', 'patient31', '1572370163', '1572370163', '1572370163', 'patient31@doctoraak.com', 'male', '$2y$10$db4KN/gzmOj.p3doOEV1jeYSZ.m1S3e0D3k9nE7FyQiV8nvmvHF5e', 1, 2, '2019-02-02', 'patient.png', '1572370195', 'address', 'address', 'address', NULL, NULL),
(32, 'patient32', 'patient32', 'patient32', '1572370164', '1572370164', '1572370164', 'patient32@doctoraak.com', 'male', '$2y$10$QYf5GkTV4AVtu8Pum0fBEem38RFzpMlGe3Qe7FX1CcUbBASKhbOYG', 1, 3, '2019-02-02', 'patient.png', '1572370196', 'address', 'address', 'address', NULL, NULL),
(33, 'patient33', 'patient33', 'patient33', '1572370164', '1572370164', '1572370164', 'patient33@doctoraak.com', 'male', '$2y$10$HrUSAcvGtDJG6VKodOGe6uu5FC2yR8lQh7ukecTqA06k5vxXViEc2', 1, 1, '2019-02-02', 'patient.png', '1572370197', 'address', 'address', 'address', NULL, NULL),
(34, 'patient34', 'patient34', 'patient34', '1572370164', '1572370164', '1572370164', 'patient34@doctoraak.com', 'male', '$2y$10$A5gy4bdUf5MENB2ROSYk5uwMNjSqM1I8aeFHn0ckRm3rDkatWpPBW', 1, 1, '2019-02-02', 'patient.png', '1572370198', 'address', 'address', 'address', NULL, NULL),
(35, 'patient35', 'patient35', 'patient35', '1572370164', '1572370164', '1572370164', 'patient35@doctoraak.com', 'male', '$2y$10$KeFtf.r5BlmsEJr/5n29fOZT2rXxjb7AywfwQPEjygBljWzm5Rioe', 1, 1, '2019-02-02', 'patient.png', '1572370199', 'address', 'address', 'address', NULL, NULL),
(36, 'patient36', 'patient36', 'patient36', '1572370164', '1572370164', '1572370164', 'patient36@doctoraak.com', 'male', '$2y$10$koALyHcDUjCYiheMkkP.pO2qeWMZwUecDsIpVUxVOUaQao9x6mD9O', 1, 2, '2019-02-02', 'patient.png', '1572370200', 'address', 'address', 'address', NULL, NULL),
(37, 'patient37', 'patient37', 'patient37', '1572370165', '1572370165', '1572370165', 'patient37@doctoraak.com', 'male', '$2y$10$SxgmlacgzYcQ6g6NAEqAt.eNQGdzCr2XJlyV3QIUkBeGtQYjQvgQG', 1, 4, '2019-02-02', 'patient.png', '1572370202', 'address', 'address', 'address', NULL, NULL),
(38, 'patient38', 'patient38', 'patient38', '1572370165', '1572370165', '1572370165', 'patient38@doctoraak.com', 'male', '$2y$10$0akZa4aWBK8EPS7n40DpOemolWAhLnhz7MOYNU1hCFR0lRfgdzwV.', 1, 3, '2019-02-02', 'patient.png', '1572370203', 'address', 'address', 'address', NULL, NULL),
(39, 'patient39', 'patient39', 'patient39', '1572370165', '1572370165', '1572370165', 'patient39@doctoraak.com', 'male', '$2y$10$X0OMSETXrbIuFK4wQjH5q.VInsSRAXZu5Ctq8IE7ETmtoNuOoiLGG', 1, 5, '2019-02-02', 'patient.png', '1572370204', 'address', 'address', 'address', NULL, NULL),
(40, 'patient40', 'patient40', 'patient40', '1572370165', '1572370165', '1572370165', 'patient40@doctoraak.com', 'male', '$2y$10$KhyR5EzfvmGmp4CR7Heqzu0HQTHUmr5nwcLYK0wfSxQ5XnjqeUeDy', 1, 1, '2019-02-02', 'patient.png', '1572370205', 'address', 'address', 'address', NULL, NULL),
(41, 'patient41', 'patient41', 'patient41', '1572370165', '1572370165', '1572370165', 'patient41@doctoraak.com', 'male', '$2y$10$nTb3JrfadeMx36dBerB7o./.1VUxR8XymXZ2U4m6MVDWbqxwNlt4W', 1, 2, '2019-02-02', 'patient.png', '1572370206', 'address', 'address', 'address', NULL, NULL),
(42, 'patient42', 'patient42', 'patient42', '1572370165', '1572370165', '1572370165', 'patient42@doctoraak.com', 'male', '$2y$10$uumedU010PY6x9N.QYhPwOqG9s5Sm2nopwMdcMcWn2Y851NAesZ1e', 1, 4, '2019-02-02', 'patient.png', '1572370207', 'address', 'address', 'address', NULL, NULL),
(43, 'patient43', 'patient43', 'patient43', '1572370165', '1572370165', '1572370165', 'patient43@doctoraak.com', 'male', '$2y$10$usiA5GPVtvdLUx.9YVjfQ.Xo2i/DwjTVc0z7DIjCROg.6eh3H/NCm', 1, 4, '2019-02-02', 'patient.png', '1572370208', 'address', 'address', 'address', NULL, NULL),
(44, 'patient44', 'patient44', 'patient44', '1572370166', '1572370166', '1572370166', 'patient44@doctoraak.com', 'male', '$2y$10$cTfofskL.KqpEdMhxelNt.hWpBFjcE.asqyudxTTW4jeEEggTWEmm', 1, 2, '2019-02-02', 'patient.png', '1572370210', 'address', 'address', 'address', NULL, NULL),
(45, 'patient45', 'patient45', 'patient45', '1572370166', '1572370166', '1572370166', 'patient45@doctoraak.com', 'male', '$2y$10$R4tkTFW58d4x9/zwZKMMi.7/DkFV9k4lz78WHLScCV.J39uyu.31.', 1, 3, '2019-02-02', 'patient.png', '1572370211', 'address', 'address', 'address', NULL, NULL),
(46, 'patient46', 'patient46', 'patient46', '1572370166', '1572370166', '1572370166', 'patient46@doctoraak.com', 'male', '$2y$10$Qsl42vFUgTRQJ3iak3Nevup4ULtPakB.QbLSwCubTyhi.vh3vCae.', 1, 4, '2019-02-02', 'patient.png', '1572370212', 'address', 'address', 'address', NULL, NULL),
(47, 'patient47', 'patient47', 'patient47', '1572370166', '1572370166', '1572370166', 'patient47@doctoraak.com', 'male', '$2y$10$6XXKHYHuaJP95YVZLAGrKOhEAWmJTbrUp1eepwNeZ7otcpQRtnQPG', 1, 4, '2019-02-02', 'patient.png', '1572370213', 'address', 'address', 'address', NULL, NULL),
(48, 'patient48', 'patient48', 'patient48', '1572370166', '1572370166', '1572370166', 'patient48@doctoraak.com', 'male', '$2y$10$pOuY0uPFSRNGx/D0QqAh3ebJ0gSfVOqJ8N7.dUfcaJEev/Znbw2CK', 1, 5, '2019-02-02', 'patient.png', '1572370214', 'address', 'address', 'address', NULL, NULL),
(49, 'patient49', 'patient49', 'patient49', '1572370166', '1572370166', '1572370166', 'patient49@doctoraak.com', 'male', '$2y$10$RkXtw8uwuPlBB/RnXgOp5OQUupPwTwsVGtjNHWUbWaMcAzGL1GPwW', 1, 2, '2019-02-02', 'patient.png', '1572370216', 'address', 'address', 'address', NULL, NULL),
(50, 'patient50', 'patient50', 'patient50', '1572370167', '1572370167', '1572370167', 'patient50@doctoraak.com', 'male', '$2y$10$1/NDGQtfvFIoVjKEBpsaFuSOMR4OqBop/ncbfr4llVtp.eJ626qwO', 1, 4, '2019-02-02', 'patient.png', '1572370217', 'address', 'address', 'address', NULL, NULL),
(51, 'patient51', 'patient51', 'patient51', '1572370167', '1572370167', '1572370167', 'patient51@doctoraak.com', 'male', '$2y$10$uyOH5em54cquC6qBs4fMsus74EUvk1Gr2gNRBhS9oAc5Z2izTcoJC', 1, 2, '2019-02-02', 'patient.png', '1572370218', 'address', 'address', 'address', NULL, NULL),
(52, 'patient52', 'patient52', 'patient52', '1572370167', '1572370167', '1572370167', 'patient52@doctoraak.com', 'male', '$2y$10$hZR90d/.aeaAF6YVfrQ3Ce3R/qRB7z6a4j6pQ.vpzZY3zpfJzzj4C', 1, 1, '2019-02-02', 'patient.png', '1572370219', 'address', 'address', 'address', NULL, NULL),
(53, 'patient53', 'patient53', 'patient53', '1572370167', '1572370167', '1572370167', 'patient53@doctoraak.com', 'male', '$2y$10$EjwEYacJ/AnrWeYohdZ4reshLGWXY5yPb0EUacurZTpBPrm/RhZsS', 1, 4, '2019-02-02', 'patient.png', '1572370220', 'address', 'address', 'address', NULL, NULL),
(54, 'patient54', 'patient54', 'patient54', '1572370167', '1572370167', '1572370167', 'patient54@doctoraak.com', 'male', '$2y$10$h74IKzvEJyPHPoisqlUjdepNkwViFM.crUbVT/fIWfJhmYPYWr.c2', 1, 5, '2019-02-02', 'patient.png', '1572370221', 'address', 'address', 'address', NULL, NULL),
(55, 'patient55', 'patient55', 'patient55', '1572370167', '1572370167', '1572370167', 'patient55@doctoraak.com', 'male', '$2y$10$US3r2wZlPQArxpLS/RXKJ.Aj5Pb5nyjxGylaXJHTJ1T1XvrEjrbGG', 1, 2, '2019-02-02', 'patient.png', '1572370222', 'address', 'address', 'address', NULL, NULL),
(56, 'patient56', 'patient56', 'patient56', '1572370168', '1572370168', '1572370168', 'patient56@doctoraak.com', 'male', '$2y$10$wQZhNJHiePey6E3BQVGEneWv5lCIbDtDIDZ.qF2XVAKswj1bOq95i', 1, 3, '2019-02-02', 'patient.png', '1572370224', 'address', 'address', 'address', NULL, NULL),
(57, 'patient57', 'patient57', 'patient57', '1572370168', '1572370168', '1572370168', 'patient57@doctoraak.com', 'male', '$2y$10$jSr..3j1XOfD1EK1Hud3RuAB5HN7uEa/3nX2oLdlDpWAPr/CMD762', 1, 4, '2019-02-02', 'patient.png', '1572370225', 'address', 'address', 'address', NULL, NULL),
(58, 'patient58', 'patient58', 'patient58', '1572370168', '1572370168', '1572370168', 'patient58@doctoraak.com', 'male', '$2y$10$BTnfvSgC3jNjtLmqkWEzGeUXN8CS7EkWpIUFUbGhKnboQgPkMKoyS', 1, 1, '2019-02-02', 'patient.png', '1572370226', 'address', 'address', 'address', NULL, NULL),
(59, 'patient59', 'patient59', 'patient59', '1572370168', '1572370168', '1572370168', 'patient59@doctoraak.com', 'male', '$2y$10$Gc3dp5vmHtyFl5V88zQA..njwDwH09v5mgRP2dmbLp.t1F2AO8jOG', 1, 2, '2019-02-02', 'patient.png', '1572370227', 'address', 'address', 'address', NULL, NULL),
(60, 'patient60', 'patient60', 'patient60', '1572370168', '1572370168', '1572370168', 'patient60@doctoraak.com', 'male', '$2y$10$hGDwdZtewGb216mhuebRsOhNa8TnsND7Ie.WbVi0IJWP61yVgKHua', 1, 2, '2019-02-02', 'patient.png', '1572370228', 'address', 'address', 'address', NULL, NULL),
(61, 'patient61', 'patient61', 'patient61', '1572370168', '1572370168', '1572370168', 'patient61@doctoraak.com', 'male', '$2y$10$cp.p4g2g3HN861ejGT0NMui/wV8JT2JzVUkn1ZAmuz96O7qlhOd/q', 1, 5, '2019-02-02', 'patient.png', '1572370229', 'address', 'address', 'address', NULL, NULL),
(62, 'patient62', 'patient62', 'patient62', '1572370168', '1572370168', '1572370168', 'patient62@doctoraak.com', 'male', '$2y$10$4wS3NT3XRwbPonyERBpgEeFWR0Ps2TX3Af6AqsMQkcx8Tsn0CI5N6', 1, 4, '2019-02-02', 'patient.png', '1572370230', 'address', 'address', 'address', NULL, NULL),
(63, 'patient63', 'patient63', 'patient63', '1572370169', '1572370169', '1572370169', 'patient63@doctoraak.com', 'male', '$2y$10$EuNlu5/83xcVE.DwaR77yu/zydQg53HfLo2Ll7hx3SNuRhtCKFCU2', 1, 2, '2019-02-02', 'patient.png', '1572370232', 'address', 'address', 'address', NULL, NULL),
(64, 'patient64', 'patient64', 'patient64', '1572370169', '1572370169', '1572370169', 'patient64@doctoraak.com', 'male', '$2y$10$8nGRf0VS1BTDM1C24Ov3PuGmLezYVdP05lfSrwAb8a7ORxA2Cr.Ze', 1, 1, '2019-02-02', 'patient.png', '1572370233', 'address', 'address', 'address', NULL, NULL),
(65, 'patient65', 'patient65', 'patient65', '1572370169', '1572370169', '1572370169', 'patient65@doctoraak.com', 'male', '$2y$10$c60cxapUeB/FGMjgTvxv2OQDI.jJRoFVJzXBIYbIMWZxNlXmawO0y', 1, 5, '2019-02-02', 'patient.png', '1572370234', 'address', 'address', 'address', NULL, NULL),
(66, 'patient66', 'patient66', 'patient66', '1572370169', '1572370169', '1572370169', 'patient66@doctoraak.com', 'male', '$2y$10$Rb0e2x/cFJpgL5PZjHIF.Oi6A.7d5Ih8y6xKV6N3O0zA/UWic0qUa', 1, 2, '2019-02-02', 'patient.png', '1572370235', 'address', 'address', 'address', NULL, NULL),
(67, 'patient67', 'patient67', 'patient67', '1572370169', '1572370169', '1572370169', 'patient67@doctoraak.com', 'male', '$2y$10$p8srfrx3AomTZNR9n5tlE./8WjyzIcbYvkZ7/ysxj7I23DRDMo.La', 1, 5, '2019-02-02', 'patient.png', '1572370236', 'address', 'address', 'address', NULL, NULL),
(68, 'patient68', 'patient68', 'patient68', '1572370169', '1572370169', '1572370169', 'patient68@doctoraak.com', 'male', '$2y$10$5Xuf0XTTfHHAqy1CEtqNwOn2UGNgjGzJnL0DXWjPsDBrzPHk.xNbO', 1, 5, '2019-02-02', 'patient.png', '1572370238', 'address', 'address', 'address', NULL, NULL),
(69, 'patient69', 'patient69', 'patient69', '1572370170', '1572370170', '1572370170', 'patient69@doctoraak.com', 'male', '$2y$10$LDBPv.FsPdE/kWVsFj01COtpWLz8vayhvK/6Q1yMYqWZkl0CiUblG', 1, 4, '2019-02-02', 'patient.png', '1572370239', 'address', 'address', 'address', NULL, NULL),
(70, 'patient70', 'patient70', 'patient70', '1572370170', '1572370170', '1572370170', 'patient70@doctoraak.com', 'male', '$2y$10$CkB.H1wC4OQYuCosssXeweY7JY5gz7Npz/wRSZJtHPWcXD6uxay4q', 1, 4, '2019-02-02', 'patient.png', '1572370240', 'address', 'address', 'address', NULL, NULL),
(71, 'patient71', 'patient71', 'patient71', '1572370170', '1572370170', '1572370170', 'patient71@doctoraak.com', 'male', '$2y$10$gYV3jFwqnSean8PW/wHQf.muXWZw/7BsZxgamUfgGVweW.3qLmZj6', 1, 2, '2019-02-02', 'patient.png', '1572370241', 'address', 'address', 'address', NULL, NULL),
(72, 'patient72', 'patient72', 'patient72', '1572370170', '1572370170', '1572370170', 'patient72@doctoraak.com', 'male', '$2y$10$ieHnUmgmbhmIF1RB3l6L6.hZ5FGOmx4KsVCweYSqLXWvxoxXpj41S', 1, 4, '2019-02-02', 'patient.png', '1572370242', 'address', 'address', 'address', NULL, NULL),
(73, 'patient73', 'patient73', 'patient73', '1572370170', '1572370170', '1572370170', 'patient73@doctoraak.com', 'male', '$2y$10$l7hvPKigE5/U/0GM27GZyOHPTaDtW4T4HCAKEPw2JH5BOGHNXZ/RS', 1, 2, '2019-02-02', 'patient.png', '1572370243', 'address', 'address', 'address', NULL, NULL),
(74, 'patient74', 'patient74', 'patient74', '1572370170', '1572370170', '1572370170', 'patient74@doctoraak.com', 'male', '$2y$10$.Wihk0T8r99CdIvSgSU9EOxdbi1a8ZOEldvBbv4UgEzHN8dWVJqGK', 1, 5, '2019-02-02', 'patient.png', '1572370244', 'address', 'address', 'address', NULL, NULL),
(75, 'patient75', 'patient75', 'patient75', '1572370171', '1572370171', '1572370171', 'patient75@doctoraak.com', 'male', '$2y$10$nOZRz2YtOb4v529WGZEBnOXfCvyiVceeharG4hX83xnPdAfbUFSiG', 1, 3, '2019-02-02', 'patient.png', '1572370246', 'address', 'address', 'address', NULL, NULL),
(76, 'patient76', 'patient76', 'patient76', '1572370171', '1572370171', '1572370171', 'patient76@doctoraak.com', 'male', '$2y$10$5W5cxEDyCWohEYcmSs9XH.ysbiSubvTwHcEUm8eHBovHxj0J0ifma', 1, 1, '2019-02-02', 'patient.png', '1572370247', 'address', 'address', 'address', NULL, NULL),
(77, 'patient77', 'patient77', 'patient77', '1572370171', '1572370171', '1572370171', 'patient77@doctoraak.com', 'male', '$2y$10$P2BNd25XcZ4kmruud0NPu.Iq0Cz0MxJjJk/a4xOro9vqT8OKMY8kS', 1, 4, '2019-02-02', 'patient.png', '1572370248', 'address', 'address', 'address', NULL, NULL),
(78, 'patient78', 'patient78', 'patient78', '1572370171', '1572370171', '1572370171', 'patient78@doctoraak.com', 'male', '$2y$10$JjEWftCpLHKGJvmYZkK1gOr0e5MQyEcbIB7/rDzr2f8Zhp00ZQl8O', 1, 5, '2019-02-02', 'patient.png', '1572370249', 'address', 'address', 'address', NULL, NULL),
(79, 'patient79', 'patient79', 'patient79', '1572370171', '1572370171', '1572370171', 'patient79@doctoraak.com', 'male', '$2y$10$Up0soh5O2K6FnI81jLwEie.HbTvy2KAjZCrwyjytA7nri9soNwhAS', 1, 1, '2019-02-02', 'patient.png', '1572370250', 'address', 'address', 'address', NULL, NULL),
(80, 'patient80', 'patient80', 'patient80', '1572370171', '1572370171', '1572370171', 'patient80@doctoraak.com', 'male', '$2y$10$NDto8/n38cD3SAnR8vJGWeWoQfX/KdlE.Drxyz/gBDvU8hIPb1Ja6', 1, 1, '2019-02-02', 'patient.png', '1572370251', 'address', 'address', 'address', NULL, NULL),
(81, 'patient81', 'patient81', 'patient81', '1572370171', '1572370171', '1572370171', 'patient81@doctoraak.com', 'male', '$2y$10$o/Nu2YWMieQncZX3d9ybQe28RXkc05Qm5ALT2U//4EVy0QVxhjYMm', 1, 1, '2019-02-02', 'patient.png', '1572370252', 'address', 'address', 'address', NULL, NULL),
(82, 'patient82', 'patient82', 'patient82', '1572370172', '1572370172', '1572370172', 'patient82@doctoraak.com', 'male', '$2y$10$F6WfS6Jwn7FhwqY/XBH1QOz5mLtaHFKCAVgdDQwwGGM4CSynZgWN2', 1, 5, '2019-02-02', 'patient.png', '1572370254', 'address', 'address', 'address', NULL, NULL),
(83, 'patient83', 'patient83', 'patient83', '1572370172', '1572370172', '1572370172', 'patient83@doctoraak.com', 'male', '$2y$10$XIE4fL8JRpIm8T4vfcIvDe2GBjZq0UoR11vdgAYsVGzLyWdY7lY0q', 1, 5, '2019-02-02', 'patient.png', '1572370255', 'address', 'address', 'address', NULL, NULL),
(84, 'patient84', 'patient84', 'patient84', '1572370172', '1572370172', '1572370172', 'patient84@doctoraak.com', 'male', '$2y$10$/1O7.oVwdigH5TFxQoUfHOU.fJUXCclI4g9dUP2SNTyizO9He9lHe', 1, 1, '2019-02-02', 'patient.png', '1572370256', 'address', 'address', 'address', NULL, NULL),
(85, 'patient85', 'patient85', 'patient85', '1572370172', '1572370172', '1572370172', 'patient85@doctoraak.com', 'male', '$2y$10$fIgVqEp6OYW6JzICA3UGk.CisYwObfjCWgvmuMr5MOcgyHZMA8.bK', 1, 4, '2019-02-02', 'patient.png', '1572370257', 'address', 'address', 'address', NULL, NULL),
(86, 'patient86', 'patient86', 'patient86', '1572370172', '1572370172', '1572370172', 'patient86@doctoraak.com', 'male', '$2y$10$AYOBFbEX/J/Q1vNuYiZkS.0wq7Y7UA3uHQ4.xqtmpFpwxBLktb9Ty', 1, 4, '2019-02-02', 'patient.png', '1572370258', 'address', 'address', 'address', NULL, NULL),
(87, 'patient87', 'patient87', 'patient87', '1572370172', '1572370172', '1572370172', 'patient87@doctoraak.com', 'male', '$2y$10$S2Ga7KDBF4tk5BrfXG7pie3Al/Rg2aWn6ZIGSFVFVmoiFb5O9bhai', 1, 5, '2019-02-02', 'patient.png', '1572370259', 'address', 'address', 'address', NULL, NULL),
(88, 'patient88', 'patient88', 'patient88', '1572370172', '1572370172', '1572370172', 'patient88@doctoraak.com', 'male', '$2y$10$ladGt1kgafPaPupEQ/BZ0OG93E6DSr/.hW5KVYPDSHxt9/9CARXg6', 1, 4, '2019-02-02', 'patient.png', '1572370261', 'address', 'address', 'address', NULL, NULL),
(89, 'patient89', 'patient89', 'patient89', '1572370173', '1572370173', '1572370173', 'patient89@doctoraak.com', 'male', '$2y$10$WQzhB9FE0C25.9iXbxqng.C6wUoazMmch6vNngKx09LmQynhR5n.C', 1, 2, '2019-02-02', 'patient.png', '1572370262', 'address', 'address', 'address', NULL, NULL),
(90, 'patient90', 'patient90', 'patient90', '1572370173', '1572370173', '1572370173', 'patient90@doctoraak.com', 'male', '$2y$10$dGJcSOu4peOIg1.4EnowBOUcM2bow2NWxK9LSHe0.9FRtEOki/i8e', 1, 2, '2019-02-02', 'patient.png', '1572370263', 'address', 'address', 'address', NULL, NULL),
(91, 'patient91', 'patient91', 'patient91', '1572370173', '1572370173', '1572370173', 'patient91@doctoraak.com', 'male', '$2y$10$vwaBLwBvhSxpZArknarwheTP6fuRXJDlflJyQHfRj64QhI1TWa.m6', 1, 4, '2019-02-02', 'patient.png', '1572370264', 'address', 'address', 'address', NULL, NULL),
(92, 'patient92', 'patient92', 'patient92', '1572370173', '1572370173', '1572370173', 'patient92@doctoraak.com', 'male', '$2y$10$iZ4CvXZP6FOvohrQvuzSJ.WIeFT2i9u0tLakfyyXleRu0Vdk8Azzi', 1, 5, '2019-02-02', 'patient.png', '1572370265', 'address', 'address', 'address', NULL, NULL),
(93, 'patient93', 'patient93', 'patient93', '1572370173', '1572370173', '1572370173', 'patient93@doctoraak.com', 'male', '$2y$10$ELPNpOc3Sj085dBI/9Pcfek2lNF4qWy1mehdr/Hyg963o.sHBTqtq', 1, 4, '2019-02-02', 'patient.png', '1572370266', 'address', 'address', 'address', NULL, NULL),
(94, 'patient94', 'patient94', 'patient94', '1572370173', '1572370173', '1572370173', 'patient94@doctoraak.com', 'male', '$2y$10$Xa.uRxFqeC7BMuwKJn/v6OXaCt4TJ9mKTQKsm.wNeam/8958W0uaC', 1, 3, '2019-02-02', 'patient.png', '1572370267', 'address', 'address', 'address', NULL, NULL),
(95, 'patient95', 'patient95', 'patient95', '1572370173', '1572370173', '1572370173', 'patient95@doctoraak.com', 'male', '$2y$10$RiO.UBq684mPsw8WXLyYlOeQ2gOwLbkBLd1kRWDQzJdooSTIOHsAe', 1, 5, '2019-02-02', 'patient.png', '1572370269', 'address', 'address', 'address', NULL, NULL),
(96, 'patient96', 'patient96', 'patient96', '1572370174', '1572370174', '1572370174', 'patient96@doctoraak.com', 'male', '$2y$10$SaujKYVogSUq/n22ZnP2O.Tfw.Mt6St0pwmvNltK9GNfaZGlafG1i', 1, 5, '2019-02-02', 'patient.png', '1572370270', 'address', 'address', 'address', NULL, NULL),
(97, 'patient97', 'patient97', 'patient97', '1572370174', '1572370174', '1572370174', 'patient97@doctoraak.com', 'male', '$2y$10$ddjaXQ/OAY8xFsNyzHl9EuDhS2lwEsUom8QXmxykD0yY0ph2k/LTC', 1, 1, '2019-02-02', 'patient.png', '1572370272', 'address', 'address', 'address', NULL, NULL),
(98, 'patient98', 'patient98', 'patient98', '1572370175', '1572370175', '1572370175', 'patient98@doctoraak.com', 'male', '$2y$10$vOIaFqVdwn35g7v3L35pie8UZTeH6mBn8bZbGLpYvvWWBp6xTRZPW', 1, 2, '2019-02-02', 'patient.png', '1572370273', 'address', 'address', 'address', NULL, NULL),
(99, 'patient99', 'patient99', 'patient99', '1572370175', '1572370175', '1572370175', 'patient99@doctoraak.com', 'male', '$2y$10$p5IF3UIjGJiJ3QCT1r4aw.kQY9uRnAg1gHa2XoNBhDykry3tjP9OO', 1, 1, '2019-02-02', 'patient.png', '1572370275', 'address', 'address', 'address', NULL, NULL),
(100, 'patient100', 'patient100', 'patient100', '1572370176', '1572370176', '1572370176', 'patient100@doctoraak.com', 'male', '$2y$10$ySLUqvmN32hz6.g/KAr.uukJRIprNYhwL.E.MkYDRi8NCLmNfu3jK', 1, 5, '2019-02-02', 'patient.png', '1572370276', 'address', 'address', 'address', NULL, NULL);

-- --------------------------------------------------------

--
-- Table structure for table `patient_blocks`
--

CREATE TABLE `patient_blocks` (
  `id` bigint(20) UNSIGNED NOT NULL,
  `doctor_id` int(11) DEFAULT NULL,
  `patient_id` int(11) DEFAULT NULL,
  `created_at` timestamp NULL DEFAULT NULL,
  `updated_at` timestamp NULL DEFAULT NULL
) ENGINE=InnoDB DEFAULT CHARSET=utf8mb4 COLLATE=utf8mb4_unicode_ci;

-- --------------------------------------------------------

--
-- Table structure for table `patient_rates`
--

CREATE TABLE `patient_rates` (
  `id` bigint(20) UNSIGNED NOT NULL,
  `doctor_id` int(11) DEFAULT NULL,
  `patient_id` int(11) DEFAULT NULL,
  `rate` enum('1','2','3','4','5') COLLATE utf8mb4_unicode_ci NOT NULL DEFAULT '1',
  `created_at` timestamp NULL DEFAULT NULL,
  `updated_at` timestamp NULL DEFAULT NULL
) ENGINE=InnoDB DEFAULT CHARSET=utf8mb4 COLLATE=utf8mb4_unicode_ci;

-- --------------------------------------------------------

--
-- Table structure for table `payments`
--

CREATE TABLE `payments` (
  `id` bigint(20) UNSIGNED NOT NULL,
  `code` varchar(191) COLLATE utf8mb4_unicode_ci NOT NULL,
  `payment_type` enum('vodafon','fawry') COLLATE utf8mb4_unicode_ci NOT NULL,
  `user_id` int(11) DEFAULT NULL,
  `value` int(11) NOT NULL,
  `user_type` enum('one','two') COLLATE utf8mb4_unicode_ci NOT NULL,
  `created_at` timestamp NULL DEFAULT NULL,
  `updated_at` timestamp NULL DEFAULT NULL
) ENGINE=InnoDB DEFAULT CHARSET=utf8mb4 COLLATE=utf8mb4_unicode_ci;

-- --------------------------------------------------------

--
-- Table structure for table `pharmacies`
--

CREATE TABLE `pharmacies` (
  `id` bigint(20) UNSIGNED NOT NULL,
  `name` varchar(191) COLLATE utf8mb4_unicode_ci NOT NULL,
  `name_ar` varchar(191) COLLATE utf8mb4_unicode_ci DEFAULT NULL,
  `name_fr` varchar(191) COLLATE utf8mb4_unicode_ci DEFAULT NULL,
  `phone` varchar(191) COLLATE utf8mb4_unicode_ci NOT NULL,
  `phone2` varchar(191) COLLATE utf8mb4_unicode_ci DEFAULT NULL,
  `address` varchar(191) COLLATE utf8mb4_unicode_ci NOT NULL,
  `address_ar` varchar(191) COLLATE utf8mb4_unicode_ci DEFAULT NULL,
  `address_fr` varchar(191) COLLATE utf8mb4_unicode_ci DEFAULT NULL,
  `lang` varchar(191) COLLATE utf8mb4_unicode_ci DEFAULT NULL,
  `api_token` varchar(191) COLLATE utf8mb4_unicode_ci DEFAULT NULL,
  `latt` varchar(191) COLLATE utf8mb4_unicode_ci DEFAULT NULL,
  `sms_code` varchar(191) COLLATE utf8mb4_unicode_ci DEFAULT NULL,
  `email` varchar(191) COLLATE utf8mb4_unicode_ci NOT NULL,
  `password` varchar(191) COLLATE utf8mb4_unicode_ci NOT NULL,
  `active` tinyint(1) NOT NULL DEFAULT 0,
  `delivery` enum('1','0') COLLATE utf8mb4_unicode_ci NOT NULL DEFAULT '0',
  `avaliable_days` int(11) NOT NULL DEFAULT 0,
  `pharmacy_doctor_id` int(11) DEFAULT NULL,
  `photo` varchar(191) COLLATE utf8mb4_unicode_ci NOT NULL DEFAULT 'pharmacy.png',
  `created_at` timestamp NULL DEFAULT NULL,
  `updated_at` timestamp NULL DEFAULT NULL
) ENGINE=InnoDB DEFAULT CHARSET=utf8mb4 COLLATE=utf8mb4_unicode_ci;

--
-- Dumping data for table `pharmacies`
--

INSERT INTO `pharmacies` (`id`, `name`, `name_ar`, `name_fr`, `phone`, `phone2`, `address`, `address_ar`, `address_fr`, `lang`, `api_token`, `latt`, `sms_code`, `email`, `password`, `active`, `delivery`, `avaliable_days`, `pharmacy_doctor_id`, `photo`, `created_at`, `updated_at`) VALUES
(1, 'pharmacy1', NULL, NULL, '1572370178', NULL, 'address1', NULL, NULL, '31.253160940865', NULL, '29.930879564292', NULL, 'pharmacy1@doctoraak.com', '123456', 1, '0', 0, 2, 'pharmacy.png', NULL, NULL),
(2, 'pharmacy2', NULL, NULL, '1572370182', NULL, 'address2', NULL, NULL, '31.243483633082', NULL, '30.037157289508', NULL, 'pharmacy2@doctoraak.com', '123456', 1, '0', 0, 5, 'pharmacy.png', NULL, NULL),
(3, 'pharmacy3', NULL, NULL, '1572370184', NULL, 'address3', NULL, NULL, '31.219024793978', NULL, '30.165218089139', NULL, 'pharmacy3@doctoraak.com', '123456', 1, '0', 0, 2, 'pharmacy.png', NULL, NULL),
(4, 'pharmacy4', NULL, NULL, '1572370187', NULL, 'address4', NULL, NULL, '31.079936959679', NULL, '30.053120621345', NULL, 'pharmacy4@doctoraak.com', '123456', 1, '0', 0, 5, 'pharmacy.png', NULL, NULL),
(5, 'pharmacy5', NULL, NULL, '1572370189', NULL, 'address5', NULL, NULL, '31.071936523876', NULL, '30.124153781236', NULL, 'pharmacy5@doctoraak.com', '123456', 1, '0', 0, 2, 'pharmacy.png', NULL, NULL),
(6, 'pharmacy6', NULL, NULL, '1572370190', NULL, 'address6', NULL, NULL, '31.092953498314', NULL, '30.015244131669', NULL, 'pharmacy6@doctoraak.com', '123456', 1, '0', 0, 4, 'pharmacy.png', NULL, NULL),
(7, 'pharmacy7', NULL, NULL, '1572370192', NULL, 'address7', NULL, NULL, '31.104520899278', NULL, '30.144290557234', NULL, 'pharmacy7@doctoraak.com', '123456', 1, '0', 0, 4, 'pharmacy.png', NULL, NULL),
(8, 'pharmacy8', NULL, NULL, '1572370194', NULL, 'address8', NULL, NULL, '31.155206897788', NULL, '29.994675158053', NULL, 'pharmacy8@doctoraak.com', '123456', 1, '0', 0, 4, 'pharmacy.png', NULL, NULL),
(9, 'pharmacy9', NULL, NULL, '1572370196', NULL, 'address9', NULL, NULL, '31.152915633686', NULL, '29.987015146324', NULL, 'pharmacy9@doctoraak.com', '123456', 1, '0', 0, 5, 'pharmacy.png', NULL, NULL),
(10, 'pharmacy10', NULL, NULL, '1572370198', NULL, 'address10', NULL, NULL, '31.146647287326', NULL, '30.001171430672', NULL, 'pharmacy10@doctoraak.com', '123456', 1, '0', 0, 4, 'pharmacy.png', NULL, NULL),
(11, 'pharmacy11', NULL, NULL, '1572370199', NULL, 'address11', NULL, NULL, '31.092417351236', NULL, '30.06557673193', NULL, 'pharmacy11@doctoraak.com', '123456', 1, '0', 0, 3, 'pharmacy.png', NULL, NULL),
(12, 'pharmacy12', NULL, NULL, '1572370201', NULL, 'address12', NULL, NULL, '31.144885453183', NULL, '30.022769223192', NULL, 'pharmacy12@doctoraak.com', '123456', 1, '0', 0, 3, 'pharmacy.png', NULL, NULL),
(13, 'pharmacy13', NULL, NULL, '1572370203', NULL, 'address13', NULL, NULL, '31.156499378538', NULL, '29.991683841777', NULL, 'pharmacy13@doctoraak.com', '123456', 1, '0', 0, 1, 'pharmacy.png', NULL, NULL),
(14, 'pharmacy14', NULL, NULL, '1572370205', NULL, 'address14', NULL, NULL, '30.910465139072', NULL, '29.911540099762', NULL, 'pharmacy14@doctoraak.com', '123456', 1, '0', 0, 4, 'pharmacy.png', NULL, NULL),
(15, 'pharmacy15', NULL, NULL, '1572370206', NULL, 'address15', NULL, NULL, '31.10391154417', NULL, '29.971956347517', NULL, 'pharmacy15@doctoraak.com', '123456', 1, '0', 0, 2, 'pharmacy.png', NULL, NULL),
(16, 'pharmacy16', NULL, NULL, '1572370208', NULL, 'address16', NULL, NULL, '31.029670402861', NULL, '29.956723169437', NULL, 'pharmacy16@doctoraak.com', '123456', 1, '0', 0, 4, 'pharmacy.png', NULL, NULL),
(17, 'pharmacy17', NULL, NULL, '1572370210', NULL, 'address17', NULL, NULL, '31.157991058924', NULL, '29.983601812894', NULL, 'pharmacy17@doctoraak.com', '123456', 1, '0', 0, 2, 'pharmacy.png', NULL, NULL),
(18, 'pharmacy18', NULL, NULL, '1572370211', NULL, 'address18', NULL, NULL, '31.166771248576', NULL, '30.002320459991', NULL, 'pharmacy18@doctoraak.com', '123456', 1, '0', 0, 2, 'pharmacy.png', NULL, NULL),
(19, 'pharmacy19', NULL, NULL, '1572370214', NULL, 'address19', NULL, NULL, '31.15101373024', NULL, '29.94378531657', NULL, 'pharmacy19@doctoraak.com', '123456', 1, '0', 0, 1, 'pharmacy.png', NULL, NULL),
(20, 'pharmacy20', NULL, NULL, '1572370216', NULL, 'address20', NULL, NULL, '31.143906809546', NULL, '30.005584544913', NULL, 'pharmacy20@doctoraak.com', '123456', 1, '0', 0, 1, 'pharmacy.png', NULL, NULL),
(21, 'pharmacy21', NULL, NULL, '1572370217', NULL, 'address21', NULL, NULL, '31.197910561218', NULL, '30.137386858997', NULL, 'pharmacy21@doctoraak.com', '123456', 1, '0', 0, 2, 'pharmacy.png', NULL, NULL),
(22, 'pharmacy22', NULL, NULL, '1572370219', NULL, 'address22', NULL, NULL, '31.157031347574', NULL, '30.008453726118', NULL, 'pharmacy22@doctoraak.com', '123456', 1, '0', 0, 3, 'pharmacy.png', NULL, NULL),
(23, 'pharmacy23', NULL, NULL, '1572370222', NULL, 'address23', NULL, NULL, '31.144892280835', NULL, '29.990728047387', NULL, 'pharmacy23@doctoraak.com', '123456', 1, '0', 0, 4, 'pharmacy.png', NULL, NULL),
(24, 'pharmacy24', NULL, NULL, '1572370223', NULL, 'address24', NULL, NULL, '31.165311045443', NULL, '29.99365378981', NULL, 'pharmacy24@doctoraak.com', '123456', 1, '0', 0, 1, 'pharmacy.png', NULL, NULL),
(25, 'pharmacy25', NULL, NULL, '1572370225', NULL, 'address25', NULL, NULL, '31.141361798752', NULL, '30.013865527801', NULL, 'pharmacy25@doctoraak.com', '123456', 1, '0', 0, 1, 'pharmacy.png', NULL, NULL),
(26, 'pharmacy26', NULL, NULL, '1572370228', NULL, 'address26', NULL, NULL, '31.24216215033', NULL, '29.955498999635', NULL, 'pharmacy26@doctoraak.com', '123456', 1, '0', 0, 3, 'pharmacy.png', NULL, NULL),
(27, 'pharmacy27', NULL, NULL, '1572370230', NULL, 'address27', NULL, NULL, '31.106760057396', NULL, '29.889363988693', NULL, 'pharmacy27@doctoraak.com', '123456', 1, '0', 0, 4, 'pharmacy.png', NULL, NULL),
(28, 'pharmacy28', NULL, NULL, '1572370231', NULL, 'address28', NULL, NULL, '31.258941447486', NULL, '30.018992103137', NULL, 'pharmacy28@doctoraak.com', '123456', 1, '0', 0, 5, 'pharmacy.png', NULL, NULL),
(29, 'pharmacy29', NULL, NULL, '1572370234', NULL, 'address29', NULL, NULL, '31.178586205556', NULL, '29.925325975539', NULL, 'pharmacy29@doctoraak.com', '123456', 1, '0', 0, 5, 'pharmacy.png', NULL, NULL),
(30, 'pharmacy30', NULL, NULL, '1572370236', NULL, 'address30', NULL, NULL, '31.313363995384', NULL, '29.931938115901', NULL, 'pharmacy30@doctoraak.com', '123456', 1, '0', 0, 1, 'pharmacy.png', NULL, NULL),
(31, 'pharmacy31', NULL, NULL, '1572370237', NULL, 'address31', NULL, NULL, '31.404038926561', NULL, '30.105497835748', NULL, 'pharmacy31@doctoraak.com', '123456', 1, '0', 0, 3, 'pharmacy.png', NULL, NULL),
(32, 'pharmacy32', NULL, NULL, '1572370239', NULL, 'address32', NULL, NULL, '31.043352159734', NULL, '29.945024179511', NULL, 'pharmacy32@doctoraak.com', '123456', 1, '0', 0, 1, 'pharmacy.png', NULL, NULL),
(33, 'pharmacy33', NULL, NULL, '1572370241', NULL, 'address33', NULL, NULL, '31.141219333607', NULL, '29.96797107131', NULL, 'pharmacy33@doctoraak.com', '123456', 1, '0', 0, 1, 'pharmacy.png', NULL, NULL),
(34, 'pharmacy34', NULL, NULL, '1572370243', NULL, 'address34', NULL, NULL, '31.145906140878', NULL, '29.998157397269', NULL, 'pharmacy34@doctoraak.com', '123456', 1, '0', 0, 4, 'pharmacy.png', NULL, NULL),
(35, 'pharmacy35', NULL, NULL, '1572370245', NULL, 'address35', NULL, NULL, '31.243900163328', NULL, '29.963923289854', NULL, 'pharmacy35@doctoraak.com', '123456', 1, '0', 0, 2, 'pharmacy.png', NULL, NULL),
(36, 'pharmacy36', NULL, NULL, '1572370246', NULL, 'address36', NULL, NULL, '31.135967902247', NULL, '30.040470549396', NULL, 'pharmacy36@doctoraak.com', '123456', 1, '0', 0, 4, 'pharmacy.png', NULL, NULL),
(37, 'pharmacy37', NULL, NULL, '1572370248', NULL, 'address37', NULL, NULL, '31.183362207068', NULL, '30.023235437677', NULL, 'pharmacy37@doctoraak.com', '123456', 1, '0', 0, 4, 'pharmacy.png', NULL, NULL),
(38, 'pharmacy38', NULL, NULL, '1572370249', NULL, 'address38', NULL, NULL, '31.139873410036', NULL, '29.962149203544', NULL, 'pharmacy38@doctoraak.com', '123456', 1, '0', 0, 2, 'pharmacy.png', NULL, NULL),
(39, 'pharmacy39', NULL, NULL, '1572370251', NULL, 'address39', NULL, NULL, '31.012481659554', NULL, '29.962505256767', NULL, 'pharmacy39@doctoraak.com', '123456', 1, '0', 0, 1, 'pharmacy.png', NULL, NULL),
(40, 'pharmacy40', NULL, NULL, '1572370253', NULL, 'address40', NULL, NULL, '31.082339237134', NULL, '29.973881259323', NULL, 'pharmacy40@doctoraak.com', '123456', 1, '0', 0, 1, 'pharmacy.png', NULL, NULL),
(41, 'pharmacy41', NULL, NULL, '1572370255', NULL, 'address41', NULL, NULL, '31.166094994362', NULL, '30.037912143246', NULL, 'pharmacy41@doctoraak.com', '123456', 1, '0', 0, 4, 'pharmacy.png', NULL, NULL),
(42, 'pharmacy42', NULL, NULL, '1572370257', NULL, 'address42', NULL, NULL, '31.052827541105', NULL, '30.001235668754', NULL, 'pharmacy42@doctoraak.com', '123456', 1, '0', 0, 3, 'pharmacy.png', NULL, NULL),
(43, 'pharmacy43', NULL, NULL, '1572370259', NULL, 'address43', NULL, NULL, '31.151817668073', NULL, '29.991751339225', NULL, 'pharmacy43@doctoraak.com', '123456', 1, '0', 0, 1, 'pharmacy.png', NULL, NULL),
(44, 'pharmacy44', NULL, NULL, '1572370261', NULL, 'address44', NULL, NULL, '31.23731267978', NULL, '30.27397269678', NULL, 'pharmacy44@doctoraak.com', '123456', 1, '0', 0, 2, 'pharmacy.png', NULL, NULL),
(45, 'pharmacy45', NULL, NULL, '1572370263', NULL, 'address45', NULL, NULL, '31.16172489256', NULL, '30.059170842697', NULL, 'pharmacy45@doctoraak.com', '123456', 1, '0', 0, 1, 'pharmacy.png', NULL, NULL),
(46, 'pharmacy46', NULL, NULL, '1572370265', NULL, 'address46', NULL, NULL, '31.114234340191', NULL, '30.046845383044', NULL, 'pharmacy46@doctoraak.com', '123456', 1, '0', 0, 5, 'pharmacy.png', NULL, NULL),
(47, 'pharmacy47', NULL, NULL, '1572370267', NULL, 'address47', NULL, NULL, '31.154791915253', NULL, '29.992536637244', NULL, 'pharmacy47@doctoraak.com', '123456', 1, '0', 0, 5, 'pharmacy.png', NULL, NULL),
(48, 'pharmacy48', NULL, NULL, '1572370269', NULL, 'address48', NULL, NULL, '31.225648163799', NULL, '29.963251809653', NULL, 'pharmacy48@doctoraak.com', '123456', 1, '0', 0, 2, 'pharmacy.png', NULL, NULL),
(49, 'pharmacy49', NULL, NULL, '1572370271', NULL, 'address49', NULL, NULL, '31.132609226132', NULL, '30.095869068792', NULL, 'pharmacy49@doctoraak.com', '123456', 1, '0', 0, 4, 'pharmacy.png', NULL, NULL),
(50, 'pharmacy50', NULL, NULL, '1572370272', NULL, 'address50', NULL, NULL, '31.173705901602', NULL, '29.963688382289', NULL, 'pharmacy50@doctoraak.com', '123456', 1, '0', 0, 3, 'pharmacy.png', NULL, NULL),
(51, 'pharmacy51', NULL, NULL, '1572370274', NULL, 'address51', NULL, NULL, '31.20475227473', NULL, '30.008589902069', NULL, 'pharmacy51@doctoraak.com', '123456', 1, '0', 0, 1, 'pharmacy.png', NULL, NULL),
(52, 'pharmacy52', NULL, NULL, '1572370276', NULL, 'address52', NULL, NULL, '31.281908819001', NULL, '29.867094140971', NULL, 'pharmacy52@doctoraak.com', '123456', 1, '0', 0, 5, 'pharmacy.png', NULL, NULL),
(53, 'pharmacy53', NULL, NULL, '1572370277', NULL, 'address53', NULL, NULL, '31.021125985812', NULL, '29.9044835931', NULL, 'pharmacy53@doctoraak.com', '123456', 1, '0', 0, 3, 'pharmacy.png', NULL, NULL),
(54, 'pharmacy54', NULL, NULL, '1572370279', NULL, 'address54', NULL, NULL, '31.157123341282', NULL, '29.83665198012', NULL, 'pharmacy54@doctoraak.com', '123456', 1, '0', 0, 4, 'pharmacy.png', NULL, NULL),
(55, 'pharmacy55', NULL, NULL, '1572370281', NULL, 'address55', NULL, NULL, '31.103480012859', NULL, '29.966930160125', NULL, 'pharmacy55@doctoraak.com', '123456', 1, '0', 0, 5, 'pharmacy.png', NULL, NULL),
(56, 'pharmacy56', NULL, NULL, '1572370282', NULL, 'address56', NULL, NULL, '31.146518189544', NULL, '30.102410824086', NULL, 'pharmacy56@doctoraak.com', '123456', 1, '0', 0, 5, 'pharmacy.png', NULL, NULL),
(57, 'pharmacy57', NULL, NULL, '1572370284', NULL, 'address57', NULL, NULL, '31.162591093283', NULL, '30.056908641101', NULL, 'pharmacy57@doctoraak.com', '123456', 1, '0', 0, 1, 'pharmacy.png', NULL, NULL),
(58, 'pharmacy58', NULL, NULL, '1572370286', NULL, 'address58', NULL, NULL, '31.026079843802', NULL, '30.016500105779', NULL, 'pharmacy58@doctoraak.com', '123456', 1, '0', 0, 1, 'pharmacy.png', NULL, NULL),
(59, 'pharmacy59', NULL, NULL, '1572370287', NULL, 'address59', NULL, NULL, '31.115713417257', NULL, '30.036939300198', NULL, 'pharmacy59@doctoraak.com', '123456', 1, '0', 0, 1, 'pharmacy.png', NULL, NULL),
(60, 'pharmacy60', NULL, NULL, '1572370289', NULL, 'address60', NULL, NULL, '31.206434615904', NULL, '30.03357223094', NULL, 'pharmacy60@doctoraak.com', '123456', 1, '0', 0, 3, 'pharmacy.png', NULL, NULL),
(61, 'pharmacy61', NULL, NULL, '1572370291', NULL, 'address61', NULL, NULL, '31.119848134798', NULL, '30.058023514912', NULL, 'pharmacy61@doctoraak.com', '123456', 1, '0', 0, 1, 'pharmacy.png', NULL, NULL),
(62, 'pharmacy62', NULL, NULL, '1572370292', NULL, 'address62', NULL, NULL, '31.312945497538', NULL, '29.848920076287', NULL, 'pharmacy62@doctoraak.com', '123456', 1, '0', 0, 1, 'pharmacy.png', NULL, NULL),
(63, 'pharmacy63', NULL, NULL, '1572370294', NULL, 'address63', NULL, NULL, '31.082676779472', NULL, '30.070893000108', NULL, 'pharmacy63@doctoraak.com', '123456', 1, '0', 0, 4, 'pharmacy.png', NULL, NULL),
(64, 'pharmacy64', NULL, NULL, '1572370295', NULL, 'address64', NULL, NULL, '31.248880923319', NULL, '29.971640510328', NULL, 'pharmacy64@doctoraak.com', '123456', 1, '0', 0, 5, 'pharmacy.png', NULL, NULL),
(65, 'pharmacy65', NULL, NULL, '1572370297', NULL, 'address65', NULL, NULL, '31.148163378658', NULL, '29.956903602866', NULL, 'pharmacy65@doctoraak.com', '123456', 1, '0', 0, 2, 'pharmacy.png', NULL, NULL),
(66, 'pharmacy66', NULL, NULL, '1572370299', NULL, 'address66', NULL, NULL, '31.107134618238', NULL, '29.942173088787', NULL, 'pharmacy66@doctoraak.com', '123456', 1, '0', 0, 1, 'pharmacy.png', NULL, NULL),
(67, 'pharmacy67', NULL, NULL, '1572370300', NULL, 'address67', NULL, NULL, '31.104513363832', NULL, '29.952992764182', NULL, 'pharmacy67@doctoraak.com', '123456', 1, '0', 0, 3, 'pharmacy.png', NULL, NULL),
(68, 'pharmacy68', NULL, NULL, '1572370302', NULL, 'address68', NULL, NULL, '31.067285121372', NULL, '29.998072182732', NULL, 'pharmacy68@doctoraak.com', '123456', 1, '0', 0, 2, 'pharmacy.png', NULL, NULL),
(69, 'pharmacy69', NULL, NULL, '1572370304', NULL, 'address69', NULL, NULL, '31.161513858187', NULL, '29.99698635087', NULL, 'pharmacy69@doctoraak.com', '123456', 1, '0', 0, 2, 'pharmacy.png', NULL, NULL),
(70, 'pharmacy70', NULL, NULL, '1572370305', NULL, 'address70', NULL, NULL, '31.095301219287', NULL, '30.054981161124', NULL, 'pharmacy70@doctoraak.com', '123456', 1, '0', 0, 2, 'pharmacy.png', NULL, NULL),
(71, 'pharmacy71', NULL, NULL, '1572370307', NULL, 'address71', NULL, NULL, '31.253969237898', NULL, '29.953514439025', NULL, 'pharmacy71@doctoraak.com', '123456', 1, '0', 0, 4, 'pharmacy.png', NULL, NULL),
(72, 'pharmacy72', NULL, NULL, '1572370309', NULL, 'address72', NULL, NULL, '31.200427915471', NULL, '29.983743732354', NULL, 'pharmacy72@doctoraak.com', '123456', 1, '0', 0, 2, 'pharmacy.png', NULL, NULL),
(73, 'pharmacy73', NULL, NULL, '1572370310', NULL, 'address73', NULL, NULL, '31.217546524299', NULL, '29.972113026175', NULL, 'pharmacy73@doctoraak.com', '123456', 1, '0', 0, 2, 'pharmacy.png', NULL, NULL),
(74, 'pharmacy74', NULL, NULL, '1572370312', NULL, 'address74', NULL, NULL, '31.106560152736', NULL, '30.092910117518', NULL, 'pharmacy74@doctoraak.com', '123456', 1, '0', 0, 5, 'pharmacy.png', NULL, NULL),
(75, 'pharmacy75', NULL, NULL, '1572370314', NULL, 'address75', NULL, NULL, '31.158953667382', NULL, '29.997174704884', NULL, 'pharmacy75@doctoraak.com', '123456', 1, '0', 0, 1, 'pharmacy.png', NULL, NULL),
(76, 'pharmacy76', NULL, NULL, '1572370315', NULL, 'address76', NULL, NULL, '31.134600233603', NULL, '30.00179530224', NULL, 'pharmacy76@doctoraak.com', '123456', 1, '0', 0, 4, 'pharmacy.png', NULL, NULL),
(77, 'pharmacy77', NULL, NULL, '1572370317', NULL, 'address77', NULL, NULL, '31.260290379521', NULL, '30.098779460431', NULL, 'pharmacy77@doctoraak.com', '123456', 1, '0', 0, 5, 'pharmacy.png', NULL, NULL),
(78, 'pharmacy78', NULL, NULL, '1572370319', NULL, 'address78', NULL, NULL, '31.178552865764', NULL, '30.069898599471', NULL, 'pharmacy78@doctoraak.com', '123456', 1, '0', 0, 4, 'pharmacy.png', NULL, NULL),
(79, 'pharmacy79', NULL, NULL, '1572370320', NULL, 'address79', NULL, NULL, '31.165029015478', NULL, '29.993353516638', NULL, 'pharmacy79@doctoraak.com', '123456', 1, '0', 0, 4, 'pharmacy.png', NULL, NULL),
(80, 'pharmacy80', NULL, NULL, '1572370322', NULL, 'address80', NULL, NULL, '31.022701231113', NULL, '29.947759762119', NULL, 'pharmacy80@doctoraak.com', '123456', 1, '0', 0, 3, 'pharmacy.png', NULL, NULL),
(81, 'pharmacy81', NULL, NULL, '1572370323', NULL, 'address81', NULL, NULL, '31.185660883013', NULL, '30.119812634437', NULL, 'pharmacy81@doctoraak.com', '123456', 1, '0', 0, 5, 'pharmacy.png', NULL, NULL),
(82, 'pharmacy82', NULL, NULL, '1572370325', NULL, 'address82', NULL, NULL, '31.163895577799', NULL, '30.012855348793', NULL, 'pharmacy82@doctoraak.com', '123456', 1, '0', 0, 2, 'pharmacy.png', NULL, NULL),
(83, 'pharmacy83', NULL, NULL, '1572370327', NULL, 'address83', NULL, NULL, '31.005772090689', NULL, '29.867079148245', NULL, 'pharmacy83@doctoraak.com', '123456', 1, '0', 0, 5, 'pharmacy.png', NULL, NULL),
(84, 'pharmacy84', NULL, NULL, '1572370328', NULL, 'address84', NULL, NULL, '31.114719114291', NULL, '29.96851646208', NULL, 'pharmacy84@doctoraak.com', '123456', 1, '0', 0, 4, 'pharmacy.png', NULL, NULL),
(85, 'pharmacy85', NULL, NULL, '1572370330', NULL, 'address85', NULL, NULL, '31.117677547539', NULL, '30.045239556616', NULL, 'pharmacy85@doctoraak.com', '123456', 1, '0', 0, 5, 'pharmacy.png', NULL, NULL),
(86, 'pharmacy86', NULL, NULL, '1572370331', NULL, 'address86', NULL, NULL, '31.273490806907', NULL, '30.09891406823', NULL, 'pharmacy86@doctoraak.com', '123456', 1, '0', 0, 1, 'pharmacy.png', NULL, NULL),
(87, 'pharmacy87', NULL, NULL, '1572370333', NULL, 'address87', NULL, NULL, '31.152760272266', NULL, '29.996271757037', NULL, 'pharmacy87@doctoraak.com', '123456', 1, '0', 0, 3, 'pharmacy.png', NULL, NULL),
(88, 'pharmacy88', NULL, NULL, '1572370335', NULL, 'address88', NULL, NULL, '31.089397427971', NULL, '29.846805022494', NULL, 'pharmacy88@doctoraak.com', '123456', 1, '0', 0, 3, 'pharmacy.png', NULL, NULL),
(89, 'pharmacy89', NULL, NULL, '1572370337', NULL, 'address89', NULL, NULL, '31.094790018616', NULL, '30.027242473908', NULL, 'pharmacy89@doctoraak.com', '123456', 1, '0', 0, 1, 'pharmacy.png', NULL, NULL),
(90, 'pharmacy90', NULL, NULL, '1572370339', NULL, 'address90', NULL, NULL, '31.131299468366', NULL, '29.972904792718', NULL, 'pharmacy90@doctoraak.com', '123456', 1, '0', 0, 4, 'pharmacy.png', NULL, NULL),
(91, 'pharmacy91', NULL, NULL, '1572370340', NULL, 'address91', NULL, NULL, '31.005666359793', NULL, '29.949237364155', NULL, 'pharmacy91@doctoraak.com', '123456', 1, '0', 0, 5, 'pharmacy.png', NULL, NULL),
(92, 'pharmacy92', NULL, NULL, '1572370343', NULL, 'address92', NULL, NULL, '31.147931658981', NULL, '30.065524634561', NULL, 'pharmacy92@doctoraak.com', '123456', 1, '0', 0, 4, 'pharmacy.png', NULL, NULL),
(93, 'pharmacy93', NULL, NULL, '1572370344', NULL, 'address93', NULL, NULL, '31.070930715529', NULL, '30.040219380473', NULL, 'pharmacy93@doctoraak.com', '123456', 1, '0', 0, 1, 'pharmacy.png', NULL, NULL),
(94, 'pharmacy94', NULL, NULL, '1572370346', NULL, 'address94', NULL, NULL, '31.137703575828', NULL, '29.997337764182', NULL, 'pharmacy94@doctoraak.com', '123456', 1, '0', 0, 2, 'pharmacy.png', NULL, NULL),
(95, 'pharmacy95', NULL, NULL, '1572370348', NULL, 'address95', NULL, NULL, '31.108260956097', NULL, '30.145901069553', NULL, 'pharmacy95@doctoraak.com', '123456', 1, '0', 0, 3, 'pharmacy.png', NULL, NULL),
(96, 'pharmacy96', NULL, NULL, '1572370350', NULL, 'address96', NULL, NULL, '31.273250678178', NULL, '30.111669837414', NULL, 'pharmacy96@doctoraak.com', '123456', 1, '0', 0, 2, 'pharmacy.png', NULL, NULL),
(97, 'pharmacy97', NULL, NULL, '1572370352', NULL, 'address97', NULL, NULL, '31.187803492046', NULL, '29.980771174296', NULL, 'pharmacy97@doctoraak.com', '123456', 1, '0', 0, 4, 'pharmacy.png', NULL, NULL),
(98, 'pharmacy98', NULL, NULL, '1572370353', NULL, 'address98', NULL, NULL, '31.441930981027', NULL, '29.931870455649', NULL, 'pharmacy98@doctoraak.com', '123456', 1, '0', 0, 3, 'pharmacy.png', NULL, NULL),
(99, 'pharmacy99', NULL, NULL, '1572370355', NULL, 'address99', NULL, NULL, '31.164427510845', NULL, '30.015550700943', NULL, 'pharmacy99@doctoraak.com', '123456', 1, '0', 0, 4, 'pharmacy.png', NULL, NULL),
(100, 'pharmacy100', NULL, NULL, '1572370356', NULL, 'address100', NULL, NULL, '31.14269679235', '123456', '29.970245729247', NULL, 'pharmacy100@doctoraak.com', '123456', 1, '0', 0, 4, 'pharmacy.png', NULL, NULL);

-- --------------------------------------------------------

--
-- Table structure for table `pharmacy_doctors`
--

CREATE TABLE `pharmacy_doctors` (
  `id` bigint(20) UNSIGNED NOT NULL,
  `name` varchar(191) COLLATE utf8mb4_unicode_ci NOT NULL,
  `name_ar` varchar(191) COLLATE utf8mb4_unicode_ci DEFAULT NULL,
  `name_fr` varchar(191) COLLATE utf8mb4_unicode_ci DEFAULT NULL,
  `username` varchar(191) COLLATE utf8mb4_unicode_ci NOT NULL,
  `password` varchar(191) COLLATE utf8mb4_unicode_ci NOT NULL,
  `created_at` timestamp NULL DEFAULT NULL,
  `updated_at` timestamp NULL DEFAULT NULL
) ENGINE=InnoDB DEFAULT CHARSET=utf8mb4 COLLATE=utf8mb4_unicode_ci;

--
-- Dumping data for table `pharmacy_doctors`
--

INSERT INTO `pharmacy_doctors` (`id`, `name`, `name_ar`, `name_fr`, `username`, `password`, `created_at`, `updated_at`) VALUES
(1, 'pharmacy_doctor1', NULL, NULL, 'pharmacy_doctor1', '123456', NULL, NULL),
(2, 'pharmacy_doctor2', NULL, NULL, 'pharmacy_doctor2', '123456', NULL, NULL),
(3, 'pharmacy_doctor3', NULL, NULL, 'pharmacy_doctor3', '123456', NULL, NULL),
(4, 'pharmacy_doctor4', NULL, NULL, 'pharmacy_doctor4', '123456', NULL, NULL),
(5, 'pharmacy_doctor5', NULL, NULL, 'pharmacy_doctor5', '123456', NULL, NULL);

-- --------------------------------------------------------

--
-- Table structure for table `pharmacy_insurances`
--

CREATE TABLE `pharmacy_insurances` (
  `id` bigint(20) UNSIGNED NOT NULL,
  `pharmacy_id` int(11) NOT NULL,
  `insurance_id` int(11) NOT NULL,
  `created_at` timestamp NULL DEFAULT NULL,
  `updated_at` timestamp NULL DEFAULT NULL
) ENGINE=InnoDB DEFAULT CHARSET=utf8mb4 COLLATE=utf8mb4_unicode_ci;

--
-- Dumping data for table `pharmacy_insurances`
--

INSERT INTO `pharmacy_insurances` (`id`, `pharmacy_id`, `insurance_id`, `created_at`, `updated_at`) VALUES
(1, 1, 2, NULL, NULL),
(2, 2, 4, NULL, NULL),
(3, 3, 5, NULL, NULL),
(4, 4, 3, NULL, NULL),
(5, 5, 2, NULL, NULL),
(6, 6, 3, NULL, NULL),
(7, 7, 3, NULL, NULL),
(8, 8, 4, NULL, NULL),
(9, 9, 5, NULL, NULL),
(10, 10, 3, NULL, NULL),
(11, 11, 1, NULL, NULL),
(12, 12, 5, NULL, NULL),
(13, 13, 4, NULL, NULL),
(14, 14, 4, NULL, NULL),
(15, 15, 1, NULL, NULL),
(16, 16, 3, NULL, NULL),
(17, 17, 3, NULL, NULL),
(18, 18, 3, NULL, NULL),
(19, 19, 2, NULL, NULL),
(20, 20, 2, NULL, NULL),
(21, 21, 4, NULL, NULL),
(22, 22, 3, NULL, NULL),
(23, 23, 1, NULL, NULL),
(24, 24, 3, NULL, NULL),
(25, 25, 2, NULL, NULL),
(26, 26, 4, NULL, NULL),
(27, 27, 3, NULL, NULL),
(28, 28, 1, NULL, NULL),
(29, 29, 4, NULL, NULL),
(30, 30, 3, NULL, NULL),
(31, 31, 4, NULL, NULL),
(32, 32, 4, NULL, NULL),
(33, 33, 3, NULL, NULL),
(34, 34, 2, NULL, NULL),
(35, 35, 2, NULL, NULL),
(36, 36, 3, NULL, NULL),
(37, 37, 3, NULL, NULL),
(38, 38, 5, NULL, NULL),
(39, 39, 1, NULL, NULL),
(40, 40, 1, NULL, NULL),
(41, 41, 3, NULL, NULL),
(42, 42, 5, NULL, NULL),
(43, 43, 2, NULL, NULL),
(44, 44, 3, NULL, NULL),
(45, 45, 1, NULL, NULL),
(46, 46, 3, NULL, NULL),
(47, 47, 3, NULL, NULL),
(48, 48, 4, NULL, NULL),
(49, 49, 4, NULL, NULL),
(50, 50, 3, NULL, NULL),
(51, 51, 3, NULL, NULL),
(52, 52, 4, NULL, NULL),
(53, 53, 2, NULL, NULL),
(54, 54, 4, NULL, NULL),
(55, 55, 4, NULL, NULL),
(56, 56, 3, NULL, NULL),
(57, 57, 3, NULL, NULL),
(58, 58, 2, NULL, NULL),
(59, 59, 3, NULL, NULL),
(60, 60, 4, NULL, NULL),
(61, 61, 4, NULL, NULL),
(62, 62, 5, NULL, NULL),
(63, 63, 1, NULL, NULL),
(64, 64, 3, NULL, NULL),
(65, 65, 3, NULL, NULL),
(66, 66, 1, NULL, NULL),
(67, 67, 4, NULL, NULL),
(68, 68, 1, NULL, NULL),
(69, 69, 2, NULL, NULL),
(70, 70, 1, NULL, NULL),
(71, 71, 2, NULL, NULL),
(72, 72, 5, NULL, NULL),
(73, 73, 5, NULL, NULL),
(74, 74, 4, NULL, NULL),
(75, 75, 5, NULL, NULL),
(76, 76, 1, NULL, NULL),
(77, 77, 1, NULL, NULL),
(78, 78, 3, NULL, NULL),
(79, 79, 4, NULL, NULL),
(80, 80, 3, NULL, NULL),
(81, 81, 3, NULL, NULL),
(82, 82, 2, NULL, NULL),
(83, 83, 2, NULL, NULL),
(84, 84, 2, NULL, NULL),
(85, 85, 2, NULL, NULL),
(86, 86, 2, NULL, NULL),
(87, 87, 3, NULL, NULL),
(88, 88, 1, NULL, NULL),
(89, 89, 2, NULL, NULL),
(90, 90, 1, NULL, NULL),
(91, 91, 3, NULL, NULL),
(92, 92, 3, NULL, NULL),
(93, 93, 4, NULL, NULL),
(94, 94, 1, NULL, NULL),
(95, 95, 2, NULL, NULL),
(96, 96, 3, NULL, NULL),
(97, 97, 2, NULL, NULL),
(98, 98, 4, NULL, NULL),
(99, 99, 1, NULL, NULL),
(100, 100, 5, NULL, NULL);

-- --------------------------------------------------------

--
-- Table structure for table `pharmacy_orders`
--

CREATE TABLE `pharmacy_orders` (
  `id` bigint(20) UNSIGNED NOT NULL,
  `pharmacy_id` int(11) DEFAULT NULL,
  `patient_id` int(11) NOT NULL,
  `notes` varchar(191) COLLATE utf8mb4_unicode_ci DEFAULT NULL,
  `photo` varchar(191) COLLATE utf8mb4_unicode_ci NOT NULL DEFAULT 'pharmacyorder.png',
  `insurance_accept` enum('accept','refused','required','notrequired') COLLATE utf8mb4_unicode_ci NOT NULL DEFAULT 'required',
  `insurance_code` varchar(191) COLLATE utf8mb4_unicode_ci DEFAULT NULL,
  `created_at` timestamp NULL DEFAULT NULL,
  `updated_at` timestamp NULL DEFAULT NULL
) ENGINE=InnoDB DEFAULT CHARSET=utf8mb4 COLLATE=utf8mb4_unicode_ci;

--
-- Dumping data for table `pharmacy_orders`
--

INSERT INTO `pharmacy_orders` (`id`, `pharmacy_id`, `patient_id`, `notes`, `photo`, `insurance_accept`, `insurance_code`, `created_at`, `updated_at`) VALUES
(1, 100, 1, NULL, 'pharmacyorder.png', 'required', NULL, '2019-10-30 02:49:09', '2019-10-30 03:17:55'),
(2, NULL, 1, NULL, 'pharmacyorder.png', 'required', NULL, '2019-10-30 03:14:18', '2019-10-30 03:14:18'),
(3, NULL, 1, NULL, 'pharmacyorder.png', 'required', NULL, '2019-10-30 03:14:22', '2019-10-30 03:14:22'),
(4, NULL, 1, NULL, 'pharmacyorder.png', 'required', NULL, '2019-10-30 03:14:25', '2019-10-30 03:14:25'),
(5, NULL, 1, NULL, 'pharmacyorder.png', 'required', NULL, '2019-10-30 03:14:27', '2019-10-30 03:14:27');

-- --------------------------------------------------------

--
-- Table structure for table `pharmacy_order_details`
--

CREATE TABLE `pharmacy_order_details` (
  `id` bigint(20) UNSIGNED NOT NULL,
  `pharmacy_order` int(11) NOT NULL,
  `medicine_id` int(11) NOT NULL,
  `amount` int(11) NOT NULL,
  `medicine_type_id` int(11) DEFAULT NULL,
  `created_at` timestamp NULL DEFAULT NULL,
  `updated_at` timestamp NULL DEFAULT NULL
) ENGINE=InnoDB DEFAULT CHARSET=utf8mb4 COLLATE=utf8mb4_unicode_ci;

--
-- Dumping data for table `pharmacy_order_details`
--

INSERT INTO `pharmacy_order_details` (`id`, `pharmacy_order`, `medicine_id`, `amount`, `medicine_type_id`, `created_at`, `updated_at`) VALUES
(1, 1, 1, 2, 1, '2019-10-30 02:49:09', '2019-10-30 02:49:09'),
(2, 1, 1, 2, 1, '2019-10-30 02:49:09', '2019-10-30 02:49:09'),
(3, 1, 1, 2, 1, '2019-10-30 02:49:10', '2019-10-30 02:49:10'),
(4, 1, 1, 2, 1, '2019-10-30 02:49:10', '2019-10-30 02:49:10'),
(5, 1, 1, 2, 1, '2019-10-30 02:49:10', '2019-10-30 02:49:10'),
(6, 1, 1, 2, 1, '2019-10-30 02:49:10', '2019-10-30 02:49:10'),
(7, 1, 1, 2, 1, '2019-10-30 02:49:10', '2019-10-30 02:49:10'),
(8, 1, 1, 2, 1, '2019-10-30 02:49:10', '2019-10-30 02:49:10'),
(9, 1, 1, 2, 1, '2019-10-30 02:49:10', '2019-10-30 02:49:10'),
(10, 1, 2, 1, 2, '2019-10-30 02:49:10', '2019-10-30 02:49:10'),
(11, 2, 1, 2, 1, '2019-10-30 03:14:18', '2019-10-30 03:14:18'),
(12, 2, 1, 2, 1, '2019-10-30 03:14:18', '2019-10-30 03:14:18'),
(13, 2, 1, 2, 1, '2019-10-30 03:14:18', '2019-10-30 03:14:18'),
(14, 2, 1, 2, 1, '2019-10-30 03:14:19', '2019-10-30 03:14:19'),
(15, 2, 1, 2, 1, '2019-10-30 03:14:19', '2019-10-30 03:14:19'),
(16, 2, 1, 2, 1, '2019-10-30 03:14:19', '2019-10-30 03:14:19'),
(17, 2, 1, 2, 1, '2019-10-30 03:14:19', '2019-10-30 03:14:19'),
(18, 2, 1, 2, 1, '2019-10-30 03:14:19', '2019-10-30 03:14:19'),
(19, 2, 1, 2, 1, '2019-10-30 03:14:19', '2019-10-30 03:14:19'),
(20, 2, 2, 1, 2, '2019-10-30 03:14:19', '2019-10-30 03:14:19'),
(21, 3, 1, 2, 1, '2019-10-30 03:14:22', '2019-10-30 03:14:22'),
(22, 3, 1, 2, 1, '2019-10-30 03:14:22', '2019-10-30 03:14:22'),
(23, 3, 1, 2, 1, '2019-10-30 03:14:22', '2019-10-30 03:14:22'),
(24, 3, 1, 2, 1, '2019-10-30 03:14:22', '2019-10-30 03:14:22'),
(25, 3, 1, 2, 1, '2019-10-30 03:14:22', '2019-10-30 03:14:22'),
(26, 3, 1, 2, 1, '2019-10-30 03:14:22', '2019-10-30 03:14:22'),
(27, 3, 1, 2, 1, '2019-10-30 03:14:22', '2019-10-30 03:14:22'),
(28, 3, 1, 2, 1, '2019-10-30 03:14:22', '2019-10-30 03:14:22'),
(29, 3, 1, 2, 1, '2019-10-30 03:14:22', '2019-10-30 03:14:22'),
(30, 3, 2, 1, 2, '2019-10-30 03:14:22', '2019-10-30 03:14:22'),
(31, 4, 1, 2, 1, '2019-10-30 03:14:25', '2019-10-30 03:14:25'),
(32, 4, 1, 2, 1, '2019-10-30 03:14:25', '2019-10-30 03:14:25'),
(33, 4, 1, 2, 1, '2019-10-30 03:14:25', '2019-10-30 03:14:25'),
(34, 4, 1, 2, 1, '2019-10-30 03:14:25', '2019-10-30 03:14:25'),
(35, 4, 1, 2, 1, '2019-10-30 03:14:25', '2019-10-30 03:14:25'),
(36, 4, 1, 2, 1, '2019-10-30 03:14:25', '2019-10-30 03:14:25'),
(37, 4, 1, 2, 1, '2019-10-30 03:14:25', '2019-10-30 03:14:25'),
(38, 4, 1, 2, 1, '2019-10-30 03:14:25', '2019-10-30 03:14:25'),
(39, 4, 1, 2, 1, '2019-10-30 03:14:25', '2019-10-30 03:14:25'),
(40, 4, 2, 1, 2, '2019-10-30 03:14:26', '2019-10-30 03:14:26'),
(41, 5, 1, 2, 1, '2019-10-30 03:14:27', '2019-10-30 03:14:27'),
(42, 5, 1, 2, 1, '2019-10-30 03:14:27', '2019-10-30 03:14:27'),
(43, 5, 1, 2, 1, '2019-10-30 03:14:27', '2019-10-30 03:14:27'),
(44, 5, 1, 2, 1, '2019-10-30 03:14:27', '2019-10-30 03:14:27'),
(45, 5, 1, 2, 1, '2019-10-30 03:14:27', '2019-10-30 03:14:27'),
(46, 5, 1, 2, 1, '2019-10-30 03:14:27', '2019-10-30 03:14:27'),
(47, 5, 1, 2, 1, '2019-10-30 03:14:27', '2019-10-30 03:14:27'),
(48, 5, 1, 2, 1, '2019-10-30 03:14:27', '2019-10-30 03:14:27'),
(49, 5, 1, 2, 1, '2019-10-30 03:14:27', '2019-10-30 03:14:27'),
(50, 5, 2, 1, 2, '2019-10-30 03:14:28', '2019-10-30 03:14:28');

-- --------------------------------------------------------

--
-- Table structure for table `pharmacy_requests`
--

CREATE TABLE `pharmacy_requests` (
  `id` bigint(20) UNSIGNED NOT NULL,
  `pharmacy_order_id` int(11) NOT NULL,
  `pharmacy_id` int(11) NOT NULL,
  `accept` enum('1','0') COLLATE utf8mb4_unicode_ci NOT NULL DEFAULT '0',
  `created_at` timestamp NULL DEFAULT NULL,
  `updated_at` timestamp NULL DEFAULT NULL
) ENGINE=InnoDB DEFAULT CHARSET=utf8mb4 COLLATE=utf8mb4_unicode_ci;

--
-- Dumping data for table `pharmacy_requests`
--

INSERT INTO `pharmacy_requests` (`id`, `pharmacy_order_id`, `pharmacy_id`, `accept`, `created_at`, `updated_at`) VALUES
(1, 1, 100, '1', '2019-10-30 02:49:10', '2019-10-30 03:17:55'),
(2, 2, 100, '0', '2019-10-30 03:14:19', '2019-10-30 03:14:19'),
(3, 3, 100, '0', '2019-10-30 03:14:22', '2019-10-30 03:14:22'),
(4, 4, 100, '0', '2019-10-30 03:14:26', '2019-10-30 03:14:26'),
(5, 5, 100, '0', '2019-10-30 03:14:28', '2019-10-30 03:14:28');

-- --------------------------------------------------------

--
-- Table structure for table `pharmacy_working_hours`
--

CREATE TABLE `pharmacy_working_hours` (
  `id` bigint(20) UNSIGNED NOT NULL,
  `pharmacy_id` int(11) DEFAULT NULL,
  `day` int(11) NOT NULL,
  `part_from` time DEFAULT NULL,
  `part_to` time DEFAULT NULL,
  `active` tinyint(1) NOT NULL DEFAULT 0,
  `created_at` timestamp NULL DEFAULT NULL,
  `updated_at` timestamp NULL DEFAULT NULL
) ENGINE=InnoDB DEFAULT CHARSET=utf8mb4 COLLATE=utf8mb4_unicode_ci;

--
-- Dumping data for table `pharmacy_working_hours`
--

INSERT INTO `pharmacy_working_hours` (`id`, `pharmacy_id`, `day`, `part_from`, `part_to`, `active`, `created_at`, `updated_at`) VALUES
(1, 1, 1, '09:00:00', '23:00:00', 1, NULL, NULL),
(2, 1, 2, '08:00:00', '23:00:00', 1, NULL, NULL),
(3, 1, 3, '09:00:00', '22:00:00', 1, NULL, NULL),
(4, 1, 4, '09:00:00', '23:00:00', 1, NULL, NULL),
(5, 1, 5, '08:00:00', '21:00:00', 1, NULL, NULL),
(6, 1, 6, '07:00:00', '23:00:00', 0, NULL, NULL),
(7, 1, 7, '07:00:00', '20:00:00', 0, NULL, NULL),
(8, 2, 1, '07:00:00', '23:00:00', 1, NULL, NULL),
(9, 2, 2, '08:00:00', '21:00:00', 1, NULL, NULL),
(10, 2, 3, '09:00:00', '20:00:00', 1, NULL, NULL),
(11, 2, 4, '08:00:00', '22:00:00', 1, NULL, NULL),
(12, 2, 5, '09:00:00', '23:00:00', 1, NULL, NULL),
(13, 2, 6, '07:00:00', '22:00:00', 0, NULL, NULL),
(14, 2, 7, '09:00:00', '20:00:00', 0, NULL, NULL),
(15, 3, 1, '07:00:00', '20:00:00', 1, NULL, NULL),
(16, 3, 2, '08:00:00', '22:00:00', 1, NULL, NULL),
(17, 3, 3, '08:00:00', '21:00:00', 1, NULL, NULL),
(18, 3, 4, '09:00:00', '23:00:00', 1, NULL, NULL),
(19, 3, 5, '08:00:00', '21:00:00', 1, NULL, NULL),
(20, 3, 6, '08:00:00', '20:00:00', 0, NULL, NULL),
(21, 3, 7, '09:00:00', '22:00:00', 0, NULL, NULL),
(22, 4, 1, '08:00:00', '22:00:00', 1, NULL, NULL),
(23, 4, 2, '08:00:00', '22:00:00', 1, NULL, NULL),
(24, 4, 3, '07:00:00', '23:00:00', 1, NULL, NULL),
(25, 4, 4, '09:00:00', '23:00:00', 1, NULL, NULL),
(26, 4, 5, '09:00:00', '21:00:00', 1, NULL, NULL),
(27, 4, 6, '08:00:00', '21:00:00', 0, NULL, NULL),
(28, 4, 7, '09:00:00', '21:00:00', 0, NULL, NULL),
(29, 5, 1, '07:00:00', '20:00:00', 1, NULL, NULL),
(30, 5, 2, '09:00:00', '22:00:00', 1, NULL, NULL),
(31, 5, 3, '08:00:00', '23:00:00', 1, NULL, NULL),
(32, 5, 4, '08:00:00', '21:00:00', 1, NULL, NULL),
(33, 5, 5, '08:00:00', '21:00:00', 1, NULL, NULL),
(34, 5, 6, '08:00:00', '23:00:00', 0, NULL, NULL),
(35, 5, 7, '09:00:00', '23:00:00', 0, NULL, NULL),
(36, 6, 1, '09:00:00', '20:00:00', 1, NULL, NULL),
(37, 6, 2, '08:00:00', '22:00:00', 1, NULL, NULL),
(38, 6, 3, '07:00:00', '23:00:00', 1, NULL, NULL),
(39, 6, 4, '07:00:00', '23:00:00', 1, NULL, NULL),
(40, 6, 5, '09:00:00', '22:00:00', 1, NULL, NULL),
(41, 6, 6, '09:00:00', '22:00:00', 0, NULL, NULL),
(42, 6, 7, '09:00:00', '23:00:00', 0, NULL, NULL),
(43, 7, 1, '09:00:00', '20:00:00', 1, NULL, NULL),
(44, 7, 2, '09:00:00', '22:00:00', 1, NULL, NULL),
(45, 7, 3, '07:00:00', '22:00:00', 1, NULL, NULL),
(46, 7, 4, '08:00:00', '22:00:00', 1, NULL, NULL),
(47, 7, 5, '09:00:00', '22:00:00', 1, NULL, NULL),
(48, 7, 6, '08:00:00', '20:00:00', 0, NULL, NULL),
(49, 7, 7, '08:00:00', '20:00:00', 0, NULL, NULL),
(50, 8, 1, '07:00:00', '21:00:00', 1, NULL, NULL),
(51, 8, 2, '09:00:00', '20:00:00', 1, NULL, NULL),
(52, 8, 3, '07:00:00', '23:00:00', 1, NULL, NULL),
(53, 8, 4, '07:00:00', '23:00:00', 1, NULL, NULL),
(54, 8, 5, '07:00:00', '21:00:00', 1, NULL, NULL),
(55, 8, 6, '07:00:00', '22:00:00', 0, NULL, NULL),
(56, 8, 7, '09:00:00', '22:00:00', 0, NULL, NULL),
(57, 9, 1, '09:00:00', '23:00:00', 1, NULL, NULL),
(58, 9, 2, '07:00:00', '20:00:00', 1, NULL, NULL),
(59, 9, 3, '08:00:00', '22:00:00', 1, NULL, NULL),
(60, 9, 4, '09:00:00', '22:00:00', 1, NULL, NULL),
(61, 9, 5, '07:00:00', '23:00:00', 1, NULL, NULL),
(62, 9, 6, '07:00:00', '21:00:00', 0, NULL, NULL),
(63, 9, 7, '07:00:00', '23:00:00', 0, NULL, NULL),
(64, 10, 1, '07:00:00', '23:00:00', 1, NULL, NULL),
(65, 10, 2, '07:00:00', '22:00:00', 1, NULL, NULL),
(66, 10, 3, '07:00:00', '20:00:00', 1, NULL, NULL),
(67, 10, 4, '09:00:00', '22:00:00', 1, NULL, NULL),
(68, 10, 5, '09:00:00', '22:00:00', 1, NULL, NULL),
(69, 10, 6, '07:00:00', '20:00:00', 0, NULL, NULL),
(70, 10, 7, '07:00:00', '23:00:00', 0, NULL, NULL),
(71, 11, 1, '08:00:00', '23:00:00', 1, NULL, NULL),
(72, 11, 2, '08:00:00', '21:00:00', 1, NULL, NULL),
(73, 11, 3, '07:00:00', '21:00:00', 1, NULL, NULL),
(74, 11, 4, '07:00:00', '22:00:00', 1, NULL, NULL),
(75, 11, 5, '09:00:00', '21:00:00', 1, NULL, NULL),
(76, 11, 6, '07:00:00', '22:00:00', 0, NULL, NULL),
(77, 11, 7, '08:00:00', '23:00:00', 0, NULL, NULL),
(78, 12, 1, '09:00:00', '23:00:00', 1, NULL, NULL),
(79, 12, 2, '08:00:00', '21:00:00', 1, NULL, NULL),
(80, 12, 3, '08:00:00', '20:00:00', 1, NULL, NULL),
(81, 12, 4, '08:00:00', '23:00:00', 1, NULL, NULL),
(82, 12, 5, '08:00:00', '21:00:00', 1, NULL, NULL),
(83, 12, 6, '07:00:00', '23:00:00', 0, NULL, NULL),
(84, 12, 7, '09:00:00', '23:00:00', 0, NULL, NULL),
(85, 13, 1, '07:00:00', '22:00:00', 1, NULL, NULL),
(86, 13, 2, '08:00:00', '23:00:00', 1, NULL, NULL),
(87, 13, 3, '09:00:00', '20:00:00', 1, NULL, NULL),
(88, 13, 4, '09:00:00', '20:00:00', 1, NULL, NULL),
(89, 13, 5, '08:00:00', '20:00:00', 1, NULL, NULL),
(90, 13, 6, '08:00:00', '20:00:00', 0, NULL, NULL),
(91, 13, 7, '09:00:00', '21:00:00', 0, NULL, NULL),
(92, 14, 1, '08:00:00', '22:00:00', 1, NULL, NULL),
(93, 14, 2, '07:00:00', '21:00:00', 1, NULL, NULL),
(94, 14, 3, '07:00:00', '21:00:00', 1, NULL, NULL),
(95, 14, 4, '07:00:00', '22:00:00', 1, NULL, NULL),
(96, 14, 5, '07:00:00', '21:00:00', 1, NULL, NULL),
(97, 14, 6, '07:00:00', '23:00:00', 0, NULL, NULL),
(98, 14, 7, '09:00:00', '21:00:00', 0, NULL, NULL),
(99, 15, 1, '09:00:00', '21:00:00', 1, NULL, NULL),
(100, 15, 2, '09:00:00', '21:00:00', 1, NULL, NULL),
(101, 15, 3, '08:00:00', '23:00:00', 1, NULL, NULL),
(102, 15, 4, '08:00:00', '22:00:00', 1, NULL, NULL),
(103, 15, 5, '09:00:00', '20:00:00', 1, NULL, NULL),
(104, 15, 6, '08:00:00', '23:00:00', 0, NULL, NULL),
(105, 15, 7, '09:00:00', '20:00:00', 0, NULL, NULL),
(106, 16, 1, '07:00:00', '22:00:00', 1, NULL, NULL),
(107, 16, 2, '07:00:00', '23:00:00', 1, NULL, NULL),
(108, 16, 3, '08:00:00', '23:00:00', 1, NULL, NULL),
(109, 16, 4, '08:00:00', '21:00:00', 1, NULL, NULL),
(110, 16, 5, '09:00:00', '21:00:00', 1, NULL, NULL),
(111, 16, 6, '08:00:00', '21:00:00', 0, NULL, NULL),
(112, 16, 7, '09:00:00', '20:00:00', 0, NULL, NULL),
(113, 17, 1, '07:00:00', '23:00:00', 1, NULL, NULL),
(114, 17, 2, '08:00:00', '20:00:00', 1, NULL, NULL),
(115, 17, 3, '09:00:00', '22:00:00', 1, NULL, NULL),
(116, 17, 4, '09:00:00', '21:00:00', 1, NULL, NULL),
(117, 17, 5, '09:00:00', '20:00:00', 1, NULL, NULL),
(118, 17, 6, '07:00:00', '20:00:00', 0, NULL, NULL),
(119, 17, 7, '07:00:00', '23:00:00', 0, NULL, NULL),
(120, 18, 1, '08:00:00', '21:00:00', 1, NULL, NULL),
(121, 18, 2, '09:00:00', '23:00:00', 1, NULL, NULL),
(122, 18, 3, '07:00:00', '21:00:00', 1, NULL, NULL),
(123, 18, 4, '07:00:00', '20:00:00', 1, NULL, NULL),
(124, 18, 5, '08:00:00', '23:00:00', 1, NULL, NULL),
(125, 18, 6, '09:00:00', '21:00:00', 0, NULL, NULL),
(126, 18, 7, '07:00:00', '21:00:00', 0, NULL, NULL),
(127, 19, 1, '08:00:00', '23:00:00', 1, NULL, NULL),
(128, 19, 2, '07:00:00', '20:00:00', 1, NULL, NULL),
(129, 19, 3, '07:00:00', '23:00:00', 1, NULL, NULL),
(130, 19, 4, '08:00:00', '22:00:00', 1, NULL, NULL),
(131, 19, 5, '07:00:00', '22:00:00', 1, NULL, NULL),
(132, 19, 6, '08:00:00', '20:00:00', 0, NULL, NULL),
(133, 19, 7, '07:00:00', '23:00:00', 0, NULL, NULL),
(134, 20, 1, '08:00:00', '22:00:00', 1, NULL, NULL),
(135, 20, 2, '09:00:00', '21:00:00', 1, NULL, NULL),
(136, 20, 3, '07:00:00', '21:00:00', 1, NULL, NULL),
(137, 20, 4, '07:00:00', '23:00:00', 1, NULL, NULL),
(138, 20, 5, '08:00:00', '21:00:00', 1, NULL, NULL),
(139, 20, 6, '07:00:00', '20:00:00', 0, NULL, NULL),
(140, 20, 7, '09:00:00', '20:00:00', 0, NULL, NULL),
(141, 21, 1, '09:00:00', '23:00:00', 1, NULL, NULL),
(142, 21, 2, '08:00:00', '21:00:00', 1, NULL, NULL),
(143, 21, 3, '07:00:00', '21:00:00', 1, NULL, NULL),
(144, 21, 4, '09:00:00', '23:00:00', 1, NULL, NULL),
(145, 21, 5, '08:00:00', '21:00:00', 1, NULL, NULL),
(146, 21, 6, '08:00:00', '23:00:00', 0, NULL, NULL),
(147, 21, 7, '09:00:00', '23:00:00', 0, NULL, NULL),
(148, 22, 1, '09:00:00', '21:00:00', 1, NULL, NULL),
(149, 22, 2, '09:00:00', '22:00:00', 1, NULL, NULL),
(150, 22, 3, '08:00:00', '21:00:00', 1, NULL, NULL),
(151, 22, 4, '07:00:00', '20:00:00', 1, NULL, NULL),
(152, 22, 5, '07:00:00', '20:00:00', 1, NULL, NULL),
(153, 22, 6, '07:00:00', '20:00:00', 0, NULL, NULL),
(154, 22, 7, '07:00:00', '21:00:00', 0, NULL, NULL),
(155, 23, 1, '08:00:00', '22:00:00', 1, NULL, NULL),
(156, 23, 2, '09:00:00', '23:00:00', 1, NULL, NULL),
(157, 23, 3, '07:00:00', '22:00:00', 1, NULL, NULL),
(158, 23, 4, '09:00:00', '20:00:00', 1, NULL, NULL),
(159, 23, 5, '09:00:00', '23:00:00', 1, NULL, NULL),
(160, 23, 6, '09:00:00', '23:00:00', 0, NULL, NULL),
(161, 23, 7, '08:00:00', '22:00:00', 0, NULL, NULL),
(162, 24, 1, '07:00:00', '22:00:00', 1, NULL, NULL),
(163, 24, 2, '08:00:00', '23:00:00', 1, NULL, NULL),
(164, 24, 3, '08:00:00', '20:00:00', 1, NULL, NULL),
(165, 24, 4, '08:00:00', '21:00:00', 1, NULL, NULL),
(166, 24, 5, '09:00:00', '20:00:00', 1, NULL, NULL),
(167, 24, 6, '09:00:00', '20:00:00', 0, NULL, NULL),
(168, 24, 7, '08:00:00', '23:00:00', 0, NULL, NULL),
(169, 25, 1, '08:00:00', '22:00:00', 1, NULL, NULL),
(170, 25, 2, '08:00:00', '21:00:00', 1, NULL, NULL),
(171, 25, 3, '09:00:00', '23:00:00', 1, NULL, NULL),
(172, 25, 4, '08:00:00', '20:00:00', 1, NULL, NULL),
(173, 25, 5, '07:00:00', '20:00:00', 1, NULL, NULL),
(174, 25, 6, '08:00:00', '20:00:00', 0, NULL, NULL),
(175, 25, 7, '07:00:00', '22:00:00', 0, NULL, NULL),
(176, 26, 1, '08:00:00', '23:00:00', 1, NULL, NULL),
(177, 26, 2, '09:00:00', '21:00:00', 1, NULL, NULL),
(178, 26, 3, '08:00:00', '20:00:00', 1, NULL, NULL),
(179, 26, 4, '09:00:00', '20:00:00', 1, NULL, NULL),
(180, 26, 5, '07:00:00', '23:00:00', 1, NULL, NULL),
(181, 26, 6, '08:00:00', '20:00:00', 0, NULL, NULL),
(182, 26, 7, '09:00:00', '21:00:00', 0, NULL, NULL),
(183, 27, 1, '09:00:00', '23:00:00', 1, NULL, NULL),
(184, 27, 2, '09:00:00', '22:00:00', 1, NULL, NULL),
(185, 27, 3, '08:00:00', '20:00:00', 1, NULL, NULL),
(186, 27, 4, '08:00:00', '21:00:00', 1, NULL, NULL),
(187, 27, 5, '07:00:00', '21:00:00', 1, NULL, NULL),
(188, 27, 6, '08:00:00', '23:00:00', 0, NULL, NULL),
(189, 27, 7, '09:00:00', '22:00:00', 0, NULL, NULL),
(190, 28, 1, '09:00:00', '23:00:00', 1, NULL, NULL),
(191, 28, 2, '08:00:00', '23:00:00', 1, NULL, NULL),
(192, 28, 3, '08:00:00', '23:00:00', 1, NULL, NULL),
(193, 28, 4, '08:00:00', '21:00:00', 1, NULL, NULL),
(194, 28, 5, '08:00:00', '20:00:00', 1, NULL, NULL),
(195, 28, 6, '07:00:00', '21:00:00', 0, NULL, NULL),
(196, 28, 7, '09:00:00', '20:00:00', 0, NULL, NULL),
(197, 29, 1, '07:00:00', '23:00:00', 1, NULL, NULL),
(198, 29, 2, '07:00:00', '22:00:00', 1, NULL, NULL),
(199, 29, 3, '08:00:00', '22:00:00', 1, NULL, NULL),
(200, 29, 4, '08:00:00', '23:00:00', 1, NULL, NULL),
(201, 29, 5, '08:00:00', '23:00:00', 1, NULL, NULL),
(202, 29, 6, '08:00:00', '23:00:00', 0, NULL, NULL),
(203, 29, 7, '08:00:00', '22:00:00', 0, NULL, NULL),
(204, 30, 1, '09:00:00', '20:00:00', 1, NULL, NULL),
(205, 30, 2, '08:00:00', '23:00:00', 1, NULL, NULL),
(206, 30, 3, '08:00:00', '20:00:00', 1, NULL, NULL),
(207, 30, 4, '09:00:00', '22:00:00', 1, NULL, NULL),
(208, 30, 5, '07:00:00', '22:00:00', 1, NULL, NULL),
(209, 30, 6, '07:00:00', '23:00:00', 0, NULL, NULL),
(210, 30, 7, '09:00:00', '23:00:00', 0, NULL, NULL),
(211, 31, 1, '08:00:00', '22:00:00', 1, NULL, NULL),
(212, 31, 2, '09:00:00', '22:00:00', 1, NULL, NULL),
(213, 31, 3, '08:00:00', '23:00:00', 1, NULL, NULL),
(214, 31, 4, '08:00:00', '21:00:00', 1, NULL, NULL),
(215, 31, 5, '09:00:00', '23:00:00', 1, NULL, NULL),
(216, 31, 6, '08:00:00', '20:00:00', 0, NULL, NULL),
(217, 31, 7, '08:00:00', '20:00:00', 0, NULL, NULL),
(218, 32, 1, '09:00:00', '20:00:00', 1, NULL, NULL),
(219, 32, 2, '09:00:00', '20:00:00', 1, NULL, NULL),
(220, 32, 3, '07:00:00', '21:00:00', 1, NULL, NULL),
(221, 32, 4, '09:00:00', '20:00:00', 1, NULL, NULL),
(222, 32, 5, '08:00:00', '21:00:00', 1, NULL, NULL),
(223, 32, 6, '08:00:00', '22:00:00', 0, NULL, NULL),
(224, 32, 7, '09:00:00', '21:00:00', 0, NULL, NULL),
(225, 33, 1, '09:00:00', '23:00:00', 1, NULL, NULL),
(226, 33, 2, '09:00:00', '23:00:00', 1, NULL, NULL),
(227, 33, 3, '07:00:00', '23:00:00', 1, NULL, NULL),
(228, 33, 4, '07:00:00', '23:00:00', 1, NULL, NULL),
(229, 33, 5, '09:00:00', '21:00:00', 1, NULL, NULL),
(230, 33, 6, '09:00:00', '22:00:00', 0, NULL, NULL),
(231, 33, 7, '07:00:00', '20:00:00', 0, NULL, NULL),
(232, 34, 1, '07:00:00', '22:00:00', 1, NULL, NULL),
(233, 34, 2, '09:00:00', '20:00:00', 1, NULL, NULL),
(234, 34, 3, '09:00:00', '23:00:00', 1, NULL, NULL),
(235, 34, 4, '08:00:00', '22:00:00', 1, NULL, NULL),
(236, 34, 5, '09:00:00', '22:00:00', 1, NULL, NULL),
(237, 34, 6, '07:00:00', '21:00:00', 0, NULL, NULL),
(238, 34, 7, '07:00:00', '20:00:00', 0, NULL, NULL),
(239, 35, 1, '08:00:00', '20:00:00', 1, NULL, NULL),
(240, 35, 2, '08:00:00', '21:00:00', 1, NULL, NULL),
(241, 35, 3, '08:00:00', '20:00:00', 1, NULL, NULL),
(242, 35, 4, '08:00:00', '20:00:00', 1, NULL, NULL),
(243, 35, 5, '08:00:00', '22:00:00', 1, NULL, NULL),
(244, 35, 6, '08:00:00', '20:00:00', 0, NULL, NULL),
(245, 35, 7, '09:00:00', '20:00:00', 0, NULL, NULL),
(246, 36, 1, '09:00:00', '23:00:00', 1, NULL, NULL),
(247, 36, 2, '07:00:00', '23:00:00', 1, NULL, NULL),
(248, 36, 3, '08:00:00', '22:00:00', 1, NULL, NULL),
(249, 36, 4, '08:00:00', '21:00:00', 1, NULL, NULL),
(250, 36, 5, '07:00:00', '20:00:00', 1, NULL, NULL),
(251, 36, 6, '07:00:00', '20:00:00', 0, NULL, NULL),
(252, 36, 7, '09:00:00', '22:00:00', 0, NULL, NULL),
(253, 37, 1, '09:00:00', '22:00:00', 1, NULL, NULL),
(254, 37, 2, '09:00:00', '22:00:00', 1, NULL, NULL),
(255, 37, 3, '09:00:00', '23:00:00', 1, NULL, NULL),
(256, 37, 4, '07:00:00', '23:00:00', 1, NULL, NULL),
(257, 37, 5, '09:00:00', '20:00:00', 1, NULL, NULL),
(258, 37, 6, '08:00:00', '20:00:00', 0, NULL, NULL),
(259, 37, 7, '09:00:00', '23:00:00', 0, NULL, NULL),
(260, 38, 1, '07:00:00', '23:00:00', 1, NULL, NULL),
(261, 38, 2, '09:00:00', '20:00:00', 1, NULL, NULL),
(262, 38, 3, '09:00:00', '20:00:00', 1, NULL, NULL),
(263, 38, 4, '09:00:00', '23:00:00', 1, NULL, NULL),
(264, 38, 5, '08:00:00', '23:00:00', 1, NULL, NULL),
(265, 38, 6, '07:00:00', '23:00:00', 0, NULL, NULL),
(266, 38, 7, '08:00:00', '22:00:00', 0, NULL, NULL),
(267, 39, 1, '08:00:00', '21:00:00', 1, NULL, NULL),
(268, 39, 2, '07:00:00', '23:00:00', 1, NULL, NULL),
(269, 39, 3, '07:00:00', '23:00:00', 1, NULL, NULL),
(270, 39, 4, '09:00:00', '21:00:00', 1, NULL, NULL),
(271, 39, 5, '09:00:00', '20:00:00', 1, NULL, NULL),
(272, 39, 6, '09:00:00', '22:00:00', 0, NULL, NULL),
(273, 39, 7, '09:00:00', '23:00:00', 0, NULL, NULL),
(274, 40, 1, '09:00:00', '22:00:00', 1, NULL, NULL),
(275, 40, 2, '09:00:00', '21:00:00', 1, NULL, NULL),
(276, 40, 3, '08:00:00', '22:00:00', 1, NULL, NULL),
(277, 40, 4, '07:00:00', '22:00:00', 1, NULL, NULL),
(278, 40, 5, '07:00:00', '21:00:00', 1, NULL, NULL),
(279, 40, 6, '08:00:00', '20:00:00', 0, NULL, NULL),
(280, 40, 7, '08:00:00', '22:00:00', 0, NULL, NULL),
(281, 41, 1, '08:00:00', '22:00:00', 1, NULL, NULL),
(282, 41, 2, '09:00:00', '23:00:00', 1, NULL, NULL),
(283, 41, 3, '07:00:00', '23:00:00', 1, NULL, NULL),
(284, 41, 4, '08:00:00', '22:00:00', 1, NULL, NULL),
(285, 41, 5, '07:00:00', '23:00:00', 1, NULL, NULL),
(286, 41, 6, '08:00:00', '20:00:00', 0, NULL, NULL),
(287, 41, 7, '09:00:00', '20:00:00', 0, NULL, NULL),
(288, 42, 1, '09:00:00', '23:00:00', 1, NULL, NULL),
(289, 42, 2, '07:00:00', '23:00:00', 1, NULL, NULL),
(290, 42, 3, '08:00:00', '22:00:00', 1, NULL, NULL),
(291, 42, 4, '07:00:00', '21:00:00', 1, NULL, NULL),
(292, 42, 5, '08:00:00', '21:00:00', 1, NULL, NULL),
(293, 42, 6, '08:00:00', '22:00:00', 0, NULL, NULL),
(294, 42, 7, '09:00:00', '20:00:00', 0, NULL, NULL),
(295, 43, 1, '09:00:00', '22:00:00', 1, NULL, NULL),
(296, 43, 2, '08:00:00', '20:00:00', 1, NULL, NULL),
(297, 43, 3, '08:00:00', '23:00:00', 1, NULL, NULL),
(298, 43, 4, '08:00:00', '22:00:00', 1, NULL, NULL),
(299, 43, 5, '07:00:00', '23:00:00', 1, NULL, NULL),
(300, 43, 6, '09:00:00', '22:00:00', 0, NULL, NULL),
(301, 43, 7, '09:00:00', '23:00:00', 0, NULL, NULL),
(302, 44, 1, '09:00:00', '20:00:00', 1, NULL, NULL),
(303, 44, 2, '09:00:00', '20:00:00', 1, NULL, NULL),
(304, 44, 3, '08:00:00', '23:00:00', 1, NULL, NULL),
(305, 44, 4, '07:00:00', '20:00:00', 1, NULL, NULL),
(306, 44, 5, '08:00:00', '22:00:00', 1, NULL, NULL),
(307, 44, 6, '09:00:00', '21:00:00', 0, NULL, NULL),
(308, 44, 7, '08:00:00', '23:00:00', 0, NULL, NULL),
(309, 45, 1, '07:00:00', '23:00:00', 1, NULL, NULL),
(310, 45, 2, '07:00:00', '23:00:00', 1, NULL, NULL),
(311, 45, 3, '07:00:00', '23:00:00', 1, NULL, NULL),
(312, 45, 4, '07:00:00', '22:00:00', 1, NULL, NULL),
(313, 45, 5, '07:00:00', '23:00:00', 1, NULL, NULL),
(314, 45, 6, '09:00:00', '23:00:00', 0, NULL, NULL),
(315, 45, 7, '07:00:00', '20:00:00', 0, NULL, NULL),
(316, 46, 1, '08:00:00', '20:00:00', 1, NULL, NULL),
(317, 46, 2, '09:00:00', '20:00:00', 1, NULL, NULL),
(318, 46, 3, '07:00:00', '23:00:00', 1, NULL, NULL),
(319, 46, 4, '07:00:00', '20:00:00', 1, NULL, NULL),
(320, 46, 5, '07:00:00', '21:00:00', 1, NULL, NULL),
(321, 46, 6, '08:00:00', '20:00:00', 0, NULL, NULL),
(322, 46, 7, '09:00:00', '23:00:00', 0, NULL, NULL),
(323, 47, 1, '08:00:00', '21:00:00', 1, NULL, NULL),
(324, 47, 2, '08:00:00', '22:00:00', 1, NULL, NULL),
(325, 47, 3, '08:00:00', '22:00:00', 1, NULL, NULL),
(326, 47, 4, '09:00:00', '23:00:00', 1, NULL, NULL),
(327, 47, 5, '07:00:00', '21:00:00', 1, NULL, NULL),
(328, 47, 6, '07:00:00', '20:00:00', 0, NULL, NULL),
(329, 47, 7, '09:00:00', '22:00:00', 0, NULL, NULL),
(330, 48, 1, '09:00:00', '21:00:00', 1, NULL, NULL),
(331, 48, 2, '08:00:00', '21:00:00', 1, NULL, NULL),
(332, 48, 3, '07:00:00', '22:00:00', 1, NULL, NULL),
(333, 48, 4, '07:00:00', '22:00:00', 1, NULL, NULL),
(334, 48, 5, '07:00:00', '20:00:00', 1, NULL, NULL),
(335, 48, 6, '07:00:00', '20:00:00', 0, NULL, NULL),
(336, 48, 7, '09:00:00', '22:00:00', 0, NULL, NULL),
(337, 49, 1, '07:00:00', '20:00:00', 1, NULL, NULL),
(338, 49, 2, '09:00:00', '22:00:00', 1, NULL, NULL),
(339, 49, 3, '09:00:00', '21:00:00', 1, NULL, NULL),
(340, 49, 4, '09:00:00', '20:00:00', 1, NULL, NULL),
(341, 49, 5, '07:00:00', '22:00:00', 1, NULL, NULL),
(342, 49, 6, '07:00:00', '20:00:00', 0, NULL, NULL),
(343, 49, 7, '07:00:00', '21:00:00', 0, NULL, NULL),
(344, 50, 1, '09:00:00', '22:00:00', 1, NULL, NULL),
(345, 50, 2, '08:00:00', '20:00:00', 1, NULL, NULL),
(346, 50, 3, '07:00:00', '20:00:00', 1, NULL, NULL),
(347, 50, 4, '09:00:00', '21:00:00', 1, NULL, NULL),
(348, 50, 5, '08:00:00', '23:00:00', 1, NULL, NULL),
(349, 50, 6, '09:00:00', '23:00:00', 0, NULL, NULL),
(350, 50, 7, '08:00:00', '20:00:00', 0, NULL, NULL),
(351, 51, 1, '09:00:00', '21:00:00', 1, NULL, NULL),
(352, 51, 2, '08:00:00', '21:00:00', 1, NULL, NULL),
(353, 51, 3, '08:00:00', '22:00:00', 1, NULL, NULL),
(354, 51, 4, '08:00:00', '20:00:00', 1, NULL, NULL),
(355, 51, 5, '07:00:00', '23:00:00', 1, NULL, NULL),
(356, 51, 6, '08:00:00', '23:00:00', 0, NULL, NULL),
(357, 51, 7, '07:00:00', '23:00:00', 0, NULL, NULL),
(358, 52, 1, '09:00:00', '20:00:00', 1, NULL, NULL),
(359, 52, 2, '07:00:00', '22:00:00', 1, NULL, NULL),
(360, 52, 3, '07:00:00', '21:00:00', 1, NULL, NULL),
(361, 52, 4, '07:00:00', '22:00:00', 1, NULL, NULL),
(362, 52, 5, '09:00:00', '23:00:00', 1, NULL, NULL),
(363, 52, 6, '07:00:00', '22:00:00', 0, NULL, NULL),
(364, 52, 7, '09:00:00', '20:00:00', 0, NULL, NULL),
(365, 53, 1, '07:00:00', '22:00:00', 1, NULL, NULL),
(366, 53, 2, '08:00:00', '20:00:00', 1, NULL, NULL),
(367, 53, 3, '07:00:00', '21:00:00', 1, NULL, NULL),
(368, 53, 4, '08:00:00', '23:00:00', 1, NULL, NULL),
(369, 53, 5, '09:00:00', '20:00:00', 1, NULL, NULL),
(370, 53, 6, '08:00:00', '20:00:00', 0, NULL, NULL),
(371, 53, 7, '07:00:00', '23:00:00', 0, NULL, NULL),
(372, 54, 1, '07:00:00', '23:00:00', 1, NULL, NULL),
(373, 54, 2, '07:00:00', '20:00:00', 1, NULL, NULL),
(374, 54, 3, '07:00:00', '22:00:00', 1, NULL, NULL),
(375, 54, 4, '07:00:00', '22:00:00', 1, NULL, NULL),
(376, 54, 5, '07:00:00', '20:00:00', 1, NULL, NULL),
(377, 54, 6, '07:00:00', '22:00:00', 0, NULL, NULL),
(378, 54, 7, '07:00:00', '23:00:00', 0, NULL, NULL),
(379, 55, 1, '07:00:00', '23:00:00', 1, NULL, NULL),
(380, 55, 2, '07:00:00', '22:00:00', 1, NULL, NULL),
(381, 55, 3, '08:00:00', '20:00:00', 1, NULL, NULL),
(382, 55, 4, '08:00:00', '22:00:00', 1, NULL, NULL),
(383, 55, 5, '09:00:00', '22:00:00', 1, NULL, NULL),
(384, 55, 6, '09:00:00', '23:00:00', 0, NULL, NULL),
(385, 55, 7, '08:00:00', '23:00:00', 0, NULL, NULL),
(386, 56, 1, '09:00:00', '21:00:00', 1, NULL, NULL),
(387, 56, 2, '09:00:00', '22:00:00', 1, NULL, NULL),
(388, 56, 3, '08:00:00', '23:00:00', 1, NULL, NULL),
(389, 56, 4, '07:00:00', '23:00:00', 1, NULL, NULL),
(390, 56, 5, '08:00:00', '23:00:00', 1, NULL, NULL),
(391, 56, 6, '08:00:00', '20:00:00', 0, NULL, NULL),
(392, 56, 7, '08:00:00', '20:00:00', 0, NULL, NULL),
(393, 57, 1, '08:00:00', '21:00:00', 1, NULL, NULL),
(394, 57, 2, '08:00:00', '20:00:00', 1, NULL, NULL),
(395, 57, 3, '09:00:00', '23:00:00', 1, NULL, NULL),
(396, 57, 4, '07:00:00', '20:00:00', 1, NULL, NULL),
(397, 57, 5, '08:00:00', '23:00:00', 1, NULL, NULL),
(398, 57, 6, '07:00:00', '20:00:00', 0, NULL, NULL),
(399, 57, 7, '08:00:00', '20:00:00', 0, NULL, NULL),
(400, 58, 1, '07:00:00', '21:00:00', 1, NULL, NULL),
(401, 58, 2, '08:00:00', '21:00:00', 1, NULL, NULL),
(402, 58, 3, '08:00:00', '21:00:00', 1, NULL, NULL),
(403, 58, 4, '09:00:00', '20:00:00', 1, NULL, NULL),
(404, 58, 5, '09:00:00', '20:00:00', 1, NULL, NULL),
(405, 58, 6, '09:00:00', '22:00:00', 0, NULL, NULL),
(406, 58, 7, '08:00:00', '23:00:00', 0, NULL, NULL),
(407, 59, 1, '07:00:00', '20:00:00', 1, NULL, NULL),
(408, 59, 2, '09:00:00', '23:00:00', 1, NULL, NULL),
(409, 59, 3, '09:00:00', '23:00:00', 1, NULL, NULL),
(410, 59, 4, '08:00:00', '21:00:00', 1, NULL, NULL),
(411, 59, 5, '07:00:00', '21:00:00', 1, NULL, NULL),
(412, 59, 6, '09:00:00', '20:00:00', 0, NULL, NULL),
(413, 59, 7, '09:00:00', '20:00:00', 0, NULL, NULL),
(414, 60, 1, '07:00:00', '23:00:00', 1, NULL, NULL),
(415, 60, 2, '08:00:00', '23:00:00', 1, NULL, NULL),
(416, 60, 3, '07:00:00', '20:00:00', 1, NULL, NULL),
(417, 60, 4, '09:00:00', '22:00:00', 1, NULL, NULL),
(418, 60, 5, '08:00:00', '21:00:00', 1, NULL, NULL),
(419, 60, 6, '07:00:00', '22:00:00', 0, NULL, NULL),
(420, 60, 7, '07:00:00', '23:00:00', 0, NULL, NULL),
(421, 61, 1, '08:00:00', '20:00:00', 1, NULL, NULL),
(422, 61, 2, '07:00:00', '22:00:00', 1, NULL, NULL),
(423, 61, 3, '08:00:00', '22:00:00', 1, NULL, NULL),
(424, 61, 4, '07:00:00', '21:00:00', 1, NULL, NULL),
(425, 61, 5, '09:00:00', '21:00:00', 1, NULL, NULL),
(426, 61, 6, '09:00:00', '20:00:00', 0, NULL, NULL),
(427, 61, 7, '09:00:00', '22:00:00', 0, NULL, NULL),
(428, 62, 1, '08:00:00', '22:00:00', 1, NULL, NULL),
(429, 62, 2, '09:00:00', '22:00:00', 1, NULL, NULL),
(430, 62, 3, '07:00:00', '22:00:00', 1, NULL, NULL),
(431, 62, 4, '08:00:00', '22:00:00', 1, NULL, NULL),
(432, 62, 5, '08:00:00', '20:00:00', 1, NULL, NULL),
(433, 62, 6, '07:00:00', '20:00:00', 0, NULL, NULL),
(434, 62, 7, '07:00:00', '23:00:00', 0, NULL, NULL),
(435, 63, 1, '09:00:00', '23:00:00', 1, NULL, NULL),
(436, 63, 2, '09:00:00', '23:00:00', 1, NULL, NULL),
(437, 63, 3, '09:00:00', '21:00:00', 1, NULL, NULL),
(438, 63, 4, '09:00:00', '22:00:00', 1, NULL, NULL),
(439, 63, 5, '07:00:00', '21:00:00', 1, NULL, NULL),
(440, 63, 6, '07:00:00', '22:00:00', 0, NULL, NULL),
(441, 63, 7, '09:00:00', '21:00:00', 0, NULL, NULL),
(442, 64, 1, '09:00:00', '22:00:00', 1, NULL, NULL),
(443, 64, 2, '09:00:00', '22:00:00', 1, NULL, NULL),
(444, 64, 3, '08:00:00', '22:00:00', 1, NULL, NULL),
(445, 64, 4, '08:00:00', '21:00:00', 1, NULL, NULL),
(446, 64, 5, '08:00:00', '20:00:00', 1, NULL, NULL),
(447, 64, 6, '09:00:00', '22:00:00', 0, NULL, NULL),
(448, 64, 7, '07:00:00', '22:00:00', 0, NULL, NULL),
(449, 65, 1, '09:00:00', '23:00:00', 1, NULL, NULL),
(450, 65, 2, '09:00:00', '21:00:00', 1, NULL, NULL),
(451, 65, 3, '08:00:00', '20:00:00', 1, NULL, NULL),
(452, 65, 4, '07:00:00', '23:00:00', 1, NULL, NULL),
(453, 65, 5, '07:00:00', '20:00:00', 1, NULL, NULL),
(454, 65, 6, '08:00:00', '23:00:00', 0, NULL, NULL),
(455, 65, 7, '07:00:00', '22:00:00', 0, NULL, NULL),
(456, 66, 1, '08:00:00', '23:00:00', 1, NULL, NULL),
(457, 66, 2, '07:00:00', '21:00:00', 1, NULL, NULL),
(458, 66, 3, '08:00:00', '20:00:00', 1, NULL, NULL),
(459, 66, 4, '09:00:00', '20:00:00', 1, NULL, NULL),
(460, 66, 5, '08:00:00', '20:00:00', 1, NULL, NULL),
(461, 66, 6, '09:00:00', '21:00:00', 0, NULL, NULL),
(462, 66, 7, '07:00:00', '21:00:00', 0, NULL, NULL),
(463, 67, 1, '08:00:00', '21:00:00', 1, NULL, NULL),
(464, 67, 2, '07:00:00', '23:00:00', 1, NULL, NULL),
(465, 67, 3, '07:00:00', '22:00:00', 1, NULL, NULL),
(466, 67, 4, '07:00:00', '22:00:00', 1, NULL, NULL),
(467, 67, 5, '07:00:00', '23:00:00', 1, NULL, NULL),
(468, 67, 6, '08:00:00', '23:00:00', 0, NULL, NULL),
(469, 67, 7, '09:00:00', '20:00:00', 0, NULL, NULL),
(470, 68, 1, '07:00:00', '23:00:00', 1, NULL, NULL),
(471, 68, 2, '08:00:00', '23:00:00', 1, NULL, NULL),
(472, 68, 3, '09:00:00', '22:00:00', 1, NULL, NULL),
(473, 68, 4, '09:00:00', '20:00:00', 1, NULL, NULL),
(474, 68, 5, '09:00:00', '23:00:00', 1, NULL, NULL),
(475, 68, 6, '07:00:00', '23:00:00', 0, NULL, NULL),
(476, 68, 7, '09:00:00', '23:00:00', 0, NULL, NULL),
(477, 69, 1, '07:00:00', '21:00:00', 1, NULL, NULL),
(478, 69, 2, '07:00:00', '21:00:00', 1, NULL, NULL),
(479, 69, 3, '08:00:00', '21:00:00', 1, NULL, NULL),
(480, 69, 4, '07:00:00', '22:00:00', 1, NULL, NULL),
(481, 69, 5, '07:00:00', '20:00:00', 1, NULL, NULL),
(482, 69, 6, '08:00:00', '23:00:00', 0, NULL, NULL),
(483, 69, 7, '08:00:00', '22:00:00', 0, NULL, NULL),
(484, 70, 1, '08:00:00', '23:00:00', 1, NULL, NULL),
(485, 70, 2, '07:00:00', '22:00:00', 1, NULL, NULL),
(486, 70, 3, '09:00:00', '23:00:00', 1, NULL, NULL),
(487, 70, 4, '08:00:00', '22:00:00', 1, NULL, NULL),
(488, 70, 5, '07:00:00', '21:00:00', 1, NULL, NULL),
(489, 70, 6, '07:00:00', '22:00:00', 0, NULL, NULL),
(490, 70, 7, '09:00:00', '20:00:00', 0, NULL, NULL),
(491, 71, 1, '07:00:00', '23:00:00', 1, NULL, NULL),
(492, 71, 2, '08:00:00', '21:00:00', 1, NULL, NULL),
(493, 71, 3, '07:00:00', '21:00:00', 1, NULL, NULL),
(494, 71, 4, '09:00:00', '21:00:00', 1, NULL, NULL),
(495, 71, 5, '08:00:00', '20:00:00', 1, NULL, NULL),
(496, 71, 6, '07:00:00', '23:00:00', 0, NULL, NULL),
(497, 71, 7, '07:00:00', '22:00:00', 0, NULL, NULL),
(498, 72, 1, '08:00:00', '21:00:00', 1, NULL, NULL),
(499, 72, 2, '09:00:00', '20:00:00', 1, NULL, NULL),
(500, 72, 3, '07:00:00', '22:00:00', 1, NULL, NULL),
(501, 72, 4, '08:00:00', '21:00:00', 1, NULL, NULL),
(502, 72, 5, '09:00:00', '23:00:00', 1, NULL, NULL),
(503, 72, 6, '08:00:00', '21:00:00', 0, NULL, NULL),
(504, 72, 7, '09:00:00', '20:00:00', 0, NULL, NULL),
(505, 73, 1, '08:00:00', '23:00:00', 1, NULL, NULL),
(506, 73, 2, '09:00:00', '20:00:00', 1, NULL, NULL),
(507, 73, 3, '08:00:00', '22:00:00', 1, NULL, NULL),
(508, 73, 4, '08:00:00', '22:00:00', 1, NULL, NULL),
(509, 73, 5, '09:00:00', '21:00:00', 1, NULL, NULL),
(510, 73, 6, '07:00:00', '22:00:00', 0, NULL, NULL),
(511, 73, 7, '09:00:00', '22:00:00', 0, NULL, NULL),
(512, 74, 1, '09:00:00', '20:00:00', 1, NULL, NULL),
(513, 74, 2, '09:00:00', '21:00:00', 1, NULL, NULL),
(514, 74, 3, '07:00:00', '22:00:00', 1, NULL, NULL),
(515, 74, 4, '07:00:00', '22:00:00', 1, NULL, NULL),
(516, 74, 5, '09:00:00', '23:00:00', 1, NULL, NULL),
(517, 74, 6, '07:00:00', '21:00:00', 0, NULL, NULL),
(518, 74, 7, '07:00:00', '22:00:00', 0, NULL, NULL),
(519, 75, 1, '09:00:00', '22:00:00', 1, NULL, NULL),
(520, 75, 2, '07:00:00', '21:00:00', 1, NULL, NULL),
(521, 75, 3, '09:00:00', '20:00:00', 1, NULL, NULL),
(522, 75, 4, '07:00:00', '20:00:00', 1, NULL, NULL),
(523, 75, 5, '09:00:00', '22:00:00', 1, NULL, NULL),
(524, 75, 6, '07:00:00', '21:00:00', 0, NULL, NULL),
(525, 75, 7, '09:00:00', '22:00:00', 0, NULL, NULL),
(526, 76, 1, '09:00:00', '23:00:00', 1, NULL, NULL),
(527, 76, 2, '08:00:00', '22:00:00', 1, NULL, NULL),
(528, 76, 3, '09:00:00', '23:00:00', 1, NULL, NULL),
(529, 76, 4, '09:00:00', '23:00:00', 1, NULL, NULL),
(530, 76, 5, '07:00:00', '20:00:00', 1, NULL, NULL),
(531, 76, 6, '07:00:00', '23:00:00', 0, NULL, NULL),
(532, 76, 7, '08:00:00', '22:00:00', 0, NULL, NULL),
(533, 77, 1, '09:00:00', '22:00:00', 1, NULL, NULL),
(534, 77, 2, '07:00:00', '23:00:00', 1, NULL, NULL),
(535, 77, 3, '08:00:00', '20:00:00', 1, NULL, NULL),
(536, 77, 4, '08:00:00', '22:00:00', 1, NULL, NULL),
(537, 77, 5, '09:00:00', '20:00:00', 1, NULL, NULL),
(538, 77, 6, '08:00:00', '23:00:00', 0, NULL, NULL),
(539, 77, 7, '08:00:00', '23:00:00', 0, NULL, NULL),
(540, 78, 1, '08:00:00', '23:00:00', 1, NULL, NULL),
(541, 78, 2, '08:00:00', '20:00:00', 1, NULL, NULL),
(542, 78, 3, '08:00:00', '22:00:00', 1, NULL, NULL),
(543, 78, 4, '09:00:00', '20:00:00', 1, NULL, NULL),
(544, 78, 5, '08:00:00', '21:00:00', 1, NULL, NULL),
(545, 78, 6, '09:00:00', '20:00:00', 0, NULL, NULL),
(546, 78, 7, '09:00:00', '21:00:00', 0, NULL, NULL),
(547, 79, 1, '09:00:00', '20:00:00', 1, NULL, NULL),
(548, 79, 2, '09:00:00', '20:00:00', 1, NULL, NULL),
(549, 79, 3, '07:00:00', '23:00:00', 1, NULL, NULL),
(550, 79, 4, '07:00:00', '22:00:00', 1, NULL, NULL),
(551, 79, 5, '08:00:00', '22:00:00', 1, NULL, NULL),
(552, 79, 6, '08:00:00', '23:00:00', 0, NULL, NULL),
(553, 79, 7, '08:00:00', '21:00:00', 0, NULL, NULL),
(554, 80, 1, '08:00:00', '22:00:00', 1, NULL, NULL),
(555, 80, 2, '07:00:00', '21:00:00', 1, NULL, NULL),
(556, 80, 3, '09:00:00', '20:00:00', 1, NULL, NULL),
(557, 80, 4, '08:00:00', '23:00:00', 1, NULL, NULL),
(558, 80, 5, '07:00:00', '21:00:00', 1, NULL, NULL),
(559, 80, 6, '08:00:00', '20:00:00', 0, NULL, NULL),
(560, 80, 7, '09:00:00', '21:00:00', 0, NULL, NULL),
(561, 81, 1, '07:00:00', '22:00:00', 1, NULL, NULL),
(562, 81, 2, '09:00:00', '20:00:00', 1, NULL, NULL),
(563, 81, 3, '09:00:00', '22:00:00', 1, NULL, NULL),
(564, 81, 4, '09:00:00', '21:00:00', 1, NULL, NULL),
(565, 81, 5, '08:00:00', '21:00:00', 1, NULL, NULL),
(566, 81, 6, '09:00:00', '21:00:00', 0, NULL, NULL),
(567, 81, 7, '08:00:00', '20:00:00', 0, NULL, NULL),
(568, 82, 1, '08:00:00', '22:00:00', 1, NULL, NULL),
(569, 82, 2, '07:00:00', '20:00:00', 1, NULL, NULL),
(570, 82, 3, '07:00:00', '21:00:00', 1, NULL, NULL),
(571, 82, 4, '07:00:00', '22:00:00', 1, NULL, NULL),
(572, 82, 5, '09:00:00', '21:00:00', 1, NULL, NULL),
(573, 82, 6, '09:00:00', '23:00:00', 0, NULL, NULL),
(574, 82, 7, '07:00:00', '21:00:00', 0, NULL, NULL),
(575, 83, 1, '08:00:00', '21:00:00', 1, NULL, NULL),
(576, 83, 2, '08:00:00', '23:00:00', 1, NULL, NULL),
(577, 83, 3, '07:00:00', '20:00:00', 1, NULL, NULL),
(578, 83, 4, '09:00:00', '22:00:00', 1, NULL, NULL),
(579, 83, 5, '09:00:00', '23:00:00', 1, NULL, NULL),
(580, 83, 6, '07:00:00', '21:00:00', 0, NULL, NULL),
(581, 83, 7, '09:00:00', '22:00:00', 0, NULL, NULL),
(582, 84, 1, '07:00:00', '23:00:00', 1, NULL, NULL),
(583, 84, 2, '09:00:00', '21:00:00', 1, NULL, NULL),
(584, 84, 3, '07:00:00', '20:00:00', 1, NULL, NULL),
(585, 84, 4, '07:00:00', '23:00:00', 1, NULL, NULL),
(586, 84, 5, '08:00:00', '20:00:00', 1, NULL, NULL),
(587, 84, 6, '09:00:00', '20:00:00', 0, NULL, NULL),
(588, 84, 7, '07:00:00', '20:00:00', 0, NULL, NULL),
(589, 85, 1, '08:00:00', '20:00:00', 1, NULL, NULL),
(590, 85, 2, '09:00:00', '22:00:00', 1, NULL, NULL),
(591, 85, 3, '08:00:00', '22:00:00', 1, NULL, NULL),
(592, 85, 4, '07:00:00', '23:00:00', 1, NULL, NULL),
(593, 85, 5, '08:00:00', '21:00:00', 1, NULL, NULL),
(594, 85, 6, '09:00:00', '20:00:00', 0, NULL, NULL),
(595, 85, 7, '07:00:00', '20:00:00', 0, NULL, NULL),
(596, 86, 1, '08:00:00', '20:00:00', 1, NULL, NULL),
(597, 86, 2, '08:00:00', '20:00:00', 1, NULL, NULL),
(598, 86, 3, '07:00:00', '23:00:00', 1, NULL, NULL),
(599, 86, 4, '09:00:00', '20:00:00', 1, NULL, NULL),
(600, 86, 5, '08:00:00', '23:00:00', 1, NULL, NULL),
(601, 86, 6, '08:00:00', '21:00:00', 0, NULL, NULL),
(602, 86, 7, '09:00:00', '22:00:00', 0, NULL, NULL),
(603, 87, 1, '07:00:00', '22:00:00', 1, NULL, NULL),
(604, 87, 2, '08:00:00', '23:00:00', 1, NULL, NULL),
(605, 87, 3, '09:00:00', '20:00:00', 1, NULL, NULL),
(606, 87, 4, '07:00:00', '21:00:00', 1, NULL, NULL),
(607, 87, 5, '08:00:00', '22:00:00', 1, NULL, NULL),
(608, 87, 6, '09:00:00', '20:00:00', 0, NULL, NULL),
(609, 87, 7, '09:00:00', '22:00:00', 0, NULL, NULL),
(610, 88, 1, '07:00:00', '22:00:00', 1, NULL, NULL),
(611, 88, 2, '09:00:00', '20:00:00', 1, NULL, NULL),
(612, 88, 3, '07:00:00', '21:00:00', 1, NULL, NULL),
(613, 88, 4, '09:00:00', '21:00:00', 1, NULL, NULL),
(614, 88, 5, '07:00:00', '21:00:00', 1, NULL, NULL),
(615, 88, 6, '08:00:00', '22:00:00', 0, NULL, NULL),
(616, 88, 7, '09:00:00', '22:00:00', 0, NULL, NULL),
(617, 89, 1, '08:00:00', '20:00:00', 1, NULL, NULL),
(618, 89, 2, '07:00:00', '21:00:00', 1, NULL, NULL),
(619, 89, 3, '09:00:00', '22:00:00', 1, NULL, NULL),
(620, 89, 4, '09:00:00', '23:00:00', 1, NULL, NULL),
(621, 89, 5, '08:00:00', '20:00:00', 1, NULL, NULL),
(622, 89, 6, '07:00:00', '23:00:00', 0, NULL, NULL),
(623, 89, 7, '07:00:00', '23:00:00', 0, NULL, NULL),
(624, 90, 1, '08:00:00', '20:00:00', 1, NULL, NULL),
(625, 90, 2, '09:00:00', '20:00:00', 1, NULL, NULL),
(626, 90, 3, '09:00:00', '20:00:00', 1, NULL, NULL),
(627, 90, 4, '08:00:00', '22:00:00', 1, NULL, NULL),
(628, 90, 5, '09:00:00', '22:00:00', 1, NULL, NULL),
(629, 90, 6, '07:00:00', '20:00:00', 0, NULL, NULL),
(630, 90, 7, '09:00:00', '20:00:00', 0, NULL, NULL),
(631, 91, 1, '09:00:00', '21:00:00', 1, NULL, NULL),
(632, 91, 2, '09:00:00', '22:00:00', 1, NULL, NULL),
(633, 91, 3, '08:00:00', '22:00:00', 1, NULL, NULL),
(634, 91, 4, '08:00:00', '20:00:00', 1, NULL, NULL),
(635, 91, 5, '09:00:00', '20:00:00', 1, NULL, NULL),
(636, 91, 6, '07:00:00', '21:00:00', 0, NULL, NULL),
(637, 91, 7, '07:00:00', '21:00:00', 0, NULL, NULL),
(638, 92, 1, '07:00:00', '23:00:00', 1, NULL, NULL),
(639, 92, 2, '08:00:00', '23:00:00', 1, NULL, NULL),
(640, 92, 3, '07:00:00', '22:00:00', 1, NULL, NULL),
(641, 92, 4, '08:00:00', '21:00:00', 1, NULL, NULL),
(642, 92, 5, '07:00:00', '23:00:00', 1, NULL, NULL),
(643, 92, 6, '08:00:00', '20:00:00', 0, NULL, NULL),
(644, 92, 7, '09:00:00', '21:00:00', 0, NULL, NULL),
(645, 93, 1, '08:00:00', '23:00:00', 1, NULL, NULL),
(646, 93, 2, '08:00:00', '23:00:00', 1, NULL, NULL),
(647, 93, 3, '08:00:00', '21:00:00', 1, NULL, NULL),
(648, 93, 4, '09:00:00', '22:00:00', 1, NULL, NULL),
(649, 93, 5, '09:00:00', '22:00:00', 1, NULL, NULL),
(650, 93, 6, '07:00:00', '20:00:00', 0, NULL, NULL),
(651, 93, 7, '07:00:00', '23:00:00', 0, NULL, NULL),
(652, 94, 1, '08:00:00', '21:00:00', 1, NULL, NULL),
(653, 94, 2, '08:00:00', '23:00:00', 1, NULL, NULL),
(654, 94, 3, '09:00:00', '20:00:00', 1, NULL, NULL),
(655, 94, 4, '07:00:00', '20:00:00', 1, NULL, NULL),
(656, 94, 5, '09:00:00', '23:00:00', 1, NULL, NULL),
(657, 94, 6, '09:00:00', '22:00:00', 0, NULL, NULL),
(658, 94, 7, '07:00:00', '21:00:00', 0, NULL, NULL),
(659, 95, 1, '07:00:00', '22:00:00', 1, NULL, NULL),
(660, 95, 2, '08:00:00', '20:00:00', 1, NULL, NULL),
(661, 95, 3, '08:00:00', '22:00:00', 1, NULL, NULL),
(662, 95, 4, '07:00:00', '20:00:00', 1, NULL, NULL),
(663, 95, 5, '09:00:00', '20:00:00', 1, NULL, NULL),
(664, 95, 6, '09:00:00', '20:00:00', 0, NULL, NULL),
(665, 95, 7, '08:00:00', '20:00:00', 0, NULL, NULL),
(666, 96, 1, '09:00:00', '20:00:00', 1, NULL, NULL),
(667, 96, 2, '09:00:00', '22:00:00', 1, NULL, NULL),
(668, 96, 3, '09:00:00', '20:00:00', 1, NULL, NULL),
(669, 96, 4, '07:00:00', '23:00:00', 1, NULL, NULL),
(670, 96, 5, '08:00:00', '20:00:00', 1, NULL, NULL),
(671, 96, 6, '09:00:00', '20:00:00', 0, NULL, NULL),
(672, 96, 7, '07:00:00', '20:00:00', 0, NULL, NULL),
(673, 97, 1, '08:00:00', '20:00:00', 1, NULL, NULL),
(674, 97, 2, '09:00:00', '21:00:00', 1, NULL, NULL),
(675, 97, 3, '07:00:00', '21:00:00', 1, NULL, NULL),
(676, 97, 4, '08:00:00', '21:00:00', 1, NULL, NULL),
(677, 97, 5, '09:00:00', '22:00:00', 1, NULL, NULL),
(678, 97, 6, '09:00:00', '21:00:00', 0, NULL, NULL),
(679, 97, 7, '09:00:00', '20:00:00', 0, NULL, NULL),
(680, 98, 1, '07:00:00', '23:00:00', 1, NULL, NULL),
(681, 98, 2, '07:00:00', '23:00:00', 1, NULL, NULL),
(682, 98, 3, '07:00:00', '22:00:00', 1, NULL, NULL),
(683, 98, 4, '07:00:00', '22:00:00', 1, NULL, NULL),
(684, 98, 5, '07:00:00', '20:00:00', 1, NULL, NULL),
(685, 98, 6, '09:00:00', '22:00:00', 0, NULL, NULL),
(686, 98, 7, '07:00:00', '22:00:00', 0, NULL, NULL),
(687, 99, 1, '07:00:00', '22:00:00', 1, NULL, NULL),
(688, 99, 2, '07:00:00', '22:00:00', 1, NULL, NULL),
(689, 99, 3, '07:00:00', '23:00:00', 1, NULL, NULL),
(690, 99, 4, '07:00:00', '20:00:00', 1, NULL, NULL),
(691, 99, 5, '09:00:00', '21:00:00', 1, NULL, NULL),
(692, 99, 6, '09:00:00', '20:00:00', 0, NULL, NULL),
(693, 99, 7, '07:00:00', '21:00:00', 0, NULL, NULL),
(694, 100, 1, '08:00:00', '23:00:00', 1, NULL, NULL),
(695, 100, 2, '08:00:00', '22:00:00', 1, NULL, NULL),
(696, 100, 3, '08:00:00', '23:00:00', 1, NULL, NULL),
(697, 100, 4, '09:00:00', '21:00:00', 1, NULL, NULL),
(698, 100, 5, '09:00:00', '20:00:00', 1, NULL, NULL),
(699, 100, 6, '09:00:00', '21:00:00', 0, NULL, NULL),
(700, 100, 7, '07:00:00', '20:00:00', 0, NULL, NULL);

-- --------------------------------------------------------

--
-- Table structure for table `radiologies`
--

CREATE TABLE `radiologies` (
  `id` bigint(20) UNSIGNED NOT NULL,
  `name` varchar(191) COLLATE utf8mb4_unicode_ci NOT NULL,
  `name_ar` varchar(191) COLLATE utf8mb4_unicode_ci DEFAULT NULL,
  `name_fr` varchar(191) COLLATE utf8mb4_unicode_ci DEFAULT NULL,
  `api_token` varchar(191) COLLATE utf8mb4_unicode_ci DEFAULT NULL,
  `phone` varchar(191) COLLATE utf8mb4_unicode_ci NOT NULL,
  `phone2` varchar(191) COLLATE utf8mb4_unicode_ci DEFAULT NULL,
  `city` int(11) DEFAULT NULL,
  `area` int(11) DEFAULT NULL,
  `lang` varchar(191) COLLATE utf8mb4_unicode_ci DEFAULT NULL,
  `latt` varchar(191) COLLATE utf8mb4_unicode_ci DEFAULT NULL,
  `sms_code` varchar(191) COLLATE utf8mb4_unicode_ci DEFAULT NULL,
  `email` varchar(191) COLLATE utf8mb4_unicode_ci NOT NULL,
  `password` varchar(191) COLLATE utf8mb4_unicode_ci NOT NULL,
  `active` tinyint(1) NOT NULL DEFAULT 0,
  `delivery` enum('1','0') COLLATE utf8mb4_unicode_ci NOT NULL,
  `avaliable_days` int(11) NOT NULL DEFAULT 0,
  `radiology_doctor_id` int(11) DEFAULT NULL,
  `photo` varchar(191) COLLATE utf8mb4_unicode_ci NOT NULL DEFAULT 'radiology.png',
  `reservation_rate` enum('1','2','3','4','5') COLLATE utf8mb4_unicode_ci NOT NULL DEFAULT '1',
  `degree_rate` enum('1','2','3','4','5') COLLATE utf8mb4_unicode_ci NOT NULL DEFAULT '1',
  `created_at` timestamp NULL DEFAULT NULL,
  `updated_at` timestamp NULL DEFAULT NULL
) ENGINE=InnoDB DEFAULT CHARSET=utf8mb4 COLLATE=utf8mb4_unicode_ci;

--
-- Dumping data for table `radiologies`
--

INSERT INTO `radiologies` (`id`, `name`, `name_ar`, `name_fr`, `api_token`, `phone`, `phone2`, `city`, `area`, `lang`, `latt`, `sms_code`, `email`, `password`, `active`, `delivery`, `avaliable_days`, `radiology_doctor_id`, `photo`, `reservation_rate`, `degree_rate`, `created_at`, `updated_at`) VALUES
(1, 'lab1', NULL, NULL, NULL, '1572370258', NULL, 1, 3, '31.10115767691', '29.943409788178', NULL, 'lab1@doctoraak.com', '123456', 1, '1', 0, 2, 'radiology.png', '1', '1', NULL, NULL),
(2, 'lab2', NULL, NULL, NULL, '1572370259', NULL, 3, 1, '31.115928202298', '30.016547213674', NULL, 'lab2@doctoraak.com', '123456', 1, '1', 0, 2, 'radiology.png', '1', '1', NULL, NULL),
(3, 'lab3', NULL, NULL, NULL, '1572370261', NULL, 4, 4, '31.113263146617', '30.17152282222', NULL, 'lab3@doctoraak.com', '123456', 1, '1', 0, 5, 'radiology.png', '1', '1', NULL, NULL),
(4, 'lab4', NULL, NULL, NULL, '1572370263', NULL, 5, 5, '31.139523142079', '29.99522455982', NULL, 'lab4@doctoraak.com', '123456', 1, '1', 0, 2, 'radiology.png', '1', '1', NULL, NULL),
(5, 'lab5', NULL, NULL, NULL, '1572370264', NULL, 2, 3, '30.972625054848', '29.956420503229', NULL, 'lab5@doctoraak.com', '123456', 1, '1', 0, 2, 'radiology.png', '1', '1', NULL, NULL),
(6, 'lab6', NULL, NULL, NULL, '1572370266', NULL, 4, 3, '31.262217766538', '29.808582032739', NULL, 'lab6@doctoraak.com', '123456', 1, '1', 0, 1, 'radiology.png', '1', '1', NULL, NULL),
(7, 'lab7', NULL, NULL, NULL, '1572370267', NULL, 3, 5, '31.174590754485', '30.143945697595', NULL, 'lab7@doctoraak.com', '123456', 1, '1', 0, 1, 'radiology.png', '1', '1', NULL, NULL),
(8, 'lab8', NULL, NULL, NULL, '1572370269', NULL, 4, 1, '31.113741501316', '30.061454012241', NULL, 'lab8@doctoraak.com', '123456', 1, '1', 0, 3, 'radiology.png', '1', '1', NULL, NULL),
(9, 'lab9', NULL, NULL, NULL, '1572370271', NULL, 1, 1, '31.112507104438', '30.047428647245', NULL, 'lab9@doctoraak.com', '123456', 1, '1', 0, 4, 'radiology.png', '1', '1', NULL, NULL),
(10, 'lab10', NULL, NULL, NULL, '1572370272', NULL, 5, 3, '31.173771296429', '29.987282405541', NULL, 'lab10@doctoraak.com', '123456', 1, '1', 0, 1, 'radiology.png', '1', '1', NULL, NULL),
(11, 'lab11', NULL, NULL, NULL, '1572370274', NULL, 2, 4, '31.204491685535', '30.03712226191', NULL, 'lab11@doctoraak.com', '123456', 1, '1', 0, 2, 'radiology.png', '1', '1', NULL, NULL),
(12, 'lab12', NULL, NULL, NULL, '1572370275', NULL, 5, 4, '31.154522943674', '29.859190246457', NULL, 'lab12@doctoraak.com', '123456', 1, '1', 0, 5, 'radiology.png', '1', '1', NULL, NULL),
(13, 'lab13', NULL, NULL, NULL, '1572370277', NULL, 1, 5, '31.077817140764', '30.154851731471', NULL, 'lab13@doctoraak.com', '123456', 1, '1', 0, 4, 'radiology.png', '1', '1', NULL, NULL),
(14, 'lab14', NULL, NULL, NULL, '1572370279', NULL, 5, 1, '31.119605220771', '30.005838732244', NULL, 'lab14@doctoraak.com', '123456', 1, '1', 0, 1, 'radiology.png', '1', '1', NULL, NULL),
(15, 'lab15', NULL, NULL, NULL, '1572370280', NULL, 5, 2, '31.07817189884', '30.273843049396', NULL, 'lab15@doctoraak.com', '123456', 1, '1', 0, 2, 'radiology.png', '1', '1', NULL, NULL),
(16, 'lab16', NULL, NULL, NULL, '1572370282', NULL, 1, 1, '31.357462368054', '29.920618141282', NULL, 'lab16@doctoraak.com', '123456', 1, '1', 0, 1, 'radiology.png', '1', '1', NULL, NULL),
(17, 'lab17', NULL, NULL, NULL, '1572370284', NULL, 4, 5, '31.154874710552', '30.059505522643', NULL, 'lab17@doctoraak.com', '123456', 1, '1', 0, 2, 'radiology.png', '1', '1', NULL, NULL),
(18, 'lab18', NULL, NULL, NULL, '1572370285', NULL, 4, 4, '31.14854410215', '29.991277969673', NULL, 'lab18@doctoraak.com', '123456', 1, '1', 0, 5, 'radiology.png', '1', '1', NULL, NULL),
(19, 'lab19', NULL, NULL, NULL, '1572370287', NULL, 3, 1, '31.127582520789', '29.987888875928', NULL, 'lab19@doctoraak.com', '123456', 1, '1', 0, 1, 'radiology.png', '1', '1', NULL, NULL),
(20, 'lab20', NULL, NULL, NULL, '1572370288', NULL, 5, 5, '31.151088188546', '29.998929873822', NULL, 'lab20@doctoraak.com', '123456', 1, '1', 0, 2, 'radiology.png', '1', '1', NULL, NULL),
(21, 'lab21', NULL, NULL, NULL, '1572370290', NULL, 5, 3, '31.076158025711', '29.983694525054', NULL, 'lab21@doctoraak.com', '123456', 1, '1', 0, 4, 'radiology.png', '1', '1', NULL, NULL),
(22, 'lab22', NULL, NULL, NULL, '1572370292', NULL, 1, 3, '31.164740995581', '30.064987832777', NULL, 'lab22@doctoraak.com', '123456', 1, '1', 0, 3, 'radiology.png', '1', '1', NULL, NULL),
(23, 'lab23', NULL, NULL, NULL, '1572370293', NULL, 1, 5, '31.446364235182', '29.935351064785', NULL, 'lab23@doctoraak.com', '123456', 1, '1', 0, 1, 'radiology.png', '1', '1', NULL, NULL),
(24, 'lab24', NULL, NULL, NULL, '1572370295', NULL, 2, 2, '31.156160614322', '30.004629897933', NULL, 'lab24@doctoraak.com', '123456', 1, '1', 0, 2, 'radiology.png', '1', '1', NULL, NULL),
(25, 'lab25', NULL, NULL, NULL, '1572370297', NULL, 3, 1, '31.181708456064', '30.067241361995', NULL, 'lab25@doctoraak.com', '123456', 1, '1', 0, 5, 'radiology.png', '1', '1', NULL, NULL),
(26, 'lab26', NULL, NULL, NULL, '1572370298', NULL, 5, 1, '31.152746761482', '29.996609495194', NULL, 'lab26@doctoraak.com', '123456', 1, '1', 0, 2, 'radiology.png', '1', '1', NULL, NULL),
(27, 'lab27', NULL, NULL, NULL, '1572370300', NULL, 1, 2, '31.090356703285', '29.995894839253', NULL, 'lab27@doctoraak.com', '123456', 1, '1', 0, 4, 'radiology.png', '1', '1', NULL, NULL),
(28, 'lab28', NULL, NULL, NULL, '1572370301', NULL, 4, 3, '31.287873301353', '30.092747332329', NULL, 'lab28@doctoraak.com', '123456', 1, '1', 0, 5, 'radiology.png', '1', '1', NULL, NULL),
(29, 'lab29', NULL, NULL, NULL, '1572370303', NULL, 2, 3, '31.117754797446', '29.881155719987', NULL, 'lab29@doctoraak.com', '123456', 1, '1', 0, 1, 'radiology.png', '1', '1', NULL, NULL),
(30, 'lab30', NULL, NULL, NULL, '1572370304', NULL, 3, 3, '31.144169534969', '29.999001498726', NULL, 'lab30@doctoraak.com', '123456', 1, '1', 0, 5, 'radiology.png', '1', '1', NULL, NULL),
(31, 'lab31', NULL, NULL, NULL, '1572370306', NULL, 4, 2, '31.023008112008', '29.998261377251', NULL, 'lab31@doctoraak.com', '123456', 1, '1', 0, 5, 'radiology.png', '1', '1', NULL, NULL),
(32, 'lab32', NULL, NULL, NULL, '1572370308', NULL, 2, 4, '31.106057286681', '29.99156669254', NULL, 'lab32@doctoraak.com', '123456', 1, '1', 0, 5, 'radiology.png', '1', '1', NULL, NULL),
(33, 'lab33', NULL, NULL, NULL, '1572370309', NULL, 5, 3, '31.099617370151', '30.015292253344', NULL, 'lab33@doctoraak.com', '123456', 1, '1', 0, 3, 'radiology.png', '1', '1', NULL, NULL),
(34, 'lab34', NULL, NULL, NULL, '1572370311', NULL, 4, 4, '31.045164904313', '29.937962383635', NULL, 'lab34@doctoraak.com', '123456', 1, '1', 0, 2, 'radiology.png', '1', '1', NULL, NULL),
(35, 'lab35', NULL, NULL, NULL, '1572370312', NULL, 2, 4, '31.12200730636', '30.037403144448', NULL, 'lab35@doctoraak.com', '123456', 1, '1', 0, 5, 'radiology.png', '1', '1', NULL, NULL),
(36, 'lab36', NULL, NULL, NULL, '1572370314', NULL, 1, 2, '31.122503104567', '30.006321199423', NULL, 'lab36@doctoraak.com', '123456', 1, '1', 0, 2, 'radiology.png', '1', '1', NULL, NULL),
(37, 'lab37', NULL, NULL, NULL, '1572370315', NULL, 2, 3, '31.181110911598', '30.067113248385', NULL, 'lab37@doctoraak.com', '123456', 1, '1', 0, 2, 'radiology.png', '1', '1', NULL, NULL),
(38, 'lab38', NULL, NULL, NULL, '1572370317', NULL, 2, 1, '31.15192206499', '30.006795457738', NULL, 'lab38@doctoraak.com', '123456', 1, '1', 0, 3, 'radiology.png', '1', '1', NULL, NULL),
(39, 'lab39', NULL, NULL, NULL, '1572370318', NULL, 2, 5, '31.135503440198', '29.954117853845', NULL, 'lab39@doctoraak.com', '123456', 1, '1', 0, 2, 'radiology.png', '1', '1', NULL, NULL),
(40, 'lab40', NULL, NULL, NULL, '1572370320', NULL, 4, 3, '31.149308352052', '29.9989472992', NULL, 'lab40@doctoraak.com', '123456', 1, '1', 0, 3, 'radiology.png', '1', '1', NULL, NULL),
(41, 'lab41', NULL, NULL, NULL, '1572370322', NULL, 2, 5, '31.155859221961', '29.979218889024', NULL, 'lab41@doctoraak.com', '123456', 1, '1', 0, 5, 'radiology.png', '1', '1', NULL, NULL),
(42, 'lab42', NULL, NULL, NULL, '1572370324', NULL, 2, 4, '31.145453415356', '30.017586745984', NULL, 'lab42@doctoraak.com', '123456', 1, '1', 0, 4, 'radiology.png', '1', '1', NULL, NULL),
(43, 'lab43', NULL, NULL, NULL, '1572370325', NULL, 5, 3, '31.166821706595', '29.771338117411', NULL, 'lab43@doctoraak.com', '123456', 1, '1', 0, 2, 'radiology.png', '1', '1', NULL, NULL),
(44, 'lab44', NULL, NULL, NULL, '1572370327', NULL, 2, 5, '31.136007087166', '30.008645112853', NULL, 'lab44@doctoraak.com', '123456', 1, '1', 0, 5, 'radiology.png', '1', '1', NULL, NULL),
(45, 'lab45', NULL, NULL, NULL, '1572370328', NULL, 5, 2, '31.196687069284', '29.965473573097', NULL, 'lab45@doctoraak.com', '123456', 1, '1', 0, 1, 'radiology.png', '1', '1', NULL, NULL),
(46, 'lab46', NULL, NULL, NULL, '1572370330', NULL, 1, 1, '31.174604966065', '30.01305100668', NULL, 'lab46@doctoraak.com', '123456', 1, '1', 0, 3, 'radiology.png', '1', '1', NULL, NULL),
(47, 'lab47', NULL, NULL, NULL, '1572370331', NULL, 4, 2, '31.158170673827', '29.9947226981', NULL, 'lab47@doctoraak.com', '123456', 1, '1', 0, 4, 'radiology.png', '1', '1', NULL, NULL),
(48, 'lab48', NULL, NULL, NULL, '1572370333', NULL, 1, 1, '31.136612701112', '29.967027556174', NULL, 'lab48@doctoraak.com', '123456', 1, '1', 0, 4, 'radiology.png', '1', '1', NULL, NULL),
(49, 'lab49', NULL, NULL, NULL, '1572370334', NULL, 3, 1, '31.024485036277', '30.114974041028', NULL, 'lab49@doctoraak.com', '123456', 1, '1', 0, 5, 'radiology.png', '1', '1', NULL, NULL),
(50, 'lab50', NULL, NULL, NULL, '1572370336', NULL, 1, 4, '31.208719429777', '29.97065550619', NULL, 'lab50@doctoraak.com', '123456', 1, '1', 0, 3, 'radiology.png', '1', '1', NULL, NULL),
(51, 'lab51', NULL, NULL, NULL, '1572370337', NULL, 1, 1, '31.088434779243', '29.940848593556', NULL, 'lab51@doctoraak.com', '123456', 1, '1', 0, 3, 'radiology.png', '1', '1', NULL, NULL),
(52, 'lab52', NULL, NULL, NULL, '1572370339', NULL, 5, 1, '31.387104641962', '30.130526791968', NULL, 'lab52@doctoraak.com', '123456', 1, '1', 0, 1, 'radiology.png', '1', '1', NULL, NULL),
(53, 'lab53', NULL, NULL, NULL, '1572370341', NULL, 2, 1, '31.16054843891', '29.963129459184', NULL, 'lab53@doctoraak.com', '123456', 1, '1', 0, 5, 'radiology.png', '1', '1', NULL, NULL),
(54, 'lab54', NULL, NULL, NULL, '1572370342', NULL, 1, 3, '31.139829204988', '29.967253129017', NULL, 'lab54@doctoraak.com', '123456', 1, '1', 0, 3, 'radiology.png', '1', '1', NULL, NULL),
(55, 'lab55', NULL, NULL, NULL, '1572370344', NULL, 5, 4, '31.195071852284', '29.988184627675', NULL, 'lab55@doctoraak.com', '123456', 1, '1', 0, 5, 'radiology.png', '1', '1', NULL, NULL),
(56, 'lab56', NULL, NULL, NULL, '1572370346', NULL, 5, 5, '31.237999666868', '30.021471084792', NULL, 'lab56@doctoraak.com', '123456', 1, '1', 0, 2, 'radiology.png', '1', '1', NULL, NULL),
(57, 'lab57', NULL, NULL, NULL, '1572370347', NULL, 4, 4, '31.200736821692', '29.981435189237', NULL, 'lab57@doctoraak.com', '123456', 1, '1', 0, 3, 'radiology.png', '1', '1', NULL, NULL),
(58, 'lab58', NULL, NULL, NULL, '1572370349', NULL, 1, 2, '31.100971303942', '29.948205057516', NULL, 'lab58@doctoraak.com', '123456', 1, '1', 0, 5, 'radiology.png', '1', '1', NULL, NULL),
(59, 'lab59', NULL, NULL, NULL, '1572370350', NULL, 4, 4, '31.06240048095', '30.206905997469', NULL, 'lab59@doctoraak.com', '123456', 1, '1', 0, 4, 'radiology.png', '1', '1', NULL, NULL),
(60, 'lab60', NULL, NULL, NULL, '1572370352', NULL, 1, 3, '31.255801454658', '29.911725334174', NULL, 'lab60@doctoraak.com', '123456', 1, '1', 0, 2, 'radiology.png', '1', '1', NULL, NULL),
(61, 'lab61', NULL, NULL, NULL, '1572370353', NULL, 3, 5, '31.063018652343', '29.982447932108', NULL, 'lab61@doctoraak.com', '123456', 1, '1', 0, 2, 'radiology.png', '1', '1', NULL, NULL),
(62, 'lab62', NULL, NULL, NULL, '1572370355', NULL, 4, 5, '31.128042192399', '29.900584595459', NULL, 'lab62@doctoraak.com', '123456', 1, '1', 0, 1, 'radiology.png', '1', '1', NULL, NULL),
(63, 'lab63', NULL, NULL, NULL, '1572370356', NULL, 2, 3, '31.029707120454', '30.010855520215', NULL, 'lab63@doctoraak.com', '123456', 1, '1', 0, 1, 'radiology.png', '1', '1', NULL, NULL),
(64, 'lab64', NULL, NULL, NULL, '1572370358', NULL, 5, 3, '31.212914480795', '29.804221077843', NULL, 'lab64@doctoraak.com', '123456', 1, '1', 0, 5, 'radiology.png', '1', '1', NULL, NULL),
(65, 'lab65', NULL, NULL, NULL, '1572370360', NULL, 3, 2, '31.153242303137', '29.996438865541', NULL, 'lab65@doctoraak.com', '123456', 1, '1', 0, 1, 'radiology.png', '1', '1', NULL, NULL),
(66, 'lab66', NULL, NULL, NULL, '1572370361', NULL, 2, 4, '31.227797308397', '30.040413381172', NULL, 'lab66@doctoraak.com', '123456', 1, '1', 0, 3, 'radiology.png', '1', '1', NULL, NULL),
(67, 'lab67', NULL, NULL, NULL, '1572370363', NULL, 1, 2, '31.190099194009', '29.763246019198', NULL, 'lab67@doctoraak.com', '123456', 1, '1', 0, 2, 'radiology.png', '1', '1', NULL, NULL),
(68, 'lab68', NULL, NULL, NULL, '1572370364', NULL, 1, 3, '31.146479224849', '30.041469506355', NULL, 'lab68@doctoraak.com', '123456', 1, '1', 0, 4, 'radiology.png', '1', '1', NULL, NULL),
(69, 'lab69', NULL, NULL, NULL, '1572370366', NULL, 5, 2, '31.1620699094', '29.979058514873', NULL, 'lab69@doctoraak.com', '123456', 1, '1', 0, 2, 'radiology.png', '1', '1', NULL, NULL),
(70, 'lab70', NULL, NULL, NULL, '1572370368', NULL, 4, 3, '31.1737879982', '30.002768903927', NULL, 'lab70@doctoraak.com', '123456', 1, '1', 0, 3, 'radiology.png', '1', '1', NULL, NULL),
(71, 'lab71', NULL, NULL, NULL, '1572370369', NULL, 5, 5, '31.157708072571', '29.995253893407', NULL, 'lab71@doctoraak.com', '123456', 1, '1', 0, 2, 'radiology.png', '1', '1', NULL, NULL),
(72, 'lab72', NULL, NULL, NULL, '1572370371', NULL, 4, 4, '31.128729687044', '30.229230960129', NULL, 'lab72@doctoraak.com', '123456', 1, '1', 0, 3, 'radiology.png', '1', '1', NULL, NULL),
(73, 'lab73', NULL, NULL, NULL, '1572370372', NULL, 1, 4, '31.287502574097', '29.970974364982', NULL, 'lab73@doctoraak.com', '123456', 1, '1', 0, 4, 'radiology.png', '1', '1', NULL, NULL),
(74, 'lab74', NULL, NULL, NULL, '1572370374', NULL, 1, 3, '30.968256514919', '29.836922042775', NULL, 'lab74@doctoraak.com', '123456', 1, '1', 0, 4, 'radiology.png', '1', '1', NULL, NULL),
(75, 'lab75', NULL, NULL, NULL, '1572370375', NULL, 1, 5, '31.070828207551', '29.994127461983', NULL, 'lab75@doctoraak.com', '123456', 1, '1', 0, 1, 'radiology.png', '1', '1', NULL, NULL),
(76, 'lab76', NULL, NULL, NULL, '1572370377', NULL, 2, 5, '31.253429798363', '29.865798051192', NULL, 'lab76@doctoraak.com', '123456', 1, '1', 0, 5, 'radiology.png', '1', '1', NULL, NULL),
(77, 'lab77', NULL, NULL, NULL, '1572370379', NULL, 5, 4, '31.129285862807', '29.968808070376', NULL, 'lab77@doctoraak.com', '123456', 1, '1', 0, 1, 'radiology.png', '1', '1', NULL, NULL),
(78, 'lab78', NULL, NULL, NULL, '1572370381', NULL, 5, 1, '31.111768658854', '29.912318383307', NULL, 'lab78@doctoraak.com', '123456', 1, '1', 0, 4, 'radiology.png', '1', '1', NULL, NULL),
(79, 'lab79', NULL, NULL, NULL, '1572370383', NULL, 2, 5, '31.019936494998', '30.033035666504', NULL, 'lab79@doctoraak.com', '123456', 1, '1', 0, 5, 'radiology.png', '1', '1', NULL, NULL),
(80, 'lab80', NULL, NULL, NULL, '1572370384', NULL, 5, 1, '31.104409496372', '29.97103225121', NULL, 'lab80@doctoraak.com', '123456', 1, '1', 0, 1, 'radiology.png', '1', '1', NULL, NULL),
(81, 'lab81', NULL, NULL, NULL, '1572370386', NULL, 2, 1, '31.145353960769', '29.99782973261', NULL, 'lab81@doctoraak.com', '123456', 1, '1', 0, 3, 'radiology.png', '1', '1', NULL, NULL),
(82, 'lab82', NULL, NULL, NULL, '1572370389', NULL, 1, 2, '31.231788026243', '30.115463593942', NULL, 'lab82@doctoraak.com', '123456', 1, '1', 0, 3, 'radiology.png', '1', '1', NULL, NULL),
(83, 'lab83', NULL, NULL, NULL, '1572370391', NULL, 5, 2, '31.06823459888', '29.989022104124', NULL, 'lab83@doctoraak.com', '123456', 1, '1', 0, 5, 'radiology.png', '1', '1', NULL, NULL),
(84, 'lab84', NULL, NULL, NULL, '1572370394', NULL, 1, 4, '31.168235435441', '30.045361783202', NULL, 'lab84@doctoraak.com', '123456', 1, '1', 0, 2, 'radiology.png', '1', '1', NULL, NULL),
(85, 'lab85', NULL, NULL, NULL, '1572370396', NULL, 2, 1, '31.16829743598', '30.021658956088', NULL, 'lab85@doctoraak.com', '123456', 1, '1', 0, 2, 'radiology.png', '1', '1', NULL, NULL),
(86, 'lab86', NULL, NULL, NULL, '1572370398', NULL, 4, 3, '31.144910896322', '29.997853618064', NULL, 'lab86@doctoraak.com', '123456', 1, '1', 0, 4, 'radiology.png', '1', '1', NULL, NULL),
(87, 'lab87', NULL, NULL, NULL, '1572370400', NULL, 4, 3, '31.152899289992', '30.013165886671', NULL, 'lab87@doctoraak.com', '123456', 1, '1', 0, 4, 'radiology.png', '1', '1', NULL, NULL),
(88, 'lab88', NULL, NULL, NULL, '1572370401', NULL, 5, 1, '31.122579951609', '30.060111635799', NULL, 'lab88@doctoraak.com', '123456', 1, '1', 0, 1, 'radiology.png', '1', '1', NULL, NULL),
(89, 'lab89', NULL, NULL, NULL, '1572370403', NULL, 4, 5, '31.068731702829', '30.009853529432', NULL, 'lab89@doctoraak.com', '123456', 1, '1', 0, 5, 'radiology.png', '1', '1', NULL, NULL),
(90, 'lab90', NULL, NULL, NULL, '1572370405', NULL, 3, 4, '31.127336627858', '30.001628031767', NULL, 'lab90@doctoraak.com', '123456', 1, '1', 0, 2, 'radiology.png', '1', '1', NULL, NULL),
(91, 'lab91', NULL, NULL, NULL, '1572370407', NULL, 5, 3, '31.087753421837', '30.00404513982', NULL, 'lab91@doctoraak.com', '123456', 1, '1', 0, 4, 'radiology.png', '1', '1', NULL, NULL),
(92, 'lab92', NULL, NULL, NULL, '1572370408', NULL, 1, 1, '31.243959524915', '30.16681789696', NULL, 'lab92@doctoraak.com', '123456', 1, '1', 0, 5, 'radiology.png', '1', '1', NULL, NULL),
(93, 'lab93', NULL, NULL, NULL, '1572370410', NULL, 3, 2, '31.288227360674', '30.115649430557', NULL, 'lab93@doctoraak.com', '123456', 1, '1', 0, 2, 'radiology.png', '1', '1', NULL, NULL),
(94, 'lab94', NULL, NULL, NULL, '1572370412', NULL, 1, 2, '31.187185707558', '30.004086909233', NULL, 'lab94@doctoraak.com', '123456', 1, '1', 0, 5, 'radiology.png', '1', '1', NULL, NULL),
(95, 'lab95', NULL, NULL, NULL, '1572370414', NULL, 5, 2, '31.008538155946', '30.018548468565', NULL, 'lab95@doctoraak.com', '123456', 1, '1', 0, 2, 'radiology.png', '1', '1', NULL, NULL),
(96, 'lab96', NULL, NULL, NULL, '1572370415', NULL, 2, 2, '31.232095476166', '30.029807315368', NULL, 'lab96@doctoraak.com', '123456', 1, '1', 0, 4, 'radiology.png', '1', '1', NULL, NULL),
(97, 'lab97', NULL, NULL, NULL, '1572370417', NULL, 1, 4, '31.072442333682', '29.733149161519', NULL, 'lab97@doctoraak.com', '123456', 1, '1', 0, 1, 'radiology.png', '1', '1', NULL, NULL),
(98, 'lab98', NULL, NULL, NULL, '1572370419', NULL, 2, 5, '31.163605452435', '30.008403138014', NULL, 'lab98@doctoraak.com', '123456', 1, '1', 0, 3, 'radiology.png', '1', '1', NULL, NULL),
(99, 'lab99', NULL, NULL, NULL, '1572370420', NULL, 2, 5, '31.010991944493', '29.965182127709', NULL, 'lab99@doctoraak.com', '123456', 1, '1', 0, 5, 'radiology.png', '1', '1', NULL, NULL),
(100, 'lab100', NULL, NULL, NULL, '1572370422', NULL, 1, 3, '31.200321384137', '30.088546486932', NULL, 'lab100@doctoraak.com', '123456', 1, '1', 0, 1, 'radiology.png', '1', '1', NULL, NULL);

-- --------------------------------------------------------

--
-- Table structure for table `radiology_doctors`
--

CREATE TABLE `radiology_doctors` (
  `id` bigint(20) UNSIGNED NOT NULL,
  `name` varchar(191) COLLATE utf8mb4_unicode_ci NOT NULL,
  `name_ar` varchar(191) COLLATE utf8mb4_unicode_ci DEFAULT NULL,
  `name_fr` varchar(191) COLLATE utf8mb4_unicode_ci DEFAULT NULL,
  `username` varchar(191) COLLATE utf8mb4_unicode_ci NOT NULL,
  `password` varchar(191) COLLATE utf8mb4_unicode_ci NOT NULL,
  `created_at` timestamp NULL DEFAULT NULL,
  `updated_at` timestamp NULL DEFAULT NULL
) ENGINE=InnoDB DEFAULT CHARSET=utf8mb4 COLLATE=utf8mb4_unicode_ci;

--
-- Dumping data for table `radiology_doctors`
--

INSERT INTO `radiology_doctors` (`id`, `name`, `name_ar`, `name_fr`, `username`, `password`, `created_at`, `updated_at`) VALUES
(1, 'radiology_doctor1', NULL, NULL, 'radiology_doctor1', '123456', NULL, NULL),
(2, 'radiology_doctor2', NULL, NULL, 'radiology_doctor2', '123456', NULL, NULL),
(3, 'radiology_doctor3', NULL, NULL, 'radiology_doctor3', '123456', NULL, NULL),
(4, 'radiology_doctor4', NULL, NULL, 'radiology_doctor4', '123456', NULL, NULL),
(5, 'radiology_doctor5', NULL, NULL, 'radiology_doctor5', '123456', NULL, NULL);

-- --------------------------------------------------------

--
-- Table structure for table `radiology_insurances`
--

CREATE TABLE `radiology_insurances` (
  `id` bigint(20) UNSIGNED NOT NULL,
  `radiology_id` int(11) NOT NULL,
  `insurance_id` int(11) NOT NULL,
  `created_at` timestamp NULL DEFAULT NULL,
  `updated_at` timestamp NULL DEFAULT NULL
) ENGINE=InnoDB DEFAULT CHARSET=utf8mb4 COLLATE=utf8mb4_unicode_ci;

--
-- Dumping data for table `radiology_insurances`
--

INSERT INTO `radiology_insurances` (`id`, `radiology_id`, `insurance_id`, `created_at`, `updated_at`) VALUES
(1, 1, 5, NULL, NULL),
(2, 2, 3, NULL, NULL),
(3, 3, 2, NULL, NULL),
(4, 4, 5, NULL, NULL),
(5, 5, 5, NULL, NULL),
(6, 6, 3, NULL, NULL),
(7, 7, 1, NULL, NULL),
(8, 8, 1, NULL, NULL),
(9, 9, 4, NULL, NULL),
(10, 10, 2, NULL, NULL),
(11, 11, 4, NULL, NULL),
(12, 12, 5, NULL, NULL),
(13, 13, 5, NULL, NULL),
(14, 14, 5, NULL, NULL),
(15, 15, 3, NULL, NULL),
(16, 16, 2, NULL, NULL),
(17, 17, 4, NULL, NULL),
(18, 18, 3, NULL, NULL),
(19, 19, 1, NULL, NULL),
(20, 20, 5, NULL, NULL),
(21, 21, 5, NULL, NULL),
(22, 22, 5, NULL, NULL),
(23, 23, 3, NULL, NULL),
(24, 24, 5, NULL, NULL),
(25, 25, 1, NULL, NULL),
(26, 26, 1, NULL, NULL),
(27, 27, 4, NULL, NULL),
(28, 28, 3, NULL, NULL),
(29, 29, 1, NULL, NULL),
(30, 30, 1, NULL, NULL),
(31, 31, 4, NULL, NULL),
(32, 32, 5, NULL, NULL),
(33, 33, 1, NULL, NULL),
(34, 34, 3, NULL, NULL),
(35, 35, 2, NULL, NULL),
(36, 36, 1, NULL, NULL),
(37, 37, 3, NULL, NULL),
(38, 38, 1, NULL, NULL),
(39, 39, 4, NULL, NULL),
(40, 40, 1, NULL, NULL),
(41, 41, 5, NULL, NULL),
(42, 42, 2, NULL, NULL),
(43, 43, 1, NULL, NULL),
(44, 44, 4, NULL, NULL),
(45, 45, 4, NULL, NULL),
(46, 46, 3, NULL, NULL),
(47, 47, 5, NULL, NULL),
(48, 48, 4, NULL, NULL),
(49, 49, 1, NULL, NULL),
(50, 50, 3, NULL, NULL),
(51, 51, 5, NULL, NULL),
(52, 52, 1, NULL, NULL),
(53, 53, 2, NULL, NULL),
(54, 54, 1, NULL, NULL),
(55, 55, 5, NULL, NULL),
(56, 56, 5, NULL, NULL),
(57, 57, 5, NULL, NULL),
(58, 58, 5, NULL, NULL),
(59, 59, 4, NULL, NULL),
(60, 60, 5, NULL, NULL),
(61, 61, 4, NULL, NULL),
(62, 62, 4, NULL, NULL),
(63, 63, 4, NULL, NULL),
(64, 64, 2, NULL, NULL),
(65, 65, 2, NULL, NULL),
(66, 66, 3, NULL, NULL),
(67, 67, 5, NULL, NULL),
(68, 68, 2, NULL, NULL),
(69, 69, 4, NULL, NULL),
(70, 70, 1, NULL, NULL),
(71, 71, 1, NULL, NULL),
(72, 72, 3, NULL, NULL),
(73, 73, 2, NULL, NULL),
(74, 74, 5, NULL, NULL),
(75, 75, 4, NULL, NULL),
(76, 76, 2, NULL, NULL),
(77, 77, 5, NULL, NULL),
(78, 78, 5, NULL, NULL),
(79, 79, 2, NULL, NULL),
(80, 80, 5, NULL, NULL),
(81, 81, 1, NULL, NULL),
(82, 82, 2, NULL, NULL),
(83, 83, 5, NULL, NULL),
(84, 84, 1, NULL, NULL),
(85, 85, 1, NULL, NULL),
(86, 86, 5, NULL, NULL),
(87, 87, 4, NULL, NULL),
(88, 88, 1, NULL, NULL),
(89, 89, 1, NULL, NULL),
(90, 90, 1, NULL, NULL),
(91, 91, 4, NULL, NULL),
(92, 92, 1, NULL, NULL),
(93, 93, 3, NULL, NULL),
(94, 94, 5, NULL, NULL),
(95, 95, 5, NULL, NULL),
(96, 96, 2, NULL, NULL),
(97, 97, 2, NULL, NULL),
(98, 98, 3, NULL, NULL),
(99, 99, 2, NULL, NULL),
(100, 100, 3, NULL, NULL);

-- --------------------------------------------------------

--
-- Table structure for table `radiology_orders`
--

CREATE TABLE `radiology_orders` (
  `id` bigint(20) UNSIGNED NOT NULL,
  `radiology_id` int(11) NOT NULL,
  `patient_id` int(11) NOT NULL,
  `notes` varchar(191) COLLATE utf8mb4_unicode_ci DEFAULT NULL,
  `photo` varchar(191) COLLATE utf8mb4_unicode_ci NOT NULL DEFAULT 'radiologyorder.png',
  `insurance_code` varchar(191) COLLATE utf8mb4_unicode_ci DEFAULT NULL,
  `insurance_accept` enum('accept','refused','required','notrequired') COLLATE utf8mb4_unicode_ci NOT NULL DEFAULT 'required',
  `created_at` timestamp NULL DEFAULT NULL,
  `updated_at` timestamp NULL DEFAULT NULL
) ENGINE=InnoDB DEFAULT CHARSET=utf8mb4 COLLATE=utf8mb4_unicode_ci;

--
-- Dumping data for table `radiology_orders`
--

INSERT INTO `radiology_orders` (`id`, `radiology_id`, `patient_id`, `notes`, `photo`, `insurance_code`, `insurance_accept`, `created_at`, `updated_at`) VALUES
(1, 40, 1, NULL, 'radiologyorder.png', NULL, 'required', '2019-10-26 07:00:00', '2019-10-30 01:25:02'),
(2, 40, 1, NULL, 'radiologyorder.png', NULL, 'required', '2019-10-26 07:00:00', '2019-10-30 01:26:27');

-- --------------------------------------------------------

--
-- Table structure for table `radiology_order_details`
--

CREATE TABLE `radiology_order_details` (
  `id` bigint(20) UNSIGNED NOT NULL,
  `radiology_order` int(11) NOT NULL,
  `rays_id` int(11) NOT NULL,
  `created_at` timestamp NULL DEFAULT NULL,
  `updated_at` timestamp NULL DEFAULT NULL
) ENGINE=InnoDB DEFAULT CHARSET=utf8mb4 COLLATE=utf8mb4_unicode_ci;

--
-- Dumping data for table `radiology_order_details`
--

INSERT INTO `radiology_order_details` (`id`, `radiology_order`, `rays_id`, `created_at`, `updated_at`) VALUES
(1, 1, 1, '2019-10-30 01:25:02', '2019-10-30 01:25:02'),
(2, 1, 1, '2019-10-30 01:25:02', '2019-10-30 01:25:02'),
(3, 1, 1, '2019-10-30 01:25:02', '2019-10-30 01:25:02'),
(4, 1, 1, '2019-10-30 01:25:02', '2019-10-30 01:25:02'),
(5, 1, 1, '2019-10-30 01:25:03', '2019-10-30 01:25:03'),
(6, 1, 1, '2019-10-30 01:25:03', '2019-10-30 01:25:03'),
(7, 1, 1, '2019-10-30 01:25:03', '2019-10-30 01:25:03'),
(8, 1, 1, '2019-10-30 01:25:03', '2019-10-30 01:25:03'),
(9, 1, 1, '2019-10-30 01:25:03', '2019-10-30 01:25:03'),
(10, 1, 1, '2019-10-30 01:25:03', '2019-10-30 01:25:03'),
(11, 2, 1, '2019-10-30 01:26:27', '2019-10-30 01:26:27'),
(12, 2, 1, '2019-10-30 01:26:27', '2019-10-30 01:26:27'),
(13, 2, 1, '2019-10-30 01:26:28', '2019-10-30 01:26:28'),
(14, 2, 1, '2019-10-30 01:26:28', '2019-10-30 01:26:28'),
(15, 2, 1, '2019-10-30 01:26:28', '2019-10-30 01:26:28'),
(16, 2, 1, '2019-10-30 01:26:28', '2019-10-30 01:26:28'),
(17, 2, 1, '2019-10-30 01:26:28', '2019-10-30 01:26:28'),
(18, 2, 1, '2019-10-30 01:26:28', '2019-10-30 01:26:28'),
(19, 2, 1, '2019-10-30 01:26:28', '2019-10-30 01:26:28'),
(20, 2, 1, '2019-10-30 01:26:28', '2019-10-30 01:26:28');

-- --------------------------------------------------------

--
-- Table structure for table `radiology_working_hours`
--

CREATE TABLE `radiology_working_hours` (
  `id` bigint(20) UNSIGNED NOT NULL,
  `radiology_id` int(11) NOT NULL,
  `day` int(11) NOT NULL,
  `part_from` time DEFAULT NULL,
  `part_to` time DEFAULT NULL,
  `active` tinyint(1) NOT NULL DEFAULT 0,
  `created_at` timestamp NULL DEFAULT NULL,
  `updated_at` timestamp NULL DEFAULT NULL
) ENGINE=InnoDB DEFAULT CHARSET=utf8mb4 COLLATE=utf8mb4_unicode_ci;

--
-- Dumping data for table `radiology_working_hours`
--

INSERT INTO `radiology_working_hours` (`id`, `radiology_id`, `day`, `part_from`, `part_to`, `active`, `created_at`, `updated_at`) VALUES
(1, 1, 1, '09:00:00', '22:00:00', 1, NULL, NULL),
(2, 1, 2, '08:00:00', '22:00:00', 1, NULL, NULL),
(3, 1, 3, '09:00:00', '23:00:00', 1, NULL, NULL),
(4, 1, 4, '08:00:00', '20:00:00', 1, NULL, NULL),
(5, 1, 5, '08:00:00', '21:00:00', 1, NULL, NULL),
(6, 1, 6, '08:00:00', '20:00:00', 0, NULL, NULL),
(7, 1, 7, '09:00:00', '21:00:00', 0, NULL, NULL),
(8, 2, 1, '08:00:00', '21:00:00', 1, NULL, NULL),
(9, 2, 2, '09:00:00', '23:00:00', 1, NULL, NULL),
(10, 2, 3, '09:00:00', '22:00:00', 1, NULL, NULL),
(11, 2, 4, '08:00:00', '21:00:00', 1, NULL, NULL),
(12, 2, 5, '08:00:00', '23:00:00', 1, NULL, NULL),
(13, 2, 6, '09:00:00', '21:00:00', 0, NULL, NULL),
(14, 2, 7, '08:00:00', '21:00:00', 0, NULL, NULL),
(15, 3, 1, '09:00:00', '20:00:00', 1, NULL, NULL),
(16, 3, 2, '08:00:00', '21:00:00', 1, NULL, NULL),
(17, 3, 3, '08:00:00', '20:00:00', 1, NULL, NULL),
(18, 3, 4, '09:00:00', '22:00:00', 1, NULL, NULL),
(19, 3, 5, '09:00:00', '22:00:00', 1, NULL, NULL),
(20, 3, 6, '08:00:00', '21:00:00', 0, NULL, NULL),
(21, 3, 7, '08:00:00', '21:00:00', 0, NULL, NULL),
(22, 4, 1, '09:00:00', '21:00:00', 1, NULL, NULL),
(23, 4, 2, '08:00:00', '23:00:00', 1, NULL, NULL),
(24, 4, 3, '08:00:00', '21:00:00', 1, NULL, NULL),
(25, 4, 4, '09:00:00', '20:00:00', 1, NULL, NULL),
(26, 4, 5, '09:00:00', '20:00:00', 1, NULL, NULL),
(27, 4, 6, '08:00:00', '21:00:00', 0, NULL, NULL),
(28, 4, 7, '08:00:00', '22:00:00', 0, NULL, NULL),
(29, 5, 1, '08:00:00', '22:00:00', 1, NULL, NULL),
(30, 5, 2, '09:00:00', '21:00:00', 1, NULL, NULL),
(31, 5, 3, '09:00:00', '21:00:00', 1, NULL, NULL),
(32, 5, 4, '08:00:00', '23:00:00', 1, NULL, NULL),
(33, 5, 5, '08:00:00', '21:00:00', 1, NULL, NULL),
(34, 5, 6, '09:00:00', '20:00:00', 0, NULL, NULL),
(35, 5, 7, '09:00:00', '20:00:00', 0, NULL, NULL),
(36, 6, 1, '09:00:00', '20:00:00', 1, NULL, NULL),
(37, 6, 2, '09:00:00', '21:00:00', 1, NULL, NULL),
(38, 6, 3, '08:00:00', '20:00:00', 1, NULL, NULL),
(39, 6, 4, '09:00:00', '21:00:00', 1, NULL, NULL),
(40, 6, 5, '08:00:00', '21:00:00', 1, NULL, NULL),
(41, 6, 6, '09:00:00', '21:00:00', 0, NULL, NULL),
(42, 6, 7, '08:00:00', '20:00:00', 0, NULL, NULL),
(43, 7, 1, '08:00:00', '20:00:00', 1, NULL, NULL),
(44, 7, 2, '08:00:00', '23:00:00', 1, NULL, NULL),
(45, 7, 3, '09:00:00', '20:00:00', 1, NULL, NULL),
(46, 7, 4, '08:00:00', '22:00:00', 1, NULL, NULL),
(47, 7, 5, '09:00:00', '23:00:00', 1, NULL, NULL),
(48, 7, 6, '09:00:00', '20:00:00', 0, NULL, NULL),
(49, 7, 7, '08:00:00', '23:00:00', 0, NULL, NULL),
(50, 8, 1, '09:00:00', '20:00:00', 1, NULL, NULL),
(51, 8, 2, '08:00:00', '22:00:00', 1, NULL, NULL),
(52, 8, 3, '08:00:00', '21:00:00', 1, NULL, NULL),
(53, 8, 4, '09:00:00', '21:00:00', 1, NULL, NULL),
(54, 8, 5, '08:00:00', '20:00:00', 1, NULL, NULL),
(55, 8, 6, '09:00:00', '23:00:00', 0, NULL, NULL),
(56, 8, 7, '09:00:00', '22:00:00', 0, NULL, NULL),
(57, 9, 1, '08:00:00', '23:00:00', 1, NULL, NULL),
(58, 9, 2, '09:00:00', '21:00:00', 1, NULL, NULL),
(59, 9, 3, '09:00:00', '23:00:00', 1, NULL, NULL),
(60, 9, 4, '09:00:00', '21:00:00', 1, NULL, NULL),
(61, 9, 5, '08:00:00', '20:00:00', 1, NULL, NULL),
(62, 9, 6, '08:00:00', '22:00:00', 0, NULL, NULL),
(63, 9, 7, '09:00:00', '22:00:00', 0, NULL, NULL),
(64, 10, 1, '09:00:00', '20:00:00', 1, NULL, NULL),
(65, 10, 2, '09:00:00', '23:00:00', 1, NULL, NULL),
(66, 10, 3, '08:00:00', '20:00:00', 1, NULL, NULL),
(67, 10, 4, '08:00:00', '21:00:00', 1, NULL, NULL),
(68, 10, 5, '09:00:00', '23:00:00', 1, NULL, NULL),
(69, 10, 6, '08:00:00', '20:00:00', 0, NULL, NULL),
(70, 10, 7, '08:00:00', '21:00:00', 0, NULL, NULL),
(71, 11, 1, '08:00:00', '22:00:00', 1, NULL, NULL),
(72, 11, 2, '09:00:00', '21:00:00', 1, NULL, NULL),
(73, 11, 3, '08:00:00', '21:00:00', 1, NULL, NULL),
(74, 11, 4, '09:00:00', '20:00:00', 1, NULL, NULL),
(75, 11, 5, '09:00:00', '23:00:00', 1, NULL, NULL),
(76, 11, 6, '08:00:00', '20:00:00', 0, NULL, NULL),
(77, 11, 7, '09:00:00', '21:00:00', 0, NULL, NULL),
(78, 12, 1, '08:00:00', '22:00:00', 1, NULL, NULL),
(79, 12, 2, '08:00:00', '22:00:00', 1, NULL, NULL),
(80, 12, 3, '09:00:00', '23:00:00', 1, NULL, NULL),
(81, 12, 4, '09:00:00', '22:00:00', 1, NULL, NULL),
(82, 12, 5, '08:00:00', '23:00:00', 1, NULL, NULL),
(83, 12, 6, '08:00:00', '21:00:00', 0, NULL, NULL),
(84, 12, 7, '09:00:00', '22:00:00', 0, NULL, NULL),
(85, 13, 1, '09:00:00', '23:00:00', 1, NULL, NULL),
(86, 13, 2, '08:00:00', '23:00:00', 1, NULL, NULL),
(87, 13, 3, '08:00:00', '22:00:00', 1, NULL, NULL),
(88, 13, 4, '08:00:00', '21:00:00', 1, NULL, NULL),
(89, 13, 5, '08:00:00', '20:00:00', 1, NULL, NULL),
(90, 13, 6, '08:00:00', '21:00:00', 0, NULL, NULL),
(91, 13, 7, '09:00:00', '21:00:00', 0, NULL, NULL),
(92, 14, 1, '09:00:00', '21:00:00', 1, NULL, NULL),
(93, 14, 2, '09:00:00', '21:00:00', 1, NULL, NULL),
(94, 14, 3, '09:00:00', '21:00:00', 1, NULL, NULL),
(95, 14, 4, '08:00:00', '20:00:00', 1, NULL, NULL),
(96, 14, 5, '09:00:00', '20:00:00', 1, NULL, NULL),
(97, 14, 6, '09:00:00', '21:00:00', 0, NULL, NULL),
(98, 14, 7, '08:00:00', '20:00:00', 0, NULL, NULL),
(99, 15, 1, '08:00:00', '22:00:00', 1, NULL, NULL),
(100, 15, 2, '09:00:00', '22:00:00', 1, NULL, NULL),
(101, 15, 3, '08:00:00', '20:00:00', 1, NULL, NULL),
(102, 15, 4, '09:00:00', '20:00:00', 1, NULL, NULL),
(103, 15, 5, '08:00:00', '20:00:00', 1, NULL, NULL),
(104, 15, 6, '08:00:00', '23:00:00', 0, NULL, NULL),
(105, 15, 7, '09:00:00', '20:00:00', 0, NULL, NULL),
(106, 16, 1, '08:00:00', '22:00:00', 1, NULL, NULL),
(107, 16, 2, '08:00:00', '21:00:00', 1, NULL, NULL),
(108, 16, 3, '08:00:00', '20:00:00', 1, NULL, NULL),
(109, 16, 4, '08:00:00', '23:00:00', 1, NULL, NULL),
(110, 16, 5, '08:00:00', '23:00:00', 1, NULL, NULL),
(111, 16, 6, '08:00:00', '20:00:00', 0, NULL, NULL),
(112, 16, 7, '09:00:00', '20:00:00', 0, NULL, NULL),
(113, 17, 1, '09:00:00', '23:00:00', 1, NULL, NULL),
(114, 17, 2, '08:00:00', '22:00:00', 1, NULL, NULL),
(115, 17, 3, '09:00:00', '22:00:00', 1, NULL, NULL),
(116, 17, 4, '09:00:00', '20:00:00', 1, NULL, NULL),
(117, 17, 5, '09:00:00', '20:00:00', 1, NULL, NULL),
(118, 17, 6, '09:00:00', '20:00:00', 0, NULL, NULL),
(119, 17, 7, '08:00:00', '21:00:00', 0, NULL, NULL),
(120, 18, 1, '08:00:00', '23:00:00', 1, NULL, NULL),
(121, 18, 2, '08:00:00', '21:00:00', 1, NULL, NULL),
(122, 18, 3, '09:00:00', '23:00:00', 1, NULL, NULL),
(123, 18, 4, '09:00:00', '21:00:00', 1, NULL, NULL),
(124, 18, 5, '09:00:00', '23:00:00', 1, NULL, NULL),
(125, 18, 6, '09:00:00', '22:00:00', 0, NULL, NULL),
(126, 18, 7, '09:00:00', '21:00:00', 0, NULL, NULL),
(127, 19, 1, '08:00:00', '23:00:00', 1, NULL, NULL),
(128, 19, 2, '08:00:00', '23:00:00', 1, NULL, NULL),
(129, 19, 3, '08:00:00', '21:00:00', 1, NULL, NULL),
(130, 19, 4, '09:00:00', '22:00:00', 1, NULL, NULL),
(131, 19, 5, '09:00:00', '22:00:00', 1, NULL, NULL),
(132, 19, 6, '09:00:00', '21:00:00', 0, NULL, NULL),
(133, 19, 7, '09:00:00', '22:00:00', 0, NULL, NULL),
(134, 20, 1, '08:00:00', '22:00:00', 1, NULL, NULL),
(135, 20, 2, '09:00:00', '21:00:00', 1, NULL, NULL),
(136, 20, 3, '08:00:00', '20:00:00', 1, NULL, NULL),
(137, 20, 4, '08:00:00', '20:00:00', 1, NULL, NULL),
(138, 20, 5, '09:00:00', '21:00:00', 1, NULL, NULL),
(139, 20, 6, '08:00:00', '22:00:00', 0, NULL, NULL),
(140, 20, 7, '08:00:00', '23:00:00', 0, NULL, NULL),
(141, 21, 1, '09:00:00', '20:00:00', 1, NULL, NULL),
(142, 21, 2, '08:00:00', '20:00:00', 1, NULL, NULL),
(143, 21, 3, '08:00:00', '23:00:00', 1, NULL, NULL),
(144, 21, 4, '08:00:00', '23:00:00', 1, NULL, NULL),
(145, 21, 5, '09:00:00', '23:00:00', 1, NULL, NULL),
(146, 21, 6, '09:00:00', '20:00:00', 0, NULL, NULL),
(147, 21, 7, '09:00:00', '23:00:00', 0, NULL, NULL),
(148, 22, 1, '09:00:00', '22:00:00', 1, NULL, NULL),
(149, 22, 2, '08:00:00', '23:00:00', 1, NULL, NULL),
(150, 22, 3, '08:00:00', '20:00:00', 1, NULL, NULL),
(151, 22, 4, '09:00:00', '23:00:00', 1, NULL, NULL),
(152, 22, 5, '09:00:00', '23:00:00', 1, NULL, NULL),
(153, 22, 6, '09:00:00', '20:00:00', 0, NULL, NULL),
(154, 22, 7, '08:00:00', '22:00:00', 0, NULL, NULL),
(155, 23, 1, '08:00:00', '21:00:00', 1, NULL, NULL),
(156, 23, 2, '08:00:00', '22:00:00', 1, NULL, NULL),
(157, 23, 3, '08:00:00', '21:00:00', 1, NULL, NULL),
(158, 23, 4, '09:00:00', '21:00:00', 1, NULL, NULL),
(159, 23, 5, '09:00:00', '22:00:00', 1, NULL, NULL),
(160, 23, 6, '08:00:00', '23:00:00', 0, NULL, NULL),
(161, 23, 7, '09:00:00', '22:00:00', 0, NULL, NULL),
(162, 24, 1, '09:00:00', '23:00:00', 1, NULL, NULL),
(163, 24, 2, '08:00:00', '20:00:00', 1, NULL, NULL),
(164, 24, 3, '09:00:00', '20:00:00', 1, NULL, NULL),
(165, 24, 4, '09:00:00', '21:00:00', 1, NULL, NULL),
(166, 24, 5, '08:00:00', '23:00:00', 1, NULL, NULL),
(167, 24, 6, '09:00:00', '20:00:00', 0, NULL, NULL),
(168, 24, 7, '08:00:00', '20:00:00', 0, NULL, NULL),
(169, 25, 1, '08:00:00', '22:00:00', 1, NULL, NULL),
(170, 25, 2, '08:00:00', '20:00:00', 1, NULL, NULL),
(171, 25, 3, '09:00:00', '22:00:00', 1, NULL, NULL),
(172, 25, 4, '09:00:00', '23:00:00', 1, NULL, NULL),
(173, 25, 5, '08:00:00', '20:00:00', 1, NULL, NULL),
(174, 25, 6, '09:00:00', '21:00:00', 0, NULL, NULL),
(175, 25, 7, '09:00:00', '21:00:00', 0, NULL, NULL),
(176, 26, 1, '08:00:00', '20:00:00', 1, NULL, NULL),
(177, 26, 2, '08:00:00', '20:00:00', 1, NULL, NULL),
(178, 26, 3, '09:00:00', '22:00:00', 1, NULL, NULL),
(179, 26, 4, '08:00:00', '22:00:00', 1, NULL, NULL),
(180, 26, 5, '09:00:00', '23:00:00', 1, NULL, NULL),
(181, 26, 6, '09:00:00', '22:00:00', 0, NULL, NULL),
(182, 26, 7, '09:00:00', '23:00:00', 0, NULL, NULL),
(183, 27, 1, '08:00:00', '20:00:00', 1, NULL, NULL),
(184, 27, 2, '09:00:00', '20:00:00', 1, NULL, NULL),
(185, 27, 3, '08:00:00', '23:00:00', 1, NULL, NULL),
(186, 27, 4, '09:00:00', '23:00:00', 1, NULL, NULL),
(187, 27, 5, '09:00:00', '21:00:00', 1, NULL, NULL),
(188, 27, 6, '08:00:00', '21:00:00', 0, NULL, NULL),
(189, 27, 7, '09:00:00', '21:00:00', 0, NULL, NULL),
(190, 28, 1, '08:00:00', '21:00:00', 1, NULL, NULL),
(191, 28, 2, '08:00:00', '20:00:00', 1, NULL, NULL),
(192, 28, 3, '09:00:00', '23:00:00', 1, NULL, NULL),
(193, 28, 4, '09:00:00', '23:00:00', 1, NULL, NULL),
(194, 28, 5, '08:00:00', '22:00:00', 1, NULL, NULL),
(195, 28, 6, '08:00:00', '22:00:00', 0, NULL, NULL),
(196, 28, 7, '08:00:00', '21:00:00', 0, NULL, NULL),
(197, 29, 1, '09:00:00', '21:00:00', 1, NULL, NULL),
(198, 29, 2, '09:00:00', '23:00:00', 1, NULL, NULL),
(199, 29, 3, '08:00:00', '23:00:00', 1, NULL, NULL),
(200, 29, 4, '08:00:00', '20:00:00', 1, NULL, NULL),
(201, 29, 5, '08:00:00', '20:00:00', 1, NULL, NULL),
(202, 29, 6, '08:00:00', '22:00:00', 0, NULL, NULL),
(203, 29, 7, '09:00:00', '20:00:00', 0, NULL, NULL),
(204, 30, 1, '09:00:00', '22:00:00', 1, NULL, NULL),
(205, 30, 2, '08:00:00', '22:00:00', 1, NULL, NULL),
(206, 30, 3, '09:00:00', '20:00:00', 1, NULL, NULL),
(207, 30, 4, '08:00:00', '20:00:00', 1, NULL, NULL),
(208, 30, 5, '08:00:00', '22:00:00', 1, NULL, NULL),
(209, 30, 6, '09:00:00', '21:00:00', 0, NULL, NULL),
(210, 30, 7, '09:00:00', '21:00:00', 0, NULL, NULL),
(211, 31, 1, '08:00:00', '22:00:00', 1, NULL, NULL),
(212, 31, 2, '08:00:00', '21:00:00', 1, NULL, NULL),
(213, 31, 3, '09:00:00', '22:00:00', 1, NULL, NULL),
(214, 31, 4, '08:00:00', '21:00:00', 1, NULL, NULL),
(215, 31, 5, '09:00:00', '20:00:00', 1, NULL, NULL),
(216, 31, 6, '09:00:00', '22:00:00', 0, NULL, NULL),
(217, 31, 7, '09:00:00', '23:00:00', 0, NULL, NULL),
(218, 32, 1, '09:00:00', '20:00:00', 1, NULL, NULL),
(219, 32, 2, '08:00:00', '21:00:00', 1, NULL, NULL),
(220, 32, 3, '09:00:00', '23:00:00', 1, NULL, NULL),
(221, 32, 4, '08:00:00', '22:00:00', 1, NULL, NULL),
(222, 32, 5, '09:00:00', '21:00:00', 1, NULL, NULL),
(223, 32, 6, '08:00:00', '23:00:00', 0, NULL, NULL),
(224, 32, 7, '09:00:00', '23:00:00', 0, NULL, NULL),
(225, 33, 1, '08:00:00', '20:00:00', 1, NULL, NULL),
(226, 33, 2, '08:00:00', '21:00:00', 1, NULL, NULL),
(227, 33, 3, '09:00:00', '20:00:00', 1, NULL, NULL),
(228, 33, 4, '08:00:00', '21:00:00', 1, NULL, NULL),
(229, 33, 5, '09:00:00', '21:00:00', 1, NULL, NULL),
(230, 33, 6, '09:00:00', '23:00:00', 0, NULL, NULL),
(231, 33, 7, '08:00:00', '20:00:00', 0, NULL, NULL),
(232, 34, 1, '08:00:00', '22:00:00', 1, NULL, NULL),
(233, 34, 2, '08:00:00', '21:00:00', 1, NULL, NULL),
(234, 34, 3, '09:00:00', '20:00:00', 1, NULL, NULL),
(235, 34, 4, '08:00:00', '22:00:00', 1, NULL, NULL),
(236, 34, 5, '09:00:00', '20:00:00', 1, NULL, NULL),
(237, 34, 6, '08:00:00', '23:00:00', 0, NULL, NULL),
(238, 34, 7, '09:00:00', '20:00:00', 0, NULL, NULL),
(239, 35, 1, '08:00:00', '23:00:00', 1, NULL, NULL),
(240, 35, 2, '09:00:00', '22:00:00', 1, NULL, NULL),
(241, 35, 3, '08:00:00', '20:00:00', 1, NULL, NULL),
(242, 35, 4, '09:00:00', '21:00:00', 1, NULL, NULL),
(243, 35, 5, '09:00:00', '20:00:00', 1, NULL, NULL),
(244, 35, 6, '09:00:00', '20:00:00', 0, NULL, NULL),
(245, 35, 7, '09:00:00', '22:00:00', 0, NULL, NULL),
(246, 36, 1, '08:00:00', '20:00:00', 1, NULL, NULL),
(247, 36, 2, '09:00:00', '20:00:00', 1, NULL, NULL),
(248, 36, 3, '09:00:00', '22:00:00', 1, NULL, NULL),
(249, 36, 4, '09:00:00', '20:00:00', 1, NULL, NULL),
(250, 36, 5, '08:00:00', '20:00:00', 1, NULL, NULL),
(251, 36, 6, '09:00:00', '20:00:00', 0, NULL, NULL),
(252, 36, 7, '09:00:00', '21:00:00', 0, NULL, NULL),
(253, 37, 1, '08:00:00', '23:00:00', 1, NULL, NULL),
(254, 37, 2, '09:00:00', '23:00:00', 1, NULL, NULL),
(255, 37, 3, '09:00:00', '21:00:00', 1, NULL, NULL),
(256, 37, 4, '09:00:00', '22:00:00', 1, NULL, NULL),
(257, 37, 5, '09:00:00', '20:00:00', 1, NULL, NULL),
(258, 37, 6, '09:00:00', '20:00:00', 0, NULL, NULL),
(259, 37, 7, '08:00:00', '21:00:00', 0, NULL, NULL),
(260, 38, 1, '08:00:00', '23:00:00', 1, NULL, NULL),
(261, 38, 2, '09:00:00', '21:00:00', 1, NULL, NULL),
(262, 38, 3, '09:00:00', '21:00:00', 1, NULL, NULL),
(263, 38, 4, '08:00:00', '20:00:00', 1, NULL, NULL),
(264, 38, 5, '08:00:00', '22:00:00', 1, NULL, NULL),
(265, 38, 6, '08:00:00', '20:00:00', 0, NULL, NULL),
(266, 38, 7, '08:00:00', '21:00:00', 0, NULL, NULL),
(267, 39, 1, '09:00:00', '22:00:00', 1, NULL, NULL),
(268, 39, 2, '09:00:00', '20:00:00', 1, NULL, NULL),
(269, 39, 3, '09:00:00', '22:00:00', 1, NULL, NULL),
(270, 39, 4, '08:00:00', '20:00:00', 1, NULL, NULL),
(271, 39, 5, '09:00:00', '21:00:00', 1, NULL, NULL),
(272, 39, 6, '08:00:00', '22:00:00', 0, NULL, NULL),
(273, 39, 7, '09:00:00', '20:00:00', 0, NULL, NULL),
(274, 40, 1, '08:00:00', '21:00:00', 1, NULL, NULL),
(275, 40, 2, '08:00:00', '20:00:00', 1, NULL, NULL),
(276, 40, 3, '08:00:00', '22:00:00', 1, NULL, NULL),
(277, 40, 4, '09:00:00', '22:00:00', 1, NULL, NULL),
(278, 40, 5, '08:00:00', '23:00:00', 1, NULL, NULL),
(279, 40, 6, '08:00:00', '21:00:00', 0, NULL, NULL),
(280, 40, 7, '08:00:00', '20:00:00', 0, NULL, NULL),
(281, 41, 1, '08:00:00', '22:00:00', 1, NULL, NULL),
(282, 41, 2, '09:00:00', '22:00:00', 1, NULL, NULL),
(283, 41, 3, '09:00:00', '20:00:00', 1, NULL, NULL),
(284, 41, 4, '09:00:00', '23:00:00', 1, NULL, NULL),
(285, 41, 5, '08:00:00', '21:00:00', 1, NULL, NULL),
(286, 41, 6, '08:00:00', '20:00:00', 0, NULL, NULL),
(287, 41, 7, '08:00:00', '22:00:00', 0, NULL, NULL),
(288, 42, 1, '08:00:00', '23:00:00', 1, NULL, NULL),
(289, 42, 2, '09:00:00', '21:00:00', 1, NULL, NULL),
(290, 42, 3, '09:00:00', '21:00:00', 1, NULL, NULL),
(291, 42, 4, '08:00:00', '23:00:00', 1, NULL, NULL),
(292, 42, 5, '09:00:00', '22:00:00', 1, NULL, NULL),
(293, 42, 6, '08:00:00', '23:00:00', 0, NULL, NULL),
(294, 42, 7, '09:00:00', '20:00:00', 0, NULL, NULL),
(295, 43, 1, '08:00:00', '21:00:00', 1, NULL, NULL),
(296, 43, 2, '08:00:00', '20:00:00', 1, NULL, NULL),
(297, 43, 3, '09:00:00', '22:00:00', 1, NULL, NULL),
(298, 43, 4, '09:00:00', '23:00:00', 1, NULL, NULL),
(299, 43, 5, '08:00:00', '23:00:00', 1, NULL, NULL),
(300, 43, 6, '08:00:00', '23:00:00', 0, NULL, NULL),
(301, 43, 7, '08:00:00', '22:00:00', 0, NULL, NULL),
(302, 44, 1, '09:00:00', '21:00:00', 1, NULL, NULL),
(303, 44, 2, '08:00:00', '22:00:00', 1, NULL, NULL),
(304, 44, 3, '09:00:00', '23:00:00', 1, NULL, NULL),
(305, 44, 4, '09:00:00', '23:00:00', 1, NULL, NULL),
(306, 44, 5, '09:00:00', '22:00:00', 1, NULL, NULL),
(307, 44, 6, '08:00:00', '23:00:00', 0, NULL, NULL),
(308, 44, 7, '09:00:00', '23:00:00', 0, NULL, NULL),
(309, 45, 1, '08:00:00', '20:00:00', 1, NULL, NULL),
(310, 45, 2, '09:00:00', '21:00:00', 1, NULL, NULL),
(311, 45, 3, '09:00:00', '21:00:00', 1, NULL, NULL),
(312, 45, 4, '09:00:00', '22:00:00', 1, NULL, NULL),
(313, 45, 5, '09:00:00', '20:00:00', 1, NULL, NULL),
(314, 45, 6, '09:00:00', '21:00:00', 0, NULL, NULL),
(315, 45, 7, '09:00:00', '23:00:00', 0, NULL, NULL),
(316, 46, 1, '08:00:00', '23:00:00', 1, NULL, NULL),
(317, 46, 2, '08:00:00', '23:00:00', 1, NULL, NULL),
(318, 46, 3, '08:00:00', '23:00:00', 1, NULL, NULL),
(319, 46, 4, '08:00:00', '23:00:00', 1, NULL, NULL),
(320, 46, 5, '09:00:00', '20:00:00', 1, NULL, NULL),
(321, 46, 6, '08:00:00', '21:00:00', 0, NULL, NULL),
(322, 46, 7, '08:00:00', '20:00:00', 0, NULL, NULL),
(323, 47, 1, '08:00:00', '23:00:00', 1, NULL, NULL),
(324, 47, 2, '09:00:00', '22:00:00', 1, NULL, NULL),
(325, 47, 3, '09:00:00', '23:00:00', 1, NULL, NULL),
(326, 47, 4, '09:00:00', '23:00:00', 1, NULL, NULL),
(327, 47, 5, '08:00:00', '23:00:00', 1, NULL, NULL),
(328, 47, 6, '09:00:00', '21:00:00', 0, NULL, NULL),
(329, 47, 7, '09:00:00', '22:00:00', 0, NULL, NULL),
(330, 48, 1, '09:00:00', '23:00:00', 1, NULL, NULL),
(331, 48, 2, '09:00:00', '20:00:00', 1, NULL, NULL),
(332, 48, 3, '09:00:00', '23:00:00', 1, NULL, NULL),
(333, 48, 4, '09:00:00', '20:00:00', 1, NULL, NULL),
(334, 48, 5, '09:00:00', '21:00:00', 1, NULL, NULL),
(335, 48, 6, '08:00:00', '22:00:00', 0, NULL, NULL),
(336, 48, 7, '08:00:00', '23:00:00', 0, NULL, NULL),
(337, 49, 1, '09:00:00', '22:00:00', 1, NULL, NULL),
(338, 49, 2, '09:00:00', '22:00:00', 1, NULL, NULL),
(339, 49, 3, '08:00:00', '22:00:00', 1, NULL, NULL),
(340, 49, 4, '09:00:00', '23:00:00', 1, NULL, NULL),
(341, 49, 5, '08:00:00', '23:00:00', 1, NULL, NULL),
(342, 49, 6, '08:00:00', '23:00:00', 0, NULL, NULL),
(343, 49, 7, '08:00:00', '23:00:00', 0, NULL, NULL),
(344, 50, 1, '09:00:00', '23:00:00', 1, NULL, NULL),
(345, 50, 2, '08:00:00', '21:00:00', 1, NULL, NULL),
(346, 50, 3, '08:00:00', '22:00:00', 1, NULL, NULL),
(347, 50, 4, '08:00:00', '20:00:00', 1, NULL, NULL),
(348, 50, 5, '08:00:00', '21:00:00', 1, NULL, NULL),
(349, 50, 6, '09:00:00', '21:00:00', 0, NULL, NULL),
(350, 50, 7, '08:00:00', '23:00:00', 0, NULL, NULL),
(351, 51, 1, '08:00:00', '20:00:00', 1, NULL, NULL),
(352, 51, 2, '09:00:00', '23:00:00', 1, NULL, NULL),
(353, 51, 3, '08:00:00', '23:00:00', 1, NULL, NULL),
(354, 51, 4, '08:00:00', '20:00:00', 1, NULL, NULL),
(355, 51, 5, '09:00:00', '20:00:00', 1, NULL, NULL),
(356, 51, 6, '08:00:00', '22:00:00', 0, NULL, NULL),
(357, 51, 7, '08:00:00', '23:00:00', 0, NULL, NULL),
(358, 52, 1, '08:00:00', '20:00:00', 1, NULL, NULL),
(359, 52, 2, '08:00:00', '20:00:00', 1, NULL, NULL),
(360, 52, 3, '09:00:00', '20:00:00', 1, NULL, NULL),
(361, 52, 4, '09:00:00', '23:00:00', 1, NULL, NULL),
(362, 52, 5, '09:00:00', '23:00:00', 1, NULL, NULL),
(363, 52, 6, '09:00:00', '23:00:00', 0, NULL, NULL),
(364, 52, 7, '08:00:00', '22:00:00', 0, NULL, NULL),
(365, 53, 1, '08:00:00', '20:00:00', 1, NULL, NULL),
(366, 53, 2, '08:00:00', '20:00:00', 1, NULL, NULL),
(367, 53, 3, '08:00:00', '22:00:00', 1, NULL, NULL),
(368, 53, 4, '09:00:00', '21:00:00', 1, NULL, NULL),
(369, 53, 5, '08:00:00', '22:00:00', 1, NULL, NULL),
(370, 53, 6, '08:00:00', '23:00:00', 0, NULL, NULL),
(371, 53, 7, '09:00:00', '20:00:00', 0, NULL, NULL),
(372, 54, 1, '08:00:00', '20:00:00', 1, NULL, NULL),
(373, 54, 2, '09:00:00', '23:00:00', 1, NULL, NULL),
(374, 54, 3, '08:00:00', '20:00:00', 1, NULL, NULL),
(375, 54, 4, '08:00:00', '22:00:00', 1, NULL, NULL),
(376, 54, 5, '09:00:00', '23:00:00', 1, NULL, NULL),
(377, 54, 6, '08:00:00', '22:00:00', 0, NULL, NULL),
(378, 54, 7, '08:00:00', '20:00:00', 0, NULL, NULL),
(379, 55, 1, '08:00:00', '23:00:00', 1, NULL, NULL),
(380, 55, 2, '08:00:00', '20:00:00', 1, NULL, NULL),
(381, 55, 3, '08:00:00', '22:00:00', 1, NULL, NULL),
(382, 55, 4, '09:00:00', '20:00:00', 1, NULL, NULL),
(383, 55, 5, '09:00:00', '23:00:00', 1, NULL, NULL),
(384, 55, 6, '09:00:00', '21:00:00', 0, NULL, NULL),
(385, 55, 7, '09:00:00', '22:00:00', 0, NULL, NULL),
(386, 56, 1, '08:00:00', '20:00:00', 1, NULL, NULL),
(387, 56, 2, '08:00:00', '22:00:00', 1, NULL, NULL),
(388, 56, 3, '08:00:00', '23:00:00', 1, NULL, NULL),
(389, 56, 4, '09:00:00', '22:00:00', 1, NULL, NULL),
(390, 56, 5, '08:00:00', '22:00:00', 1, NULL, NULL),
(391, 56, 6, '09:00:00', '21:00:00', 0, NULL, NULL),
(392, 56, 7, '08:00:00', '20:00:00', 0, NULL, NULL),
(393, 57, 1, '09:00:00', '21:00:00', 1, NULL, NULL),
(394, 57, 2, '09:00:00', '20:00:00', 1, NULL, NULL),
(395, 57, 3, '09:00:00', '23:00:00', 1, NULL, NULL),
(396, 57, 4, '09:00:00', '23:00:00', 1, NULL, NULL),
(397, 57, 5, '08:00:00', '22:00:00', 1, NULL, NULL),
(398, 57, 6, '08:00:00', '22:00:00', 0, NULL, NULL),
(399, 57, 7, '09:00:00', '23:00:00', 0, NULL, NULL),
(400, 58, 1, '08:00:00', '23:00:00', 1, NULL, NULL),
(401, 58, 2, '08:00:00', '23:00:00', 1, NULL, NULL),
(402, 58, 3, '08:00:00', '21:00:00', 1, NULL, NULL),
(403, 58, 4, '08:00:00', '22:00:00', 1, NULL, NULL),
(404, 58, 5, '08:00:00', '22:00:00', 1, NULL, NULL),
(405, 58, 6, '08:00:00', '22:00:00', 0, NULL, NULL),
(406, 58, 7, '08:00:00', '20:00:00', 0, NULL, NULL),
(407, 59, 1, '09:00:00', '22:00:00', 1, NULL, NULL),
(408, 59, 2, '08:00:00', '20:00:00', 1, NULL, NULL),
(409, 59, 3, '09:00:00', '23:00:00', 1, NULL, NULL),
(410, 59, 4, '08:00:00', '23:00:00', 1, NULL, NULL),
(411, 59, 5, '09:00:00', '23:00:00', 1, NULL, NULL),
(412, 59, 6, '08:00:00', '22:00:00', 0, NULL, NULL),
(413, 59, 7, '09:00:00', '23:00:00', 0, NULL, NULL),
(414, 60, 1, '08:00:00', '20:00:00', 1, NULL, NULL),
(415, 60, 2, '08:00:00', '23:00:00', 1, NULL, NULL),
(416, 60, 3, '09:00:00', '21:00:00', 1, NULL, NULL),
(417, 60, 4, '08:00:00', '20:00:00', 1, NULL, NULL),
(418, 60, 5, '08:00:00', '20:00:00', 1, NULL, NULL),
(419, 60, 6, '09:00:00', '20:00:00', 0, NULL, NULL),
(420, 60, 7, '09:00:00', '22:00:00', 0, NULL, NULL),
(421, 61, 1, '08:00:00', '22:00:00', 1, NULL, NULL),
(422, 61, 2, '08:00:00', '20:00:00', 1, NULL, NULL),
(423, 61, 3, '09:00:00', '23:00:00', 1, NULL, NULL),
(424, 61, 4, '08:00:00', '21:00:00', 1, NULL, NULL),
(425, 61, 5, '09:00:00', '20:00:00', 1, NULL, NULL),
(426, 61, 6, '09:00:00', '20:00:00', 0, NULL, NULL),
(427, 61, 7, '09:00:00', '21:00:00', 0, NULL, NULL),
(428, 62, 1, '09:00:00', '20:00:00', 1, NULL, NULL),
(429, 62, 2, '08:00:00', '23:00:00', 1, NULL, NULL),
(430, 62, 3, '08:00:00', '21:00:00', 1, NULL, NULL),
(431, 62, 4, '08:00:00', '20:00:00', 1, NULL, NULL),
(432, 62, 5, '08:00:00', '21:00:00', 1, NULL, NULL),
(433, 62, 6, '09:00:00', '21:00:00', 0, NULL, NULL),
(434, 62, 7, '09:00:00', '22:00:00', 0, NULL, NULL),
(435, 63, 1, '08:00:00', '20:00:00', 1, NULL, NULL),
(436, 63, 2, '08:00:00', '21:00:00', 1, NULL, NULL),
(437, 63, 3, '08:00:00', '20:00:00', 1, NULL, NULL),
(438, 63, 4, '08:00:00', '20:00:00', 1, NULL, NULL),
(439, 63, 5, '09:00:00', '21:00:00', 1, NULL, NULL),
(440, 63, 6, '09:00:00', '21:00:00', 0, NULL, NULL),
(441, 63, 7, '09:00:00', '22:00:00', 0, NULL, NULL),
(442, 64, 1, '08:00:00', '22:00:00', 1, NULL, NULL),
(443, 64, 2, '08:00:00', '22:00:00', 1, NULL, NULL),
(444, 64, 3, '09:00:00', '23:00:00', 1, NULL, NULL),
(445, 64, 4, '08:00:00', '23:00:00', 1, NULL, NULL),
(446, 64, 5, '08:00:00', '20:00:00', 1, NULL, NULL),
(447, 64, 6, '08:00:00', '21:00:00', 0, NULL, NULL),
(448, 64, 7, '09:00:00', '20:00:00', 0, NULL, NULL),
(449, 65, 1, '08:00:00', '20:00:00', 1, NULL, NULL),
(450, 65, 2, '08:00:00', '22:00:00', 1, NULL, NULL),
(451, 65, 3, '08:00:00', '22:00:00', 1, NULL, NULL),
(452, 65, 4, '09:00:00', '20:00:00', 1, NULL, NULL),
(453, 65, 5, '08:00:00', '20:00:00', 1, NULL, NULL),
(454, 65, 6, '08:00:00', '20:00:00', 0, NULL, NULL),
(455, 65, 7, '09:00:00', '21:00:00', 0, NULL, NULL),
(456, 66, 1, '09:00:00', '22:00:00', 1, NULL, NULL),
(457, 66, 2, '08:00:00', '23:00:00', 1, NULL, NULL),
(458, 66, 3, '09:00:00', '22:00:00', 1, NULL, NULL),
(459, 66, 4, '08:00:00', '21:00:00', 1, NULL, NULL),
(460, 66, 5, '08:00:00', '22:00:00', 1, NULL, NULL),
(461, 66, 6, '09:00:00', '20:00:00', 0, NULL, NULL),
(462, 66, 7, '08:00:00', '20:00:00', 0, NULL, NULL),
(463, 67, 1, '08:00:00', '22:00:00', 1, NULL, NULL),
(464, 67, 2, '08:00:00', '20:00:00', 1, NULL, NULL),
(465, 67, 3, '08:00:00', '23:00:00', 1, NULL, NULL),
(466, 67, 4, '09:00:00', '21:00:00', 1, NULL, NULL),
(467, 67, 5, '09:00:00', '23:00:00', 1, NULL, NULL),
(468, 67, 6, '08:00:00', '21:00:00', 0, NULL, NULL),
(469, 67, 7, '09:00:00', '21:00:00', 0, NULL, NULL),
(470, 68, 1, '09:00:00', '23:00:00', 1, NULL, NULL),
(471, 68, 2, '08:00:00', '20:00:00', 1, NULL, NULL),
(472, 68, 3, '08:00:00', '21:00:00', 1, NULL, NULL),
(473, 68, 4, '08:00:00', '21:00:00', 1, NULL, NULL),
(474, 68, 5, '08:00:00', '23:00:00', 1, NULL, NULL),
(475, 68, 6, '09:00:00', '22:00:00', 0, NULL, NULL),
(476, 68, 7, '08:00:00', '21:00:00', 0, NULL, NULL),
(477, 69, 1, '09:00:00', '22:00:00', 1, NULL, NULL),
(478, 69, 2, '09:00:00', '21:00:00', 1, NULL, NULL),
(479, 69, 3, '09:00:00', '22:00:00', 1, NULL, NULL),
(480, 69, 4, '09:00:00', '23:00:00', 1, NULL, NULL),
(481, 69, 5, '09:00:00', '20:00:00', 1, NULL, NULL),
(482, 69, 6, '09:00:00', '20:00:00', 0, NULL, NULL),
(483, 69, 7, '08:00:00', '23:00:00', 0, NULL, NULL),
(484, 70, 1, '09:00:00', '21:00:00', 1, NULL, NULL),
(485, 70, 2, '08:00:00', '23:00:00', 1, NULL, NULL),
(486, 70, 3, '08:00:00', '20:00:00', 1, NULL, NULL),
(487, 70, 4, '09:00:00', '23:00:00', 1, NULL, NULL),
(488, 70, 5, '09:00:00', '22:00:00', 1, NULL, NULL),
(489, 70, 6, '09:00:00', '23:00:00', 0, NULL, NULL),
(490, 70, 7, '09:00:00', '21:00:00', 0, NULL, NULL),
(491, 71, 1, '09:00:00', '20:00:00', 1, NULL, NULL),
(492, 71, 2, '08:00:00', '20:00:00', 1, NULL, NULL),
(493, 71, 3, '09:00:00', '22:00:00', 1, NULL, NULL),
(494, 71, 4, '09:00:00', '21:00:00', 1, NULL, NULL),
(495, 71, 5, '08:00:00', '20:00:00', 1, NULL, NULL),
(496, 71, 6, '09:00:00', '21:00:00', 0, NULL, NULL),
(497, 71, 7, '08:00:00', '22:00:00', 0, NULL, NULL),
(498, 72, 1, '08:00:00', '22:00:00', 1, NULL, NULL),
(499, 72, 2, '09:00:00', '21:00:00', 1, NULL, NULL),
(500, 72, 3, '09:00:00', '21:00:00', 1, NULL, NULL),
(501, 72, 4, '08:00:00', '23:00:00', 1, NULL, NULL),
(502, 72, 5, '09:00:00', '22:00:00', 1, NULL, NULL),
(503, 72, 6, '09:00:00', '21:00:00', 0, NULL, NULL),
(504, 72, 7, '08:00:00', '22:00:00', 0, NULL, NULL),
(505, 73, 1, '09:00:00', '23:00:00', 1, NULL, NULL),
(506, 73, 2, '08:00:00', '23:00:00', 1, NULL, NULL),
(507, 73, 3, '08:00:00', '21:00:00', 1, NULL, NULL),
(508, 73, 4, '09:00:00', '23:00:00', 1, NULL, NULL),
(509, 73, 5, '09:00:00', '20:00:00', 1, NULL, NULL),
(510, 73, 6, '08:00:00', '23:00:00', 0, NULL, NULL),
(511, 73, 7, '09:00:00', '21:00:00', 0, NULL, NULL),
(512, 74, 1, '09:00:00', '21:00:00', 1, NULL, NULL),
(513, 74, 2, '08:00:00', '21:00:00', 1, NULL, NULL),
(514, 74, 3, '08:00:00', '20:00:00', 1, NULL, NULL),
(515, 74, 4, '08:00:00', '21:00:00', 1, NULL, NULL),
(516, 74, 5, '09:00:00', '21:00:00', 1, NULL, NULL),
(517, 74, 6, '09:00:00', '21:00:00', 0, NULL, NULL),
(518, 74, 7, '08:00:00', '20:00:00', 0, NULL, NULL),
(519, 75, 1, '08:00:00', '22:00:00', 1, NULL, NULL),
(520, 75, 2, '09:00:00', '20:00:00', 1, NULL, NULL),
(521, 75, 3, '08:00:00', '22:00:00', 1, NULL, NULL),
(522, 75, 4, '08:00:00', '21:00:00', 1, NULL, NULL),
(523, 75, 5, '08:00:00', '23:00:00', 1, NULL, NULL),
(524, 75, 6, '09:00:00', '23:00:00', 0, NULL, NULL),
(525, 75, 7, '08:00:00', '23:00:00', 0, NULL, NULL),
(526, 76, 1, '08:00:00', '23:00:00', 1, NULL, NULL),
(527, 76, 2, '09:00:00', '21:00:00', 1, NULL, NULL),
(528, 76, 3, '09:00:00', '23:00:00', 1, NULL, NULL),
(529, 76, 4, '08:00:00', '23:00:00', 1, NULL, NULL),
(530, 76, 5, '09:00:00', '23:00:00', 1, NULL, NULL),
(531, 76, 6, '08:00:00', '21:00:00', 0, NULL, NULL),
(532, 76, 7, '09:00:00', '23:00:00', 0, NULL, NULL),
(533, 77, 1, '08:00:00', '23:00:00', 1, NULL, NULL),
(534, 77, 2, '09:00:00', '21:00:00', 1, NULL, NULL),
(535, 77, 3, '08:00:00', '21:00:00', 1, NULL, NULL),
(536, 77, 4, '08:00:00', '20:00:00', 1, NULL, NULL),
(537, 77, 5, '09:00:00', '23:00:00', 1, NULL, NULL),
(538, 77, 6, '08:00:00', '22:00:00', 0, NULL, NULL),
(539, 77, 7, '08:00:00', '23:00:00', 0, NULL, NULL),
(540, 78, 1, '08:00:00', '22:00:00', 1, NULL, NULL),
(541, 78, 2, '09:00:00', '20:00:00', 1, NULL, NULL),
(542, 78, 3, '09:00:00', '22:00:00', 1, NULL, NULL),
(543, 78, 4, '08:00:00', '20:00:00', 1, NULL, NULL),
(544, 78, 5, '08:00:00', '21:00:00', 1, NULL, NULL),
(545, 78, 6, '08:00:00', '20:00:00', 0, NULL, NULL),
(546, 78, 7, '09:00:00', '21:00:00', 0, NULL, NULL),
(547, 79, 1, '08:00:00', '20:00:00', 1, NULL, NULL),
(548, 79, 2, '08:00:00', '20:00:00', 1, NULL, NULL),
(549, 79, 3, '09:00:00', '22:00:00', 1, NULL, NULL),
(550, 79, 4, '08:00:00', '23:00:00', 1, NULL, NULL),
(551, 79, 5, '09:00:00', '23:00:00', 1, NULL, NULL),
(552, 79, 6, '08:00:00', '22:00:00', 0, NULL, NULL),
(553, 79, 7, '08:00:00', '21:00:00', 0, NULL, NULL),
(554, 80, 1, '08:00:00', '21:00:00', 1, NULL, NULL),
(555, 80, 2, '08:00:00', '23:00:00', 1, NULL, NULL),
(556, 80, 3, '08:00:00', '22:00:00', 1, NULL, NULL),
(557, 80, 4, '09:00:00', '21:00:00', 1, NULL, NULL),
(558, 80, 5, '09:00:00', '21:00:00', 1, NULL, NULL),
(559, 80, 6, '08:00:00', '22:00:00', 0, NULL, NULL),
(560, 80, 7, '08:00:00', '21:00:00', 0, NULL, NULL),
(561, 81, 1, '09:00:00', '22:00:00', 1, NULL, NULL),
(562, 81, 2, '08:00:00', '22:00:00', 1, NULL, NULL),
(563, 81, 3, '09:00:00', '20:00:00', 1, NULL, NULL),
(564, 81, 4, '08:00:00', '22:00:00', 1, NULL, NULL),
(565, 81, 5, '08:00:00', '23:00:00', 1, NULL, NULL),
(566, 81, 6, '09:00:00', '23:00:00', 0, NULL, NULL),
(567, 81, 7, '09:00:00', '22:00:00', 0, NULL, NULL),
(568, 82, 1, '08:00:00', '21:00:00', 1, NULL, NULL),
(569, 82, 2, '09:00:00', '20:00:00', 1, NULL, NULL),
(570, 82, 3, '09:00:00', '23:00:00', 1, NULL, NULL),
(571, 82, 4, '09:00:00', '21:00:00', 1, NULL, NULL),
(572, 82, 5, '09:00:00', '22:00:00', 1, NULL, NULL),
(573, 82, 6, '08:00:00', '21:00:00', 0, NULL, NULL),
(574, 82, 7, '08:00:00', '23:00:00', 0, NULL, NULL),
(575, 83, 1, '09:00:00', '21:00:00', 1, NULL, NULL),
(576, 83, 2, '08:00:00', '22:00:00', 1, NULL, NULL),
(577, 83, 3, '08:00:00', '22:00:00', 1, NULL, NULL),
(578, 83, 4, '09:00:00', '21:00:00', 1, NULL, NULL),
(579, 83, 5, '08:00:00', '20:00:00', 1, NULL, NULL),
(580, 83, 6, '08:00:00', '20:00:00', 0, NULL, NULL),
(581, 83, 7, '08:00:00', '22:00:00', 0, NULL, NULL),
(582, 84, 1, '08:00:00', '20:00:00', 1, NULL, NULL),
(583, 84, 2, '09:00:00', '23:00:00', 1, NULL, NULL),
(584, 84, 3, '08:00:00', '21:00:00', 1, NULL, NULL),
(585, 84, 4, '08:00:00', '20:00:00', 1, NULL, NULL),
(586, 84, 5, '08:00:00', '20:00:00', 1, NULL, NULL),
(587, 84, 6, '09:00:00', '21:00:00', 0, NULL, NULL),
(588, 84, 7, '08:00:00', '20:00:00', 0, NULL, NULL),
(589, 85, 1, '09:00:00', '22:00:00', 1, NULL, NULL),
(590, 85, 2, '09:00:00', '20:00:00', 1, NULL, NULL),
(591, 85, 3, '08:00:00', '23:00:00', 1, NULL, NULL),
(592, 85, 4, '08:00:00', '23:00:00', 1, NULL, NULL),
(593, 85, 5, '08:00:00', '22:00:00', 1, NULL, NULL),
(594, 85, 6, '08:00:00', '22:00:00', 0, NULL, NULL),
(595, 85, 7, '09:00:00', '21:00:00', 0, NULL, NULL),
(596, 86, 1, '08:00:00', '22:00:00', 1, NULL, NULL),
(597, 86, 2, '08:00:00', '23:00:00', 1, NULL, NULL),
(598, 86, 3, '08:00:00', '21:00:00', 1, NULL, NULL),
(599, 86, 4, '08:00:00', '21:00:00', 1, NULL, NULL),
(600, 86, 5, '08:00:00', '23:00:00', 1, NULL, NULL),
(601, 86, 6, '08:00:00', '23:00:00', 0, NULL, NULL),
(602, 86, 7, '09:00:00', '21:00:00', 0, NULL, NULL),
(603, 87, 1, '08:00:00', '23:00:00', 1, NULL, NULL),
(604, 87, 2, '09:00:00', '20:00:00', 1, NULL, NULL),
(605, 87, 3, '08:00:00', '22:00:00', 1, NULL, NULL),
(606, 87, 4, '08:00:00', '22:00:00', 1, NULL, NULL),
(607, 87, 5, '08:00:00', '21:00:00', 1, NULL, NULL),
(608, 87, 6, '08:00:00', '22:00:00', 0, NULL, NULL),
(609, 87, 7, '09:00:00', '22:00:00', 0, NULL, NULL),
(610, 88, 1, '08:00:00', '22:00:00', 1, NULL, NULL),
(611, 88, 2, '09:00:00', '20:00:00', 1, NULL, NULL),
(612, 88, 3, '08:00:00', '21:00:00', 1, NULL, NULL),
(613, 88, 4, '08:00:00', '22:00:00', 1, NULL, NULL),
(614, 88, 5, '09:00:00', '22:00:00', 1, NULL, NULL),
(615, 88, 6, '08:00:00', '20:00:00', 0, NULL, NULL),
(616, 88, 7, '08:00:00', '23:00:00', 0, NULL, NULL),
(617, 89, 1, '08:00:00', '23:00:00', 1, NULL, NULL),
(618, 89, 2, '08:00:00', '23:00:00', 1, NULL, NULL),
(619, 89, 3, '09:00:00', '20:00:00', 1, NULL, NULL),
(620, 89, 4, '08:00:00', '22:00:00', 1, NULL, NULL),
(621, 89, 5, '09:00:00', '20:00:00', 1, NULL, NULL),
(622, 89, 6, '08:00:00', '20:00:00', 0, NULL, NULL),
(623, 89, 7, '08:00:00', '22:00:00', 0, NULL, NULL),
(624, 90, 1, '09:00:00', '21:00:00', 1, NULL, NULL),
(625, 90, 2, '09:00:00', '21:00:00', 1, NULL, NULL),
(626, 90, 3, '08:00:00', '20:00:00', 1, NULL, NULL),
(627, 90, 4, '09:00:00', '23:00:00', 1, NULL, NULL),
(628, 90, 5, '08:00:00', '23:00:00', 1, NULL, NULL),
(629, 90, 6, '08:00:00', '21:00:00', 0, NULL, NULL),
(630, 90, 7, '08:00:00', '21:00:00', 0, NULL, NULL),
(631, 91, 1, '09:00:00', '23:00:00', 1, NULL, NULL),
(632, 91, 2, '08:00:00', '22:00:00', 1, NULL, NULL),
(633, 91, 3, '09:00:00', '23:00:00', 1, NULL, NULL),
(634, 91, 4, '09:00:00', '22:00:00', 1, NULL, NULL),
(635, 91, 5, '09:00:00', '20:00:00', 1, NULL, NULL),
(636, 91, 6, '08:00:00', '23:00:00', 0, NULL, NULL),
(637, 91, 7, '08:00:00', '23:00:00', 0, NULL, NULL),
(638, 92, 1, '08:00:00', '22:00:00', 1, NULL, NULL),
(639, 92, 2, '09:00:00', '20:00:00', 1, NULL, NULL),
(640, 92, 3, '09:00:00', '22:00:00', 1, NULL, NULL),
(641, 92, 4, '09:00:00', '21:00:00', 1, NULL, NULL),
(642, 92, 5, '09:00:00', '22:00:00', 1, NULL, NULL),
(643, 92, 6, '08:00:00', '21:00:00', 0, NULL, NULL),
(644, 92, 7, '08:00:00', '23:00:00', 0, NULL, NULL),
(645, 93, 1, '09:00:00', '22:00:00', 1, NULL, NULL),
(646, 93, 2, '09:00:00', '20:00:00', 1, NULL, NULL),
(647, 93, 3, '08:00:00', '23:00:00', 1, NULL, NULL),
(648, 93, 4, '09:00:00', '23:00:00', 1, NULL, NULL),
(649, 93, 5, '09:00:00', '22:00:00', 1, NULL, NULL),
(650, 93, 6, '09:00:00', '23:00:00', 0, NULL, NULL),
(651, 93, 7, '08:00:00', '21:00:00', 0, NULL, NULL),
(652, 94, 1, '08:00:00', '20:00:00', 1, NULL, NULL),
(653, 94, 2, '08:00:00', '22:00:00', 1, NULL, NULL),
(654, 94, 3, '08:00:00', '22:00:00', 1, NULL, NULL),
(655, 94, 4, '08:00:00', '23:00:00', 1, NULL, NULL),
(656, 94, 5, '09:00:00', '20:00:00', 1, NULL, NULL),
(657, 94, 6, '09:00:00', '22:00:00', 0, NULL, NULL),
(658, 94, 7, '09:00:00', '23:00:00', 0, NULL, NULL),
(659, 95, 1, '08:00:00', '23:00:00', 1, NULL, NULL),
(660, 95, 2, '09:00:00', '22:00:00', 1, NULL, NULL),
(661, 95, 3, '08:00:00', '21:00:00', 1, NULL, NULL),
(662, 95, 4, '08:00:00', '23:00:00', 1, NULL, NULL),
(663, 95, 5, '08:00:00', '20:00:00', 1, NULL, NULL),
(664, 95, 6, '08:00:00', '22:00:00', 0, NULL, NULL),
(665, 95, 7, '08:00:00', '21:00:00', 0, NULL, NULL),
(666, 96, 1, '09:00:00', '23:00:00', 1, NULL, NULL),
(667, 96, 2, '08:00:00', '21:00:00', 1, NULL, NULL),
(668, 96, 3, '08:00:00', '21:00:00', 1, NULL, NULL),
(669, 96, 4, '08:00:00', '23:00:00', 1, NULL, NULL),
(670, 96, 5, '08:00:00', '20:00:00', 1, NULL, NULL),
(671, 96, 6, '08:00:00', '20:00:00', 0, NULL, NULL),
(672, 96, 7, '08:00:00', '20:00:00', 0, NULL, NULL),
(673, 97, 1, '09:00:00', '21:00:00', 1, NULL, NULL),
(674, 97, 2, '09:00:00', '20:00:00', 1, NULL, NULL),
(675, 97, 3, '09:00:00', '23:00:00', 1, NULL, NULL),
(676, 97, 4, '09:00:00', '22:00:00', 1, NULL, NULL),
(677, 97, 5, '08:00:00', '23:00:00', 1, NULL, NULL),
(678, 97, 6, '08:00:00', '22:00:00', 0, NULL, NULL),
(679, 97, 7, '09:00:00', '23:00:00', 0, NULL, NULL),
(680, 98, 1, '08:00:00', '22:00:00', 1, NULL, NULL),
(681, 98, 2, '09:00:00', '22:00:00', 1, NULL, NULL),
(682, 98, 3, '08:00:00', '21:00:00', 1, NULL, NULL),
(683, 98, 4, '08:00:00', '23:00:00', 1, NULL, NULL),
(684, 98, 5, '08:00:00', '23:00:00', 1, NULL, NULL),
(685, 98, 6, '08:00:00', '20:00:00', 0, NULL, NULL),
(686, 98, 7, '08:00:00', '21:00:00', 0, NULL, NULL),
(687, 99, 1, '09:00:00', '22:00:00', 1, NULL, NULL),
(688, 99, 2, '08:00:00', '23:00:00', 1, NULL, NULL),
(689, 99, 3, '08:00:00', '22:00:00', 1, NULL, NULL),
(690, 99, 4, '08:00:00', '20:00:00', 1, NULL, NULL),
(691, 99, 5, '08:00:00', '21:00:00', 1, NULL, NULL),
(692, 99, 6, '08:00:00', '21:00:00', 0, NULL, NULL),
(693, 99, 7, '08:00:00', '21:00:00', 0, NULL, NULL),
(694, 100, 1, '08:00:00', '23:00:00', 1, NULL, NULL),
(695, 100, 2, '09:00:00', '23:00:00', 1, NULL, NULL),
(696, 100, 3, '09:00:00', '23:00:00', 1, NULL, NULL),
(697, 100, 4, '08:00:00', '21:00:00', 1, NULL, NULL),
(698, 100, 5, '08:00:00', '23:00:00', 1, NULL, NULL),
(699, 100, 6, '08:00:00', '20:00:00', 0, NULL, NULL),
(700, 100, 7, '09:00:00', '20:00:00', 0, NULL, NULL);

-- --------------------------------------------------------

--
-- Table structure for table `rays`
--

CREATE TABLE `rays` (
  `id` bigint(20) UNSIGNED NOT NULL,
  `name` varchar(191) COLLATE utf8mb4_unicode_ci NOT NULL,
  `name_ar` varchar(191) COLLATE utf8mb4_unicode_ci DEFAULT NULL,
  `name_fr` varchar(191) COLLATE utf8mb4_unicode_ci DEFAULT NULL,
  `created_at` timestamp NULL DEFAULT NULL,
  `updated_at` timestamp NULL DEFAULT NULL
) ENGINE=InnoDB DEFAULT CHARSET=utf8mb4 COLLATE=utf8mb4_unicode_ci;

--
-- Dumping data for table `rays`
--

INSERT INTO `rays` (`id`, `name`, `name_ar`, `name_fr`, `created_at`, `updated_at`) VALUES
(1, 'ray1', 'ray1', 'ray1', NULL, NULL),
(2, 'ray2', 'ray2', 'ray2', NULL, NULL),
(3, 'ray3', 'ray3', 'ray3', NULL, NULL),
(4, 'ray4', 'ray4', 'ray4', NULL, NULL),
(5, 'ray5', 'ray5', 'ray5', NULL, NULL);

-- --------------------------------------------------------

--
-- Table structure for table `settings`
--

CREATE TABLE `settings` (
  `id` bigint(20) UNSIGNED NOT NULL,
  `option` varchar(191) COLLATE utf8mb4_unicode_ci DEFAULT NULL,
  `value` varchar(191) COLLATE utf8mb4_unicode_ci DEFAULT NULL,
  `created_at` timestamp NULL DEFAULT NULL,
  `updated_at` timestamp NULL DEFAULT NULL
) ENGINE=InnoDB DEFAULT CHARSET=utf8mb4 COLLATE=utf8mb4_unicode_ci;

--
-- Dumping data for table `settings`
--

INSERT INTO `settings` (`id`, `option`, `value`, `created_at`, `updated_at`) VALUES
(1, 'distance', '5', NULL, NULL),
(2, 'phone', '01123904214', NULL, NULL),
(3, 'max_reservation_for_patient', '2', NULL, NULL),
(4, 'max_pharmacy_order', '5', NULL, NULL),
(5, 'max_order_details', '10', NULL, NULL),
(6, 'max_lab_order', '2', NULL, NULL),
(7, 'max_radiology_order', '2', NULL, NULL);

-- --------------------------------------------------------

--
-- Table structure for table `specializations`
--

CREATE TABLE `specializations` (
  `id` bigint(20) UNSIGNED NOT NULL,
  `name` varchar(191) COLLATE utf8mb4_unicode_ci NOT NULL,
  `name_ar` varchar(191) COLLATE utf8mb4_unicode_ci DEFAULT NULL,
  `name_fr` varchar(191) COLLATE utf8mb4_unicode_ci DEFAULT NULL,
  `icon` varchar(191) COLLATE utf8mb4_unicode_ci NOT NULL DEFAULT 'doctor.png',
  `created_at` timestamp NULL DEFAULT NULL,
  `updated_at` timestamp NULL DEFAULT NULL
) ENGINE=InnoDB DEFAULT CHARSET=utf8mb4 COLLATE=utf8mb4_unicode_ci;

--
-- Dumping data for table `specializations`
--

INSERT INTO `specializations` (`id`, `name`, `name_ar`, `name_fr`, `icon`, `created_at`, `updated_at`) VALUES
(1, 'speciailization1', 'speciailization1', 'speciailization1', 'doctor.png', NULL, NULL),
(2, 'speciailization2', 'speciailization2', 'speciailization2', 'doctor.png', NULL, NULL),
(3, 'speciailization3', 'speciailization3', 'speciailization3', 'doctor.png', NULL, NULL),
(4, 'speciailization4', 'speciailization4', 'speciailization4', 'doctor.png', NULL, NULL),
(5, 'speciailization5', 'speciailization5', 'speciailization5', 'doctor.png', NULL, NULL);

-- --------------------------------------------------------

--
-- Table structure for table `users`
--

CREATE TABLE `users` (
  `id` bigint(20) UNSIGNED NOT NULL,
  `name` varchar(191) COLLATE utf8mb4_unicode_ci NOT NULL,
  `email` varchar(191) COLLATE utf8mb4_unicode_ci NOT NULL,
  `password` varchar(191) COLLATE utf8mb4_unicode_ci NOT NULL,
  `remember_token` varchar(100) COLLATE utf8mb4_unicode_ci DEFAULT NULL,
  `created_at` timestamp NULL DEFAULT NULL,
  `updated_at` timestamp NULL DEFAULT NULL
) ENGINE=InnoDB DEFAULT CHARSET=utf8mb4 COLLATE=utf8mb4_unicode_ci;

--
-- Dumping data for table `users`
--

INSERT INTO `users` (`id`, `name`, `email`, `password`, `remember_token`, `created_at`, `updated_at`) VALUES
(1, 'admin', 'admin@doctoraak.com', 'admin', NULL, NULL, NULL);

-- --------------------------------------------------------

--
-- Table structure for table `user_insurances`
--

CREATE TABLE `user_insurances` (
  `id` bigint(20) UNSIGNED NOT NULL,
  `name` varchar(191) COLLATE utf8mb4_unicode_ci NOT NULL,
  `name_ar` varchar(191) COLLATE utf8mb4_unicode_ci DEFAULT NULL,
  `name_fr` varchar(191) COLLATE utf8mb4_unicode_ci DEFAULT NULL,
  `email` varchar(191) COLLATE utf8mb4_unicode_ci NOT NULL,
  `password` varchar(191) COLLATE utf8mb4_unicode_ci NOT NULL,
  `insurance_id` int(11) NOT NULL,
  `created_at` timestamp NULL DEFAULT NULL,
  `updated_at` timestamp NULL DEFAULT NULL
) ENGINE=InnoDB DEFAULT CHARSET=utf8mb4 COLLATE=utf8mb4_unicode_ci;

--
-- Dumping data for table `user_insurances`
--

INSERT INTO `user_insurances` (`id`, `name`, `name_ar`, `name_fr`, `email`, `password`, `insurance_id`, `created_at`, `updated_at`) VALUES
(1, 'user_insurance1', NULL, NULL, 'user1@doctoraak.com', '123456', 2, NULL, NULL),
(2, 'user_insurance2', NULL, NULL, 'user2@doctoraak.com', '123456', 3, NULL, NULL),
(3, 'user_insurance3', NULL, NULL, 'user3@doctoraak.com', '123456', 3, NULL, NULL),
(4, 'user_insurance4', NULL, NULL, 'user4@doctoraak.com', '123456', 1, NULL, NULL),
(5, 'user_insurance5', NULL, NULL, 'user5@doctoraak.com', '123456', 2, NULL, NULL);

-- --------------------------------------------------------

--
-- Table structure for table `user_roles`
--

CREATE TABLE `user_roles` (
  `id` bigint(20) UNSIGNED NOT NULL,
  `user_id` int(11) NOT NULL,
  `role` int(11) NOT NULL,
  `created_at` timestamp NULL DEFAULT NULL,
  `updated_at` timestamp NULL DEFAULT NULL
) ENGINE=InnoDB DEFAULT CHARSET=utf8mb4 COLLATE=utf8mb4_unicode_ci;

--
-- Dumping data for table `user_roles`
--

INSERT INTO `user_roles` (`id`, `user_id`, `role`, `created_at`, `updated_at`) VALUES
(1, 1, 9, NULL, NULL);

-- --------------------------------------------------------

--
-- Table structure for table `view`
--

CREATE TABLE `view` (
  `id` bigint(20) UNSIGNED NOT NULL,
  `ip` varchar(191) COLLATE utf8mb4_unicode_ci NOT NULL,
  `lng` varchar(191) COLLATE utf8mb4_unicode_ci NOT NULL,
  `lat` varchar(191) COLLATE utf8mb4_unicode_ci NOT NULL,
  `date` date NOT NULL,
  `created_at` timestamp NULL DEFAULT NULL,
  `updated_at` timestamp NULL DEFAULT NULL
) ENGINE=InnoDB DEFAULT CHARSET=utf8mb4 COLLATE=utf8mb4_unicode_ci;

--
-- Dumping data for table `view`
--

INSERT INTO `view` (`id`, `ip`, `lng`, `lat`, `date`, `created_at`, `updated_at`) VALUES
(1, '16.50.78.214', '31.137937748430836', '29.996497494494257', '2019-10-23', '2019-10-30 00:32:02', '2019-10-30 00:32:02'),
(2, '101.4.227.236', '31.349283253090494', '30.007965402176854', '2019-10-17', '2019-10-30 00:32:02', '2019-10-30 00:32:02'),
(3, '37.73.132.163', '31.154403997252096', '29.95581678093581', '2019-10-20', '2019-10-30 00:32:03', '2019-10-30 00:32:03'),
(4, '52.131.191.230', '31.13753722798082', '29.991027729908478', '2019-10-10', '2019-10-30 00:32:03', '2019-10-30 00:32:03'),
(5, '98.135.45.69', '31.250594125495205', '30.03812907606398', '2019-10-05', '2019-10-30 00:32:03', '2019-10-30 00:32:03'),
(6, '110.111.183.76', '31.155730290296056', '29.998159938912366', '2019-10-07', '2019-10-30 00:32:03', '2019-10-30 00:32:03'),
(7, '22.135.248.169', '31.147430742880356', '30.010260255004635', '2019-10-04', '2019-10-30 00:32:03', '2019-10-30 00:32:03'),
(8, '128.116.33.246', '31.214943535957563', '30.00059672302581', '2019-10-10', '2019-10-30 00:32:03', '2019-10-30 00:32:03'),
(9, '90.209.3.97', '31.173533355344254', '29.962443619923643', '2019-10-25', '2019-10-30 00:32:04', '2019-10-30 00:32:04'),
(10, '115.209.10.46', '31.138405092557853', '30.035837157531745', '2019-10-27', '2019-10-30 00:32:04', '2019-10-30 00:32:04'),
(11, '81.160.166.13', '31.162002095608088', '29.94698509770798', '2019-10-07', '2019-10-30 00:32:04', '2019-10-30 00:32:04'),
(12, '175.205.160.157', '31.059224526525604', '30.01697213153185', '2019-10-24', '2019-10-30 00:32:04', '2019-10-30 00:32:04'),
(13, '37.25.28.195', '31.12810163334007', '29.966232036226145', '2019-10-24', '2019-10-30 00:32:04', '2019-10-30 00:32:04'),
(14, '52.44.186.228', '31.15447726065093', '29.994625629338856', '2019-10-10', '2019-10-30 00:32:04', '2019-10-30 00:32:04'),
(15, '1.30.253.123', '31.172410798078232', '30.002553700281585', '2019-10-06', '2019-10-30 00:32:04', '2019-10-30 00:32:04'),
(16, '173.126.114.152', '30.970428174476737', '29.88059848262401', '2019-10-18', '2019-10-30 00:32:04', '2019-10-30 00:32:04'),
(17, '171.125.90.213', '31.113166048342922', '30.06791654035474', '2019-10-07', '2019-10-30 00:32:04', '2019-10-30 00:32:04'),
(18, '207.246.58.180', '31.04683683307921', '29.849937421200558', '2019-10-03', '2019-10-30 00:32:04', '2019-10-30 00:32:04'),
(19, '178.229.132.254', '31.10735571888314', '29.963660243185505', '2019-10-26', '2019-10-30 00:32:04', '2019-10-30 00:32:04'),
(20, '7.218.35.93', '31.133642236257526', '29.907496072000107', '2019-10-10', '2019-10-30 00:32:05', '2019-10-30 00:32:05'),
(21, '94.84.116.126', '31.301643377000445', '29.993975046091318', '2019-10-14', '2019-10-30 00:32:05', '2019-10-30 00:32:05'),
(22, '109.207.138.107', '30.992063717726438', '29.95563778203153', '2019-10-18', '2019-10-30 00:32:05', '2019-10-30 00:32:05'),
(23, '152.135.5.84', '31.126485210715796', '30.082701212176616', '2019-10-17', '2019-10-30 00:32:05', '2019-10-30 00:32:05'),
(24, '133.238.139.12', '31.167085977073334', '29.98016119296674', '2019-10-18', '2019-10-30 00:32:05', '2019-10-30 00:32:05'),
(25, '42.244.63.23', '31.32520210131977', '30.024989942347577', '2019-10-21', '2019-10-30 00:32:05', '2019-10-30 00:32:05'),
(26, '167.215.167.106', '30.888241014551124', '30.056357599924333', '2019-10-29', '2019-10-30 00:32:05', '2019-10-30 00:32:05'),
(27, '46.226.43.109', '31.15789274269534', '29.99797343605793', '2019-10-22', '2019-10-30 00:32:05', '2019-10-30 00:32:05'),
(28, '89.43.170.92', '31.118893221749534', '30.021103958683543', '2019-10-12', '2019-10-30 00:32:05', '2019-10-30 00:32:05'),
(29, '207.246.218.228', '31.138270331821374', '30.00394297342191', '2019-10-11', '2019-10-30 00:32:05', '2019-10-30 00:32:05'),
(30, '183.8.255.157', '31.190116922283504', '30.074321089760584', '2019-10-12', '2019-10-30 00:32:05', '2019-10-30 00:32:05'),
(31, '96.143.235.28', '31.15013308075303', '29.817686080908974', '2019-10-21', '2019-10-30 00:32:05', '2019-10-30 00:32:05'),
(32, '108.38.149.30', '31.26498994369272', '29.951039652038624', '2019-10-02', '2019-10-30 00:32:05', '2019-10-30 00:32:05'),
(33, '155.170.135.246', '31.147727365639344', '29.98837074602495', '2019-10-20', '2019-10-30 00:32:05', '2019-10-30 00:32:05'),
(34, '188.91.198.156', '31.057188625791774', '29.85813902080995', '2019-10-09', '2019-10-30 00:32:06', '2019-10-30 00:32:06'),
(35, '198.184.19.162', '31.106172262713667', '29.98208267916437', '2019-10-04', '2019-10-30 00:32:06', '2019-10-30 00:32:06'),
(36, '51.171.210.129', '31.260962324583684', '30.083987562177978', '2019-10-25', '2019-10-30 00:32:06', '2019-10-30 00:32:06'),
(37, '59.177.54.85', '30.97179178801043', '30.094228397503066', '2019-10-13', '2019-10-30 00:32:06', '2019-10-30 00:32:06'),
(38, '123.212.45.230', '31.052712065358822', '30.090847951852652', '2019-10-02', '2019-10-30 00:32:06', '2019-10-30 00:32:06'),
(39, '63.4.27.142', '31.01530360731505', '29.952651722342', '2019-10-14', '2019-10-30 00:32:06', '2019-10-30 00:32:06'),
(40, '27.33.198.38', '31.17031309962615', '29.960630198272373', '2019-10-28', '2019-10-30 00:32:06', '2019-10-30 00:32:06'),
(41, '17.212.170.3', '31.22555155729278', '29.886066769011972', '2019-10-23', '2019-10-30 00:32:06', '2019-10-30 00:32:06'),
(42, '201.118.2.70', '31.134760599266347', '29.98629506727295', '2019-10-16', '2019-10-30 00:32:06', '2019-10-30 00:32:06'),
(43, '169.246.101.42', '31.2174924475479', '30.14781967487331', '2019-10-03', '2019-10-30 00:32:06', '2019-10-30 00:32:06'),
(44, '60.216.43.69', '31.19376429729544', '30.02318079347512', '2019-10-08', '2019-10-30 00:32:06', '2019-10-30 00:32:06'),
(45, '60.9.249.98', '31.088936214725813', '30.02644782758202', '2019-10-01', '2019-10-30 00:32:06', '2019-10-30 00:32:06'),
(46, '34.239.20.118', '31.178991718847698', '29.991148421605885', '2019-10-23', '2019-10-30 00:32:06', '2019-10-30 00:32:06'),
(47, '132.118.225.171', '31.218985394299967', '29.9941041304219', '2019-10-07', '2019-10-30 00:32:06', '2019-10-30 00:32:06'),
(48, '153.250.161.102', '31.119390372240368', '29.999322306154827', '2019-10-28', '2019-10-30 00:32:07', '2019-10-30 00:32:07'),
(49, '212.48.16.23', '31.128882289858232', '30.007495781800987', '2019-10-04', '2019-10-30 00:32:07', '2019-10-30 00:32:07'),
(50, '84.147.215.141', '31.031539432619198', '29.933967128701948', '2019-10-04', '2019-10-30 00:32:07', '2019-10-30 00:32:07'),
(51, '245.47.206.48', '31.14933808055849', '30.021839264366726', '2019-10-27', '2019-10-30 00:32:07', '2019-10-30 00:32:07'),
(52, '75.86.174.117', '31.163173659396477', '30.034289745827987', '2019-10-10', '2019-10-30 00:32:07', '2019-10-30 00:32:07'),
(53, '133.118.207.175', '31.172514509384815', '29.986105881394472', '2019-10-10', '2019-10-30 00:32:07', '2019-10-30 00:32:07'),
(54, '250.108.164.170', '31.15117894327441', '30.019561328303638', '2019-10-30', '2019-10-30 00:32:07', '2019-10-30 00:32:07'),
(55, '119.194.108.40', '31.081188978227786', '29.92391992906021', '2019-10-26', '2019-10-30 00:32:07', '2019-10-30 00:32:07'),
(56, '112.67.122.97', '31.162237695219574', '30.129644267363787', '2019-10-11', '2019-10-30 00:32:07', '2019-10-30 00:32:07'),
(57, '147.229.214.203', '31.14089117900109', '29.95568871315973', '2019-10-05', '2019-10-30 00:32:07', '2019-10-30 00:32:07'),
(58, '234.238.22.252', '31.03592021738649', '29.939552411553578', '2019-10-21', '2019-10-30 00:32:07', '2019-10-30 00:32:07'),
(59, '225.243.153.94', '31.15424019714679', '30.005874845739072', '2019-10-11', '2019-10-30 00:32:08', '2019-10-30 00:32:08'),
(60, '140.192.230.223', '31.072854877791563', '29.859867920189618', '2019-10-23', '2019-10-30 00:32:08', '2019-10-30 00:32:08'),
(61, '225.51.44.87', '31.136295995744717', '30.01092584738064', '2019-10-23', '2019-10-30 00:32:08', '2019-10-30 00:32:08'),
(62, '35.41.173.152', '31.023990802181366', '29.84479239226485', '2019-10-03', '2019-10-30 00:32:08', '2019-10-30 00:32:08'),
(63, '73.255.143.48', '31.178820260351493', '30.046997641458468', '2019-10-06', '2019-10-30 00:32:08', '2019-10-30 00:32:08'),
(64, '120.203.142.29', '31.266589773377333', '30.04434089136521', '2019-10-08', '2019-10-30 00:32:08', '2019-10-30 00:32:08'),
(65, '92.83.67.198', '31.14469629907765', '29.990281394233666', '2019-10-09', '2019-10-30 00:32:08', '2019-10-30 00:32:08'),
(66, '129.77.192.124', '31.164486631029476', '29.989477346631325', '2019-10-25', '2019-10-30 00:32:08', '2019-10-30 00:32:08'),
(67, '234.199.161.75', '31.161875911188446', '29.99292175328826', '2019-10-26', '2019-10-30 00:32:08', '2019-10-30 00:32:08'),
(68, '86.190.104.172', '31.180946790011756', '29.963723954129456', '2019-10-27', '2019-10-30 00:32:08', '2019-10-30 00:32:08'),
(69, '21.226.17.48', '31.19024907688825', '30.17083775286458', '2019-10-03', '2019-10-30 00:32:08', '2019-10-30 00:32:08'),
(70, '96.10.84.11', '31.167129018049703', '29.988475117404608', '2019-10-19', '2019-10-30 00:32:08', '2019-10-30 00:32:08'),
(71, '54.135.136.38', '31.095256726495943', '30.021960970006514', '2019-10-02', '2019-10-30 00:32:08', '2019-10-30 00:32:08'),
(72, '135.114.136.27', '31.013395317596157', '29.943815886125794', '2019-10-09', '2019-10-30 00:32:09', '2019-10-30 00:32:09'),
(73, '52.74.114.111', '30.943925116951554', '29.877742929863405', '2019-10-05', '2019-10-30 00:32:09', '2019-10-30 00:32:09'),
(74, '5.238.125.164', '31.206249188873013', '30.063210286785687', '2019-10-10', '2019-10-30 00:32:09', '2019-10-30 00:32:09'),
(75, '54.210.104.76', '31.15939644736525', '29.984059330717518', '2019-10-27', '2019-10-30 00:32:09', '2019-10-30 00:32:09'),
(76, '73.22.41.176', '31.18704284396381', '30.001335622800827', '2019-10-04', '2019-10-30 00:32:09', '2019-10-30 00:32:09'),
(77, '161.117.53.193', '31.280537965300642', '30.07088396387494', '2019-10-30', '2019-10-30 00:32:09', '2019-10-30 00:32:09'),
(78, '219.57.28.200', '31.15073466200537', '30.00052538189754', '2019-10-04', '2019-10-30 00:32:09', '2019-10-30 00:32:09'),
(79, '196.228.96.122', '31.03355272115067', '29.797959158498813', '2019-10-13', '2019-10-30 00:32:09', '2019-10-30 00:32:09'),
(80, '12.124.48.99', '31.213577286504137', '29.98717108991893', '2019-10-18', '2019-10-30 00:32:09', '2019-10-30 00:32:09'),
(81, '84.255.205.41', '31.151577211513438', '29.96835509467217', '2019-10-19', '2019-10-30 00:32:09', '2019-10-30 00:32:09'),
(82, '140.222.186.64', '31.111502961082255', '29.96415137701595', '2019-10-25', '2019-10-30 00:32:09', '2019-10-30 00:32:09'),
(83, '20.229.32.223', '31.09685809375017', '29.927512155958567', '2019-10-14', '2019-10-30 00:32:09', '2019-10-30 00:32:09'),
(84, '195.12.64.32', '31.240100458499004', '30.08276258426483', '2019-10-04', '2019-10-30 00:32:09', '2019-10-30 00:32:09'),
(85, '105.203.167.36', '31.262677588100512', '29.869466238539605', '2019-10-18', '2019-10-30 00:32:09', '2019-10-30 00:32:09'),
(86, '233.178.75.157', '31.133409607508103', '29.983625353663978', '2019-10-13', '2019-10-30 00:32:09', '2019-10-30 00:32:09'),
(87, '99.131.168.141', '31.12585718669331', '29.988078832942165', '2019-10-15', '2019-10-30 00:32:09', '2019-10-30 00:32:09'),
(88, '162.255.9.171', '31.166270378432316', '30.00213143755571', '2019-10-22', '2019-10-30 00:32:10', '2019-10-30 00:32:10'),
(89, '251.187.214.248', '30.99232298112653', '29.986961934329607', '2019-10-23', '2019-10-30 00:32:10', '2019-10-30 00:32:10'),
(90, '81.71.127.181', '31.13800362619391', '29.93397915373761', '2019-10-17', '2019-10-30 00:32:10', '2019-10-30 00:32:10'),
(91, '205.241.171.9', '31.020108846468354', '29.993338117903065', '2019-10-03', '2019-10-30 00:32:10', '2019-10-30 00:32:10'),
(92, '51.199.65.55', '31.236484455396706', '29.79805724076984', '2019-10-28', '2019-10-30 00:32:10', '2019-10-30 00:32:10'),
(93, '70.12.151.240', '31.150814348020194', '29.99459825657574', '2019-10-01', '2019-10-30 00:32:10', '2019-10-30 00:32:10'),
(94, '153.241.64.145', '31.216000463882953', '29.99790904413908', '2019-10-16', '2019-10-30 00:32:10', '2019-10-30 00:32:10'),
(95, '100.174.126.5', '31.260460618987675', '30.038929606104762', '2019-10-21', '2019-10-30 00:32:10', '2019-10-30 00:32:10'),
(96, '107.207.188.90', '31.268656191786185', '29.982083410806506', '2019-10-13', '2019-10-30 00:32:10', '2019-10-30 00:32:10'),
(97, '213.246.5.171', '31.064738960215543', '29.898878236417396', '2019-10-02', '2019-10-30 00:32:11', '2019-10-30 00:32:11'),
(98, '214.102.7.143', '31.279204207859532', '29.906507645119238', '2019-10-16', '2019-10-30 00:32:11', '2019-10-30 00:32:11'),
(99, '108.176.53.246', '31.197023695161246', '29.828565155153917', '2019-10-07', '2019-10-30 00:32:11', '2019-10-30 00:32:11'),
(100, '238.26.247.5', '31.14965233942338', '30.0346248483362', '2019-10-06', '2019-10-30 00:32:11', '2019-10-30 00:32:11');

--
-- Indexes for dumped tables
--

--
-- Indexes for table `analyses`
--
ALTER TABLE `analyses`
  ADD PRIMARY KEY (`id`);

--
-- Indexes for table `api_histories`
--
ALTER TABLE `api_histories`
  ADD PRIMARY KEY (`id`);

--
-- Indexes for table `areas`
--
ALTER TABLE `areas`
  ADD PRIMARY KEY (`id`);

--
-- Indexes for table `cities`
--
ALTER TABLE `cities`
  ADD PRIMARY KEY (`id`);

--
-- Indexes for table `clinics`
--
ALTER TABLE `clinics`
  ADD PRIMARY KEY (`id`);

--
-- Indexes for table `clinic_orders`
--
ALTER TABLE `clinic_orders`
  ADD PRIMARY KEY (`id`);

--
-- Indexes for table `clinic_working_hours`
--
ALTER TABLE `clinic_working_hours`
  ADD PRIMARY KEY (`id`);

--
-- Indexes for table `degrees`
--
ALTER TABLE `degrees`
  ADD PRIMARY KEY (`id`);

--
-- Indexes for table `doctors`
--
ALTER TABLE `doctors`
  ADD PRIMARY KEY (`id`),
  ADD UNIQUE KEY `doctors_phone_unique` (`phone`),
  ADD UNIQUE KEY `doctors_email_unique` (`email`);

--
-- Indexes for table `doctor_insurances`
--
ALTER TABLE `doctor_insurances`
  ADD PRIMARY KEY (`id`);

--
-- Indexes for table `failed_jobs`
--
ALTER TABLE `failed_jobs`
  ADD PRIMARY KEY (`id`);

--
-- Indexes for table `favourites`
--
ALTER TABLE `favourites`
  ADD PRIMARY KEY (`id`);

--
-- Indexes for table `icus`
--
ALTER TABLE `icus`
  ADD PRIMARY KEY (`id`);

--
-- Indexes for table `incubations`
--
ALTER TABLE `incubations`
  ADD PRIMARY KEY (`id`);

--
-- Indexes for table `insurances`
--
ALTER TABLE `insurances`
  ADD PRIMARY KEY (`id`);

--
-- Indexes for table `labs`
--
ALTER TABLE `labs`
  ADD PRIMARY KEY (`id`),
  ADD UNIQUE KEY `labs_email_unique` (`email`);

--
-- Indexes for table `lab_doctors`
--
ALTER TABLE `lab_doctors`
  ADD PRIMARY KEY (`id`),
  ADD UNIQUE KEY `lab_doctors_username_unique` (`username`);

--
-- Indexes for table `lab_insurances`
--
ALTER TABLE `lab_insurances`
  ADD PRIMARY KEY (`id`);

--
-- Indexes for table `lab_orders`
--
ALTER TABLE `lab_orders`
  ADD PRIMARY KEY (`id`);

--
-- Indexes for table `lab_order_details`
--
ALTER TABLE `lab_order_details`
  ADD PRIMARY KEY (`id`);

--
-- Indexes for table `lab_working_hours`
--
ALTER TABLE `lab_working_hours`
  ADD PRIMARY KEY (`id`);

--
-- Indexes for table `medicines`
--
ALTER TABLE `medicines`
  ADD PRIMARY KEY (`id`);

--
-- Indexes for table `medicine_types`
--
ALTER TABLE `medicine_types`
  ADD PRIMARY KEY (`id`);

--
-- Indexes for table `migrations`
--
ALTER TABLE `migrations`
  ADD PRIMARY KEY (`id`);

--
-- Indexes for table `notifications`
--
ALTER TABLE `notifications`
  ADD PRIMARY KEY (`id`);

--
-- Indexes for table `password_resets`
--
ALTER TABLE `password_resets`
  ADD KEY `password_resets_email_index` (`email`);

--
-- Indexes for table `patients`
--
ALTER TABLE `patients`
  ADD PRIMARY KEY (`id`),
  ADD UNIQUE KEY `patients_email_unique` (`email`);

--
-- Indexes for table `patient_blocks`
--
ALTER TABLE `patient_blocks`
  ADD PRIMARY KEY (`id`);

--
-- Indexes for table `patient_rates`
--
ALTER TABLE `patient_rates`
  ADD PRIMARY KEY (`id`);

--
-- Indexes for table `payments`
--
ALTER TABLE `payments`
  ADD PRIMARY KEY (`id`);

--
-- Indexes for table `pharmacies`
--
ALTER TABLE `pharmacies`
  ADD PRIMARY KEY (`id`),
  ADD UNIQUE KEY `pharmacies_email_unique` (`email`);

--
-- Indexes for table `pharmacy_doctors`
--
ALTER TABLE `pharmacy_doctors`
  ADD PRIMARY KEY (`id`),
  ADD UNIQUE KEY `pharmacy_doctors_username_unique` (`username`);

--
-- Indexes for table `pharmacy_insurances`
--
ALTER TABLE `pharmacy_insurances`
  ADD PRIMARY KEY (`id`);

--
-- Indexes for table `pharmacy_orders`
--
ALTER TABLE `pharmacy_orders`
  ADD PRIMARY KEY (`id`);

--
-- Indexes for table `pharmacy_order_details`
--
ALTER TABLE `pharmacy_order_details`
  ADD PRIMARY KEY (`id`);

--
-- Indexes for table `pharmacy_requests`
--
ALTER TABLE `pharmacy_requests`
  ADD PRIMARY KEY (`id`);

--
-- Indexes for table `pharmacy_working_hours`
--
ALTER TABLE `pharmacy_working_hours`
  ADD PRIMARY KEY (`id`);

--
-- Indexes for table `radiologies`
--
ALTER TABLE `radiologies`
  ADD PRIMARY KEY (`id`),
  ADD UNIQUE KEY `radiologies_email_unique` (`email`);

--
-- Indexes for table `radiology_doctors`
--
ALTER TABLE `radiology_doctors`
  ADD PRIMARY KEY (`id`),
  ADD UNIQUE KEY `radiology_doctors_username_unique` (`username`);

--
-- Indexes for table `radiology_insurances`
--
ALTER TABLE `radiology_insurances`
  ADD PRIMARY KEY (`id`);

--
-- Indexes for table `radiology_orders`
--
ALTER TABLE `radiology_orders`
  ADD PRIMARY KEY (`id`);

--
-- Indexes for table `radiology_order_details`
--
ALTER TABLE `radiology_order_details`
  ADD PRIMARY KEY (`id`);

--
-- Indexes for table `radiology_working_hours`
--
ALTER TABLE `radiology_working_hours`
  ADD PRIMARY KEY (`id`);

--
-- Indexes for table `rays`
--
ALTER TABLE `rays`
  ADD PRIMARY KEY (`id`);

--
-- Indexes for table `settings`
--
ALTER TABLE `settings`
  ADD PRIMARY KEY (`id`);

--
-- Indexes for table `specializations`
--
ALTER TABLE `specializations`
  ADD PRIMARY KEY (`id`);

--
-- Indexes for table `users`
--
ALTER TABLE `users`
  ADD PRIMARY KEY (`id`),
  ADD UNIQUE KEY `users_email_unique` (`email`);

--
-- Indexes for table `user_insurances`
--
ALTER TABLE `user_insurances`
  ADD PRIMARY KEY (`id`),
  ADD UNIQUE KEY `user_insurances_email_unique` (`email`);

--
-- Indexes for table `user_roles`
--
ALTER TABLE `user_roles`
  ADD PRIMARY KEY (`id`);

--
-- Indexes for table `view`
--
ALTER TABLE `view`
  ADD PRIMARY KEY (`id`);

--
-- AUTO_INCREMENT for dumped tables
--

--
-- AUTO_INCREMENT for table `analyses`
--
ALTER TABLE `analyses`
  MODIFY `id` bigint(20) UNSIGNED NOT NULL AUTO_INCREMENT, AUTO_INCREMENT=6;

--
-- AUTO_INCREMENT for table `api_histories`
--
ALTER TABLE `api_histories`
  MODIFY `id` bigint(20) UNSIGNED NOT NULL AUTO_INCREMENT;

--
-- AUTO_INCREMENT for table `areas`
--
ALTER TABLE `areas`
  MODIFY `id` bigint(20) UNSIGNED NOT NULL AUTO_INCREMENT, AUTO_INCREMENT=6;

--
-- AUTO_INCREMENT for table `cities`
--
ALTER TABLE `cities`
  MODIFY `id` bigint(20) UNSIGNED NOT NULL AUTO_INCREMENT, AUTO_INCREMENT=6;

--
-- AUTO_INCREMENT for table `clinics`
--
ALTER TABLE `clinics`
  MODIFY `id` bigint(20) UNSIGNED NOT NULL AUTO_INCREMENT, AUTO_INCREMENT=101;

--
-- AUTO_INCREMENT for table `clinic_orders`
--
ALTER TABLE `clinic_orders`
  MODIFY `id` bigint(20) UNSIGNED NOT NULL AUTO_INCREMENT;

--
-- AUTO_INCREMENT for table `clinic_working_hours`
--
ALTER TABLE `clinic_working_hours`
  MODIFY `id` bigint(20) UNSIGNED NOT NULL AUTO_INCREMENT, AUTO_INCREMENT=701;

--
-- AUTO_INCREMENT for table `degrees`
--
ALTER TABLE `degrees`
  MODIFY `id` bigint(20) UNSIGNED NOT NULL AUTO_INCREMENT, AUTO_INCREMENT=6;

--
-- AUTO_INCREMENT for table `doctors`
--
ALTER TABLE `doctors`
  MODIFY `id` bigint(20) UNSIGNED NOT NULL AUTO_INCREMENT, AUTO_INCREMENT=103;

--
-- AUTO_INCREMENT for table `doctor_insurances`
--
ALTER TABLE `doctor_insurances`
  MODIFY `id` bigint(20) UNSIGNED NOT NULL AUTO_INCREMENT, AUTO_INCREMENT=110;

--
-- AUTO_INCREMENT for table `failed_jobs`
--
ALTER TABLE `failed_jobs`
  MODIFY `id` bigint(20) UNSIGNED NOT NULL AUTO_INCREMENT;

--
-- AUTO_INCREMENT for table `favourites`
--
ALTER TABLE `favourites`
  MODIFY `id` bigint(20) UNSIGNED NOT NULL AUTO_INCREMENT;

--
-- AUTO_INCREMENT for table `icus`
--
ALTER TABLE `icus`
  MODIFY `id` bigint(20) UNSIGNED NOT NULL AUTO_INCREMENT, AUTO_INCREMENT=100;

--
-- AUTO_INCREMENT for table `incubations`
--
ALTER TABLE `incubations`
  MODIFY `id` bigint(20) UNSIGNED NOT NULL AUTO_INCREMENT, AUTO_INCREMENT=100;

--
-- AUTO_INCREMENT for table `insurances`
--
ALTER TABLE `insurances`
  MODIFY `id` bigint(20) UNSIGNED NOT NULL AUTO_INCREMENT, AUTO_INCREMENT=6;

--
-- AUTO_INCREMENT for table `labs`
--
ALTER TABLE `labs`
  MODIFY `id` bigint(20) UNSIGNED NOT NULL AUTO_INCREMENT, AUTO_INCREMENT=101;

--
-- AUTO_INCREMENT for table `lab_doctors`
--
ALTER TABLE `lab_doctors`
  MODIFY `id` bigint(20) UNSIGNED NOT NULL AUTO_INCREMENT, AUTO_INCREMENT=6;

--
-- AUTO_INCREMENT for table `lab_insurances`
--
ALTER TABLE `lab_insurances`
  MODIFY `id` bigint(20) UNSIGNED NOT NULL AUTO_INCREMENT, AUTO_INCREMENT=101;

--
-- AUTO_INCREMENT for table `lab_orders`
--
ALTER TABLE `lab_orders`
  MODIFY `id` bigint(20) UNSIGNED NOT NULL AUTO_INCREMENT, AUTO_INCREMENT=4;

--
-- AUTO_INCREMENT for table `lab_order_details`
--
ALTER TABLE `lab_order_details`
  MODIFY `id` bigint(20) UNSIGNED NOT NULL AUTO_INCREMENT, AUTO_INCREMENT=28;

--
-- AUTO_INCREMENT for table `lab_working_hours`
--
ALTER TABLE `lab_working_hours`
  MODIFY `id` bigint(20) UNSIGNED NOT NULL AUTO_INCREMENT, AUTO_INCREMENT=701;

--
-- AUTO_INCREMENT for table `medicines`
--
ALTER TABLE `medicines`
  MODIFY `id` bigint(20) UNSIGNED NOT NULL AUTO_INCREMENT, AUTO_INCREMENT=6;

--
-- AUTO_INCREMENT for table `medicine_types`
--
ALTER TABLE `medicine_types`
  MODIFY `id` bigint(20) UNSIGNED NOT NULL AUTO_INCREMENT, AUTO_INCREMENT=6;

--
-- AUTO_INCREMENT for table `migrations`
--
ALTER TABLE `migrations`
  MODIFY `id` int(10) UNSIGNED NOT NULL AUTO_INCREMENT, AUTO_INCREMENT=50;

--
-- AUTO_INCREMENT for table `notifications`
--
ALTER TABLE `notifications`
  MODIFY `id` bigint(20) UNSIGNED NOT NULL AUTO_INCREMENT;

--
-- AUTO_INCREMENT for table `patients`
--
ALTER TABLE `patients`
  MODIFY `id` bigint(20) UNSIGNED NOT NULL AUTO_INCREMENT, AUTO_INCREMENT=101;

--
-- AUTO_INCREMENT for table `patient_blocks`
--
ALTER TABLE `patient_blocks`
  MODIFY `id` bigint(20) UNSIGNED NOT NULL AUTO_INCREMENT;

--
-- AUTO_INCREMENT for table `patient_rates`
--
ALTER TABLE `patient_rates`
  MODIFY `id` bigint(20) UNSIGNED NOT NULL AUTO_INCREMENT;

--
-- AUTO_INCREMENT for table `payments`
--
ALTER TABLE `payments`
  MODIFY `id` bigint(20) UNSIGNED NOT NULL AUTO_INCREMENT;

--
-- AUTO_INCREMENT for table `pharmacies`
--
ALTER TABLE `pharmacies`
  MODIFY `id` bigint(20) UNSIGNED NOT NULL AUTO_INCREMENT, AUTO_INCREMENT=101;

--
-- AUTO_INCREMENT for table `pharmacy_doctors`
--
ALTER TABLE `pharmacy_doctors`
  MODIFY `id` bigint(20) UNSIGNED NOT NULL AUTO_INCREMENT, AUTO_INCREMENT=6;

--
-- AUTO_INCREMENT for table `pharmacy_insurances`
--
ALTER TABLE `pharmacy_insurances`
  MODIFY `id` bigint(20) UNSIGNED NOT NULL AUTO_INCREMENT, AUTO_INCREMENT=101;

--
-- AUTO_INCREMENT for table `pharmacy_orders`
--
ALTER TABLE `pharmacy_orders`
  MODIFY `id` bigint(20) UNSIGNED NOT NULL AUTO_INCREMENT, AUTO_INCREMENT=6;

--
-- AUTO_INCREMENT for table `pharmacy_order_details`
--
ALTER TABLE `pharmacy_order_details`
  MODIFY `id` bigint(20) UNSIGNED NOT NULL AUTO_INCREMENT, AUTO_INCREMENT=51;

--
-- AUTO_INCREMENT for table `pharmacy_requests`
--
ALTER TABLE `pharmacy_requests`
  MODIFY `id` bigint(20) UNSIGNED NOT NULL AUTO_INCREMENT, AUTO_INCREMENT=6;

--
-- AUTO_INCREMENT for table `pharmacy_working_hours`
--
ALTER TABLE `pharmacy_working_hours`
  MODIFY `id` bigint(20) UNSIGNED NOT NULL AUTO_INCREMENT, AUTO_INCREMENT=701;

--
-- AUTO_INCREMENT for table `radiologies`
--
ALTER TABLE `radiologies`
  MODIFY `id` bigint(20) UNSIGNED NOT NULL AUTO_INCREMENT, AUTO_INCREMENT=101;

--
-- AUTO_INCREMENT for table `radiology_doctors`
--
ALTER TABLE `radiology_doctors`
  MODIFY `id` bigint(20) UNSIGNED NOT NULL AUTO_INCREMENT, AUTO_INCREMENT=6;

--
-- AUTO_INCREMENT for table `radiology_insurances`
--
ALTER TABLE `radiology_insurances`
  MODIFY `id` bigint(20) UNSIGNED NOT NULL AUTO_INCREMENT, AUTO_INCREMENT=101;

--
-- AUTO_INCREMENT for table `radiology_orders`
--
ALTER TABLE `radiology_orders`
  MODIFY `id` bigint(20) UNSIGNED NOT NULL AUTO_INCREMENT, AUTO_INCREMENT=3;

--
-- AUTO_INCREMENT for table `radiology_order_details`
--
ALTER TABLE `radiology_order_details`
  MODIFY `id` bigint(20) UNSIGNED NOT NULL AUTO_INCREMENT, AUTO_INCREMENT=21;

--
-- AUTO_INCREMENT for table `radiology_working_hours`
--
ALTER TABLE `radiology_working_hours`
  MODIFY `id` bigint(20) UNSIGNED NOT NULL AUTO_INCREMENT, AUTO_INCREMENT=701;

--
-- AUTO_INCREMENT for table `rays`
--
ALTER TABLE `rays`
  MODIFY `id` bigint(20) UNSIGNED NOT NULL AUTO_INCREMENT, AUTO_INCREMENT=6;

--
-- AUTO_INCREMENT for table `settings`
--
ALTER TABLE `settings`
  MODIFY `id` bigint(20) UNSIGNED NOT NULL AUTO_INCREMENT, AUTO_INCREMENT=8;

--
-- AUTO_INCREMENT for table `specializations`
--
ALTER TABLE `specializations`
  MODIFY `id` bigint(20) UNSIGNED NOT NULL AUTO_INCREMENT, AUTO_INCREMENT=6;

--
-- AUTO_INCREMENT for table `users`
--
ALTER TABLE `users`
  MODIFY `id` bigint(20) UNSIGNED NOT NULL AUTO_INCREMENT, AUTO_INCREMENT=2;

--
-- AUTO_INCREMENT for table `user_insurances`
--
ALTER TABLE `user_insurances`
  MODIFY `id` bigint(20) UNSIGNED NOT NULL AUTO_INCREMENT, AUTO_INCREMENT=6;

--
-- AUTO_INCREMENT for table `user_roles`
--
ALTER TABLE `user_roles`
  MODIFY `id` bigint(20) UNSIGNED NOT NULL AUTO_INCREMENT, AUTO_INCREMENT=2;

--
-- AUTO_INCREMENT for table `view`
--
ALTER TABLE `view`
  MODIFY `id` bigint(20) UNSIGNED NOT NULL AUTO_INCREMENT, AUTO_INCREMENT=101;
COMMIT;

/*!40101 SET CHARACTER_SET_CLIENT=@OLD_CHARACTER_SET_CLIENT */;
/*!40101 SET CHARACTER_SET_RESULTS=@OLD_CHARACTER_SET_RESULTS */;
/*!40101 SET COLLATION_CONNECTION=@OLD_COLLATION_CONNECTION */;
